Date Time,Water Level,Sigma,O or I (for verified),F,R,L,Quality
2026-03-21 0:00,0.712,0.008,0,0,0,0,v
2026-03-21 0:06,0.771,0.008,0,0,0,0,v
2026-03-21 0:12,0.82,0.008,0,0,0,0,v
2026-03-21 0:18,0.873,0.008,0,0,0,0,v
2026-03-21 0:24,0.919,0.008,0,0,0,0,v
2026-03-21 0:30,0.967,0.008,0,0,0,0,v
2026-03-21 0:36,1.009,0.008,0,0,0,0,v
2026-03-21 0:42,1.05,0.008,0,0,0,0,v
2026-03-21 0:48,1.09,0.008,0,0,0,0,v
2026-03-21 0:54,1.124,0.008,0,0,0,0,v
2026-03-21 1:00,1.16,0.008,0,0,0,0,v
2026-03-21 1:06,1.193,0.008,0,0,0,0,v
2026-03-21 1:12,1.225,0.008,0,0,0,0,v
2026-03-21 1:18,1.256,0.008,0,0,0,0,v
2026-03-21 1:24,1.284,0.008,0,0,0,0,v
2026-03-21 1:30,1.308,0.008,0,0,0,0,v
2026-03-21 1:36,1.33,0.008,0,0,0,0,v
2026-03-21 1:42,1.353,0.008,0,0,0,0,v
2026-03-21 1:48,1.376,0.008,0,0,0,0,v
2026-03-21 1:54,1.397,0.008,0,0,0,0,v
2026-03-21 2:00,1.417,0.008,0,0,0,0,v
2026-03-21 2:06,1.435,0.008,0,0,0,0,v
2026-03-21 2:12,1.45,0.008,0,0,0,0,v
2026-03-21 2:18,1.467,0.008,0,0,0,0,v
2026-03-21 2:24,1.484,0.008,0,0,0,0,v
2026-03-21 2:30,1.5,0.008,0,0,0,0,v
2026-03-21 2:36,1.516,0.008,0,0,0,0,v
2026-03-21 2:42,1.532,0.008,0,0,0,0,v
2026-03-21 2:48,1.546,0.008,0,0,0,0,v
2026-03-21 2:54,1.56,0.008,0,0,0,0,v
2026-03-21 3:00,1.572,0.008,0,0,0,0,v
2026-03-21 3:06,1.583,0.008,0,0,0,0,v
2026-03-21 3:12,1.592,0.008,0,0,0,0,v
2026-03-21 3:18,1.6,0.008,0,0,0,0,v
2026-03-21 3:24,1.607,0.008,0,0,0,0,v
2026-03-21 3:30,1.614,0.008,0,0,0,0,v
2026-03-21 3:36,1.62,0.008,0,0,0,0,v
2026-03-21 3:42,1.624,0.008,0,0,0,0,v
2026-03-21 3:48,1.625,0.008,0,0,0,0,v
2026-03-21 3:54,1.627,0.008,0,0,0,0,v
2026-03-21 4:00,1.625,0.008,0,0,0,0,v
2026-03-21 4:06,1.623,0.008,0,0,0,0,v
2026-03-21 4:12,1.618,0.008,0,0,0,0,v
2026-03-21 4:18,1.61,0.008,0,0,0,0,v
2026-03-21 4:24,1.6,0.008,0,0,0,0,v
2026-03-21 4:30,1.587,0.008,0,0,0,0,v
2026-03-21 4:36,1.57,0.008,0,0,0,0,v
2026-03-21 4:42,1.55,0.008,0,0,0,0,v
2026-03-21 4:48,1.53,0.008,0,0,0,0,v
2026-03-21 4:54,1.506,0.008,0,0,0,0,v
2026-03-21 5:00,1.482,0.008,0,0,0,0,v
2026-03-21 5:06,1.458,0.008,0,0,0,0,v
2026-03-21 5:12,1.431,0.008,0,0,0,0,v
2026-03-21 5:18,1.406,0.008,0,0,0,0,v
2026-03-21 5:24,1.382,0.008,0,0,0,0,v
2026-03-21 5:30,1.353,0.008,0,0,0,0,v
2026-03-21 5:36,1.322,0.008,0,0,0,0,v
2026-03-21 5:42,1.288,0.008,0,0,0,0,v
2026-03-21 5:48,1.255,0.008,0,0,0,0,v
2026-03-21 5:54,1.22,0.008,0,0,0,0,v
2026-03-21 6:00,1.194,0.008,0,0,0,0,v
2026-03-21 6:06,1.153,0.008,0,0,0,0,v
2026-03-21 6:12,1.119,0.008,0,0,0,0,v
2026-03-21 6:18,1.093,0.008,0,0,0,0,v
2026-03-21 6:24,1.052,0.008,0,0,0,0,v
2026-03-21 6:30,1.022,0.008,0,0,0,0,v
2026-03-21 6:36,0.979,0.008,0,0,0,0,v
2026-03-21 6:42,0.955,0.008,0,0,0,0,v
2026-03-21 6:48,0.919,0.008,0,0,0,0,v
2026-03-21 6:54,0.892,0.008,0,0,0,0,v
2026-03-21 7:00,0.853,0.008,0,0,0,0,v
2026-03-21 7:06,0.827,0.008,0,0,0,0,v
2026-03-21 7:12,0.791,0.008,0,0,0,0,v
2026-03-21 7:18,0.766,0.008,0,0,0,0,v
2026-03-21 7:24,0.734,0.008,0,0,0,0,v
2026-03-21 7:30,0.703,0.008,0,0,0,0,v
2026-03-21 7:36,0.671,0.008,0,0,0,0,v
2026-03-21 7:42,0.644,0.008,0,0,0,0,v
2026-03-21 7:48,0.615,0.008,0,0,0,0,v
2026-03-21 7:54,0.586,0.008,0,0,0,0,v
2026-03-21 8:00,0.556,0.008,0,0,0,0,v
2026-03-21 8:06,0.531,0.008,0,0,0,0,v
2026-03-21 8:12,0.495,0.008,0,0,0,0,v
2026-03-21 8:18,0.472,0.008,0,0,0,0,v
2026-03-21 8:24,0.441,0.008,0,0,0,0,v
2026-03-21 8:30,0.41,0.008,0,0,0,0,v
2026-03-21 8:36,0.386,0.008,0,0,0,0,v
2026-03-21 8:42,0.36,0.008,0,0,0,0,v
2026-03-21 8:48,0.334,0.008,0,0,0,0,v
2026-03-21 8:54,0.301,0.008,0,0,0,0,v
2026-03-21 9:00,0.27,0.008,0,0,0,0,v
2026-03-21 9:06,0.249,0.008,0,0,0,0,v
2026-03-21 9:12,0.224,0.008,0,0,0,0,v
2026-03-21 9:18,0.207,0.008,0,0,0,0,v
2026-03-21 9:24,0.181,0.008,0,0,0,0,v
2026-03-21 9:30,0.161,0.008,0,0,0,0,v
2026-03-21 9:36,0.139,0.008,0,0,0,0,v
2026-03-21 9:42,0.115,0.008,0,0,0,0,v
2026-03-21 9:48,0.096,0.008,0,0,0,0,v
2026-03-21 9:54,0.075,0.008,0,0,0,0,v
2026-03-21 10:00,0.062,0.008,0,0,0,0,v
2026-03-21 10:06,0.046,0.008,0,0,0,0,v
2026-03-21 10:12,0.034,0.008,0,0,0,0,v
2026-03-21 10:18,0.017,0.008,0,0,0,0,v
2026-03-21 10:24,0.004,0.008,0,0,0,0,v
2026-03-21 10:30,-0.004,0.008,0,0,0,0,v
2026-03-21 10:36,-0.01,0.008,0,0,0,0,v
2026-03-21 10:42,-0.016,0.008,0,0,0,0,v
2026-03-21 10:48,-0.016,0.008,0,0,0,0,v
2026-03-21 10:54,-0.013,0.008,0,0,0,0,v
2026-03-21 11:00,-0.003,0.008,0,0,0,0,v
2026-03-21 11:06,0.008,0.008,0,0,0,0,v
2026-03-21 11:12,0.026,0.008,0,0,0,0,v
2026-03-21 11:18,0.051,0.008,0,0,0,0,v
2026-03-21 11:24,0.082,0.008,0,0,0,0,v
2026-03-21 11:30,0.118,0.008,0,0,0,0,v
2026-03-21 11:36,0.158,0.008,0,0,0,0,v
2026-03-21 11:42,0.2,0.008,0,0,0,0,v
2026-03-21 11:48,0.243,0.008,0,0,0,0,v
2026-03-21 11:54,0.292,0.008,0,0,0,0,v
2026-03-21 12:00,0.34,0.008,0,0,0,0,v
2026-03-21 12:06,0.392,0.008,0,0,0,0,v
2026-03-21 12:12,0.448,0.008,0,0,0,0,v
2026-03-21 12:18,0.504,0.008,0,0,0,0,v
2026-03-21 12:24,0.56,0.008,0,0,0,0,v
2026-03-21 12:30,0.616,0.008,0,0,0,0,v
2026-03-21 12:36,0.668,0.008,0,0,0,0,v
2026-03-21 12:42,0.719,0.008,0,0,0,0,v
2026-03-21 12:48,0.769,0.008,0,0,0,0,v
2026-03-21 12:54,0.817,0.008,0,0,0,0,v
2026-03-21 13:00,0.864,0.008,0,0,0,0,v
2026-03-21 13:06,0.909,0.008,0,0,0,0,v
2026-03-21 13:12,0.951,0.008,0,0,0,0,v
2026-03-21 13:18,0.99,0.008,0,0,0,0,v
2026-03-21 13:24,1.025,0.008,0,0,0,0,v
2026-03-21 13:30,1.058,0.008,0,0,0,0,v
2026-03-21 13:36,1.089,0.008,0,0,0,0,v
2026-03-21 13:42,1.12,0.008,0,0,0,0,v
2026-03-21 13:48,1.147,0.008,0,0,0,0,v
2026-03-21 13:54,1.172,0.008,0,0,0,0,v
2026-03-21 14:00,1.195,0.008,0,0,0,0,v
2026-03-21 14:06,1.217,0.008,0,0,0,0,v
2026-03-21 14:12,1.236,0.008,0,0,0,0,v
2026-03-21 14:18,1.255,0.008,0,0,0,0,v
2026-03-21 14:24,1.273,0.008,0,0,0,0,v
2026-03-21 14:30,1.291,0.008,0,0,0,0,v
2026-03-21 14:36,1.308,0.008,0,0,0,0,v
2026-03-21 14:42,1.322,0.008,0,0,0,0,v
2026-03-21 14:48,1.336,0.008,0,0,0,0,v
2026-03-21 14:54,1.349,0.008,0,0,0,0,v
2026-03-21 15:00,1.362,0.008,0,0,0,0,v
2026-03-21 15:06,1.374,0.008,0,0,0,0,v
2026-03-21 15:12,1.384,0.008,0,0,0,0,v
2026-03-21 15:18,1.395,0.008,0,0,0,0,v
2026-03-21 15:24,1.4,0.008,0,0,0,0,v
2026-03-21 15:30,1.41,0.008,0,0,0,0,v
2026-03-21 15:36,1.417,0.008,0,0,0,0,v
2026-03-21 15:42,1.426,0.008,0,0,0,0,v
2026-03-21 15:48,1.43,0.008,0,0,0,0,v
2026-03-21 15:54,1.433,0.008,0,0,0,0,v
2026-03-21 16:00,1.432,0.008,0,0,0,0,v
2026-03-21 16:06,1.434,0.008,0,0,0,0,v
2026-03-21 16:12,1.434,0.008,0,0,0,0,v
2026-03-21 16:18,1.432,0.008,0,0,0,0,v
2026-03-21 16:24,1.428,0.008,0,0,0,0,v
2026-03-21 16:30,1.421,0.008,0,0,0,0,v
2026-03-21 16:36,1.41,0.008,0,0,0,0,v
2026-03-21 16:42,1.399,0.008,0,0,0,0,v
2026-03-21 16:48,1.389,0.008,0,0,0,0,v
2026-03-21 16:54,1.373,0.008,0,0,0,0,v
2026-03-21 17:00,1.357,0.008,0,0,0,0,v
2026-03-21 17:06,1.336,0.008,0,0,0,0,v
2026-03-21 17:12,1.31,0.008,0,0,0,0,v
2026-03-21 17:18,1.286,0.008,0,0,0,0,v
2026-03-21 17:24,1.26,0.008,0,0,0,0,v
2026-03-21 17:30,1.228,0.008,0,0,0,0,v
2026-03-21 17:36,1.2,0.008,0,0,0,0,v
2026-03-21 17:42,1.172,0.008,0,0,0,0,v
2026-03-21 17:48,1.136,0.008,0,0,0,0,v
2026-03-21 17:54,1.102,0.008,0,0,0,0,v
2026-03-21 18:00,1.07,0.008,0,0,0,0,v
2026-03-21 18:06,1.043,0.008,0,0,0,0,v
2026-03-21 18:12,1.005,0.008,0,0,0,0,v
2026-03-21 18:18,0.967,0.008,0,0,0,0,v
2026-03-21 18:24,0.93,0.008,0,0,0,0,v
2026-03-21 18:30,0.893,0.008,0,0,0,0,v
2026-03-21 18:36,0.858,0.008,0,0,0,0,v
2026-03-21 18:42,0.826,0.008,0,0,0,0,v
2026-03-21 18:48,0.792,0.008,0,0,0,0,v
2026-03-21 18:54,0.761,0.008,0,0,0,0,v
2026-03-21 19:00,0.728,0.008,0,0,0,0,v
2026-03-21 19:06,0.696,0.008,0,0,0,0,v
2026-03-21 19:12,0.66,0.008,0,0,0,0,v
2026-03-21 19:18,0.629,0.008,0,0,0,0,v
2026-03-21 19:24,0.595,0.008,0,0,0,0,v
2026-03-21 19:30,0.567,0.008,0,0,0,0,v
2026-03-21 19:36,0.534,0.008,0,0,0,0,v
2026-03-21 19:42,0.507,0.008,0,0,0,0,v
2026-03-21 19:48,0.48,0.008,0,0,0,0,v
2026-03-21 19:54,0.448,0.008,0,0,0,0,v
2026-03-21 20:00,0.42,0.008,0,0,0,0,v
2026-03-21 20:06,0.391,0.008,0,0,0,0,v
2026-03-21 20:12,0.361,0.008,0,0,0,0,v
2026-03-21 20:18,0.335,0.008,0,0,0,0,v
2026-03-21 20:24,0.308,0.008,0,0,0,0,v
2026-03-21 20:30,0.287,0.008,0,0,0,0,v
2026-03-21 20:36,0.262,0.008,0,0,0,0,v
2026-03-21 20:42,0.236,0.008,0,0,0,0,v
2026-03-21 20:48,0.211,0.008,0,0,0,0,v
2026-03-21 20:54,0.189,0.008,0,0,0,0,v
2026-03-21 21:00,0.166,0.008,0,0,0,0,v
2026-03-21 21:06,0.143,0.008,0,0,0,0,v
2026-03-21 21:12,0.123,0.008,0,0,0,0,v
2026-03-21 21:18,0.098,0.008,0,0,0,0,v
2026-03-21 21:24,0.073,0.008,0,0,0,0,v
2026-03-21 21:30,0.052,0.008,0,0,0,0,v
2026-03-21 21:36,0.03,0.008,0,0,0,0,v
2026-03-21 21:42,0.015,0.008,0,0,0,0,v
2026-03-21 21:48,-0.003,0.008,0,0,0,0,v
2026-03-21 21:54,-0.022,0.008,0,0,0,0,v
2026-03-21 22:00,-0.038,0.008,0,0,0,0,v
2026-03-21 22:06,-0.051,0.008,0,0,0,0,v
2026-03-21 22:12,-0.06,0.008,0,0,0,0,v
2026-03-21 22:18,-0.065,0.008,0,0,0,0,v
2026-03-21 22:24,-0.107,0.008,0,0,0,0,v
2026-03-21 22:30,-0.118,0.008,0,0,0,0,v
2026-03-21 22:36,-0.119,0.008,0,0,0,0,v
2026-03-21 22:42,-0.136,0.008,0,0,0,0,v
2026-03-21 22:48,-0.136,0.008,0,0,0,0,v
2026-03-21 22:54,-0.129,0.008,0,0,0,0,v
2026-03-21 23:00,-0.124,0.008,0,0,0,0,v
2026-03-21 23:06,-0.116,0.008,0,0,0,0,v
2026-03-21 23:12,-0.105,0.008,0,0,0,0,v
2026-03-21 23:18,-0.081,0.008,0,0,0,0,v
2026-03-21 23:24,-0.051,0.008,0,0,0,0,v
2026-03-21 23:30,-0.014,0.008,0,0,0,0,v
2026-03-21 23:36,0.03,0.008,0,0,0,0,v
2026-03-21 23:42,0.079,0.008,0,0,0,0,v
2026-03-21 23:48,0.135,0.008,0,0,0,0,v
2026-03-21 23:54,0.197,0.008,0,0,0,0,v
2026-03-22 0:00,0.257,0.008,0,0,0,0,v
2026-03-22 0:06,0.319,0.008,0,0,0,0,v
2026-03-22 0:12,0.382,0.008,0,0,0,0,v
2026-03-22 0:18,0.445,0.008,0,0,0,0,v
2026-03-22 0:24,0.507,0.008,0,0,0,0,v
2026-03-22 0:30,0.569,0.008,0,0,0,0,v
2026-03-22 0:36,0.631,0.008,0,0,0,0,v
2026-03-22 0:42,0.691,0.008,0,0,0,0,v
2026-03-22 0:48,0.747,0.008,0,0,0,0,v
2026-03-22 0:54,0.802,0.008,0,0,0,0,v
2026-03-22 1:00,0.854,0.008,0,0,0,0,v
2026-03-22 1:06,0.903,0.008,0,0,0,0,v
2026-03-22 1:12,0.949,0.008,0,0,0,0,v
2026-03-22 1:18,0.992,0.008,0,0,0,0,v
2026-03-22 1:24,1.032,0.008,0,0,0,0,v
2026-03-22 1:30,1.069,0.008,0,0,0,0,v
2026-03-22 1:36,1.105,0.008,0,0,0,0,v
2026-03-22 1:42,1.141,0.008,0,0,0,0,v
2026-03-22 1:48,1.174,0.008,0,0,0,0,v
2026-03-22 1:54,1.206,0.008,0,0,0,0,v
2026-03-22 2:00,1.236,0.008,0,0,0,0,v
2026-03-22 2:06,1.264,0.008,0,0,0,0,v
2026-03-22 2:12,1.289,0.008,0,0,0,0,v
2026-03-22 2:18,1.313,0.008,0,0,0,0,v
2026-03-22 2:24,1.336,0.008,0,0,0,0,v
2026-03-22 2:30,1.358,0.008,0,0,0,0,v
2026-03-22 2:36,1.381,0.008,0,0,0,0,v
2026-03-22 2:42,1.402,0.008,0,0,0,0,v
2026-03-22 2:48,1.422,0.008,0,0,0,0,v
2026-03-22 2:54,1.438,0.008,0,0,0,0,v
2026-03-22 3:00,1.453,0.008,0,0,0,0,v
2026-03-22 3:06,1.469,0.008,0,0,0,0,v
2026-03-22 3:12,1.486,0.008,0,0,0,0,v
2026-03-22 3:18,1.503,0.008,0,0,0,0,v
2026-03-22 3:24,1.518,0.008,0,0,0,0,v
2026-03-22 3:30,1.534,0.008,0,0,0,0,v
2026-03-22 3:36,1.548,0.008,0,0,0,0,v
2026-03-22 3:42,1.564,0.008,0,0,0,0,v
2026-03-22 3:48,1.576,0.008,0,0,0,0,v
2026-03-22 3:54,1.587,0.008,0,0,0,0,v
2026-03-22 4:00,1.595,0.008,0,0,0,0,v
2026-03-22 4:06,1.602,0.008,0,0,0,0,v
2026-03-22 4:12,1.608,0.008,0,0,0,0,v
2026-03-22 4:18,1.615,0.008,0,0,0,0,v
2026-03-22 4:24,1.62,0.008,0,0,0,0,v
2026-03-22 4:30,1.625,0.008,0,0,0,0,v
2026-03-22 4:36,1.633,0.008,0,0,0,0,v
2026-03-22 4:42,1.628,0.008,0,0,0,0,v
2026-03-22 4:48,1.602,0.008,0,0,0,0,v
2026-03-22 4:54,1.619,0.008,0,0,0,0,v
2026-03-22 5:00,1.61,0.008,0,0,0,0,v
2026-03-22 5:06,1.604,0.008,0,0,0,0,v
2026-03-22 5:12,1.595,0.008,0,0,0,0,v
2026-03-22 5:18,1.577,0.008,0,0,0,0,v
2026-03-22 5:24,1.562,0.008,0,0,0,0,v
2026-03-22 5:30,1.538,0.008,0,0,0,0,v
2026-03-22 5:36,1.521,0.008,0,0,0,0,v
2026-03-22 5:42,1.498,0.008,0,0,0,0,v
2026-03-22 5:48,1.477,0.008,0,0,0,0,v
2026-03-22 5:54,1.45,0.008,0,0,0,0,v
2026-03-22 6:00,1.425,0.008,0,0,0,0,v
2026-03-22 6:06,1.393,0.008,0,0,0,0,v
2026-03-22 6:12,1.362,0.008,0,0,0,0,v
2026-03-22 6:18,1.334,0.008,0,0,0,0,v
2026-03-22 6:24,1.301,0.008,0,0,0,0,v
2026-03-22 6:30,1.272,0.008,0,0,0,0,v
2026-03-22 6:36,1.236,0.008,0,0,0,0,v
2026-03-22 6:42,1.204,0.008,0,0,0,0,v
2026-03-22 6:48,1.166,0.008,0,0,0,0,v
2026-03-22 6:54,1.131,0.008,0,0,0,0,v
2026-03-22 7:00,1.099,0.008,0,0,0,0,v
2026-03-22 7:06,1.065,0.008,0,0,0,0,v
2026-03-22 7:12,1.03,0.008,0,0,0,0,v
2026-03-22 7:18,0.997,0.008,0,0,0,0,v
2026-03-22 7:24,0.966,0.008,0,0,0,0,v
2026-03-22 7:30,0.934,0.008,0,0,0,0,v
2026-03-22 7:36,0.901,0.008,0,0,0,0,v
2026-03-22 7:42,0.871,0.008,0,0,0,0,v
2026-03-22 7:48,0.84,0.008,0,0,0,0,v
2026-03-22 7:54,0.807,0.008,0,0,0,0,v
2026-03-22 8:00,0.777,0.008,0,0,0,0,v
2026-03-22 8:06,0.746,0.008,0,0,0,0,v
2026-03-22 8:12,0.718,0.008,0,0,0,0,v
2026-03-22 8:18,0.686,0.008,0,0,0,0,v
2026-03-22 8:24,0.662,0.008,0,0,0,0,v
2026-03-22 8:30,0.632,0.008,0,0,0,0,v
2026-03-22 8:36,0.603,0.008,0,0,0,0,v
2026-03-22 8:42,0.57,0.008,0,0,0,0,v
2026-03-22 8:48,0.548,0.008,0,0,0,0,v
2026-03-22 8:54,0.528,0.008,0,0,0,0,v
2026-03-22 9:00,0.522,0.008,0,0,0,0,v
2026-03-22 9:06,0.464,0.008,0,0,0,0,v
2026-03-22 9:12,0.408,0.008,0,0,0,0,v
2026-03-22 9:18,0.403,0.008,0,0,0,0,v
2026-03-22 9:24,0.364,0.008,0,0,0,0,v
2026-03-22 9:30,0.334,0.008,0,0,0,0,v
2026-03-22 9:36,0.314,0.008,0,0,0,0,v
2026-03-22 9:42,0.291,0.008,0,0,0,0,v
2026-03-22 9:48,0.26,0.008,0,0,0,0,v
2026-03-22 9:54,0.233,0.008,0,0,0,0,v
2026-03-22 10:00,0.212,0.008,0,0,0,0,v
2026-03-22 10:06,0.19,0.008,0,0,0,0,v
2026-03-22 10:12,0.166,0.008,0,0,0,0,v
2026-03-22 10:18,0.144,0.008,0,0,0,0,v
2026-03-22 10:24,0.124,0.008,0,0,0,0,v
2026-03-22 10:30,0.105,0.008,0,0,0,0,v
2026-03-22 10:36,0.082,0.008,0,0,0,0,v
2026-03-22 10:42,0.066,0.008,0,0,0,0,v
2026-03-22 10:48,0.047,0.008,0,0,0,0,v
2026-03-22 10:54,0.031,0.008,0,0,0,0,v
2026-03-22 11:00,0.015,0.008,0,0,0,0,v
2026-03-22 11:06,0.002,0.008,0,0,0,0,v
2026-03-22 11:12,-0.008,0.008,0,0,0,0,v
2026-03-22 11:18,-0.016,0.008,0,0,0,0,v
2026-03-22 11:24,-0.023,0.008,0,0,0,0,v
2026-03-22 11:30,-0.026,0.008,0,0,0,0,v
2026-03-22 11:36,-0.027,0.008,0,0,0,0,v
2026-03-22 11:42,-0.023,0.008,0,0,0,0,v
2026-03-22 11:48,-0.018,0.008,0,0,0,0,v
2026-03-22 11:54,-0.006,0.008,0,0,0,0,v
2026-03-22 12:00,0.01,0.008,0,0,0,0,v
2026-03-22 12:06,0.038,0.008,0,0,0,0,v
2026-03-22 12:12,0.072,0.008,0,0,0,0,v
2026-03-22 12:18,0.115,0.008,0,0,0,0,v
2026-03-22 12:24,0.159,0.008,0,0,0,0,v
2026-03-22 12:30,0.207,0.008,0,0,0,0,v
2026-03-22 12:36,0.257,0.008,0,0,0,0,v
2026-03-22 12:42,0.307,0.008,0,0,0,0,v
2026-03-22 12:48,0.36,0.008,0,0,0,0,v
2026-03-22 12:54,0.414,0.008,0,0,0,0,v
2026-03-22 13:00,0.47,0.008,0,0,0,0,v
2026-03-22 13:06,0.525,0.008,0,0,0,0,v
2026-03-22 13:12,0.58,0.008,0,0,0,0,v
2026-03-22 13:18,0.634,0.008,0,0,0,0,v
2026-03-22 13:24,0.688,0.008,0,0,0,0,v
2026-03-22 13:30,0.738,0.008,0,0,0,0,v
2026-03-22 13:36,0.784,0.008,0,0,0,0,v
2026-03-22 13:42,0.824,0.008,0,0,0,0,v
2026-03-22 13:48,0.866,0.008,0,0,0,0,v
2026-03-22 13:54,0.907,0.008,0,0,0,0,v
2026-03-22 14:00,0.948,0.008,0,0,0,0,v
2026-03-22 14:06,0.988,0.008,0,0,0,0,v
2026-03-22 14:12,1.025,0.008,0,0,0,0,v
2026-03-22 14:18,1.059,0.008,0,0,0,0,v
2026-03-22 14:24,1.091,0.008,0,0,0,0,v
2026-03-22 14:30,1.121,0.008,0,0,0,0,v
2026-03-22 14:36,1.148,0.008,0,0,0,0,v
2026-03-22 14:42,1.172,0.008,0,0,0,0,v
2026-03-22 14:48,1.195,0.008,0,0,0,0,v
2026-03-22 14:54,1.215,0.008,0,0,0,0,v
2026-03-22 15:00,1.236,0.008,0,0,0,0,v
2026-03-22 15:06,1.254,0.008,0,0,0,0,v
2026-03-22 15:12,1.27,0.008,0,0,0,0,v
2026-03-22 15:18,1.285,0.008,0,0,0,0,v
2026-03-22 15:24,1.302,0.008,0,0,0,0,v
2026-03-22 15:30,1.316,0.008,0,0,0,0,v
2026-03-22 15:36,1.33,0.008,0,0,0,0,v
2026-03-22 15:42,1.342,0.008,0,0,0,0,v
2026-03-22 15:48,1.353,0.008,0,0,0,0,v
2026-03-22 15:54,1.364,0.008,0,0,0,0,v
2026-03-22 16:00,1.373,0.008,0,0,0,0,v
2026-03-22 16:06,1.381,0.008,0,0,0,0,v
2026-03-22 16:12,1.389,0.008,0,0,0,0,v
2026-03-22 16:18,1.397,0.008,0,0,0,0,v
2026-03-22 16:24,1.4,0.008,0,0,0,0,v
2026-03-22 16:30,1.404,0.008,0,0,0,0,v
2026-03-22 16:36,1.409,0.008,0,0,0,0,v
2026-03-22 16:42,1.412,0.008,0,0,0,0,v
2026-03-22 16:48,1.413,0.008,0,0,0,0,v
2026-03-22 16:54,1.414,0.008,0,0,0,0,v
2026-03-22 17:00,1.409,0.008,0,0,0,0,v
2026-03-22 17:06,1.407,0.008,0,0,0,0,v
2026-03-22 17:12,1.4,0.008,0,0,0,0,v
2026-03-22 17:18,1.392,0.008,0,0,0,0,v
2026-03-22 17:24,1.382,0.008,0,0,0,0,v
2026-03-22 17:30,1.372,0.008,0,0,0,0,v
2026-03-22 17:36,1.36,0.008,0,0,0,0,v
2026-03-22 17:42,1.342,0.008,0,0,0,0,v
2026-03-22 17:48,1.322,0.008,0,0,0,0,v
2026-03-22 17:54,1.299,0.008,0,0,0,0,v
2026-03-22 18:00,1.276,0.008,0,0,0,0,v
2026-03-22 18:06,1.252,0.008,0,0,0,0,v
2026-03-22 18:12,1.224,0.008,0,0,0,0,v
2026-03-22 18:18,1.194,0.008,0,0,0,0,v
2026-03-22 18:24,1.163,0.008,0,0,0,0,v
2026-03-22 18:30,1.131,0.008,0,0,0,0,v
2026-03-22 18:36,1.098,0.008,0,0,0,0,v
2026-03-22 18:42,1.064,0.008,0,0,0,0,v
2026-03-22 18:48,1.033,0.008,0,0,0,0,v
2026-03-22 18:54,0.999,0.008,0,0,0,0,v
2026-03-22 19:00,0.961,0.008,0,0,0,0,v
2026-03-22 19:06,0.924,0.008,0,0,0,0,v
2026-03-22 19:12,0.888,0.008,0,0,0,0,v
2026-03-22 19:18,0.855,0.008,0,0,0,0,v
2026-03-22 19:24,0.819,0.008,0,0,0,0,v
2026-03-22 19:30,0.79,0.008,0,0,0,0,v
2026-03-22 19:36,0.756,0.008,0,0,0,0,v
2026-03-22 19:42,0.724,0.008,0,0,0,0,v
2026-03-22 19:48,0.691,0.008,0,0,0,0,v
2026-03-22 19:54,0.657,0.008,0,0,0,0,v
2026-03-22 20:00,0.629,0.008,0,0,0,0,v
2026-03-22 20:06,0.6,0.008,0,0,0,0,v
2026-03-22 20:12,0.569,0.008,0,0,0,0,v
2026-03-22 20:18,0.543,0.008,0,0,0,0,v
2026-03-22 20:24,0.516,0.008,0,0,0,0,v
2026-03-22 20:30,0.491,0.008,0,0,0,0,v
2026-03-22 20:36,0.465,0.008,0,0,0,0,v
2026-03-22 20:42,0.435,0.008,0,0,0,0,v
2026-03-22 20:48,0.408,0.008,0,0,0,0,v
2026-03-22 20:54,0.38,0.008,0,0,0,0,v
2026-03-22 21:00,0.355,0.008,0,0,0,0,v
2026-03-22 21:06,0.33,0.008,0,0,0,0,v
2026-03-22 21:12,0.307,0.008,0,0,0,0,v
2026-03-22 21:18,0.28,0.008,0,0,0,0,v
2026-03-22 21:24,0.254,0.008,0,0,0,0,v
2026-03-22 21:30,0.232,0.008,0,0,0,0,v
2026-03-22 21:36,0.214,0.008,0,0,0,0,v
2026-03-22 21:42,0.188,0.008,0,0,0,0,v
2026-03-22 21:48,0.166,0.008,0,0,0,0,v
2026-03-22 21:54,0.144,0.008,0,0,0,0,v
2026-03-22 22:00,0.123,0.008,0,0,0,0,v
2026-03-22 22:06,0.099,0.008,0,0,0,0,v
2026-03-22 22:12,0.08,0.008,0,0,0,0,v
2026-03-22 22:18,0.061,0.008,0,0,0,0,v
2026-03-22 22:24,0.042,0.008,0,0,0,0,v
2026-03-22 22:30,0.025,0.008,0,0,0,0,v
2026-03-22 22:36,0.011,0.008,0,0,0,0,v
2026-03-22 22:42,-0.005,0.008,0,0,0,0,v
2026-03-22 22:48,-0.016,0.008,0,0,0,0,v
2026-03-22 22:54,-0.034,0.008,0,0,0,0,v
2026-03-22 23:00,-0.049,0.008,0,0,0,0,v
2026-03-22 23:06,-0.059,0.008,0,0,0,0,v
2026-03-22 23:12,-0.067,0.008,0,0,0,0,v
2026-03-22 23:18,-0.072,0.008,0,0,0,0,v
2026-03-22 23:24,-0.073,0.008,0,0,0,0,v
2026-03-22 23:30,-0.07,0.008,0,0,0,0,v
2026-03-22 23:36,-0.062,0.008,0,0,0,0,v
2026-03-22 23:42,-0.047,0.008,0,0,0,0,v
2026-03-22 23:48,-0.03,0.008,0,0,0,0,v
2026-03-22 23:54,-0.005,0.008,0,0,0,0,v
2026-03-23 0:00,0.023,0.008,0,0,0,0,v
2026-03-23 0:06,0.059,0.008,0,0,0,0,v
2026-03-23 0:12,0.098,0.008,0,0,0,0,v
2026-03-23 0:18,0.14,0.008,0,0,0,0,v
2026-03-23 0:24,0.185,0.008,0,0,0,0,v
2026-03-23 0:30,0.237,0.008,0,0,0,0,v
2026-03-23 0:36,0.295,0.008,0,0,0,0,v
2026-03-23 0:42,0.344,0.008,0,0,0,0,v
2026-03-23 0:48,0.367,0.008,0,0,0,0,v
2026-03-23 0:54,0.448,0.008,0,0,0,0,v
2026-03-23 1:00,0.501,0.008,0,0,0,0,v
2026-03-23 1:06,0.566,0.008,0,0,0,0,v
2026-03-23 1:12,0.622,0.008,0,0,0,0,v
2026-03-23 1:18,0.681,0.008,0,0,0,0,v
2026-03-23 1:24,0.725,0.008,0,0,0,0,v
2026-03-23 1:30,0.782,0.008,0,0,0,0,v
2026-03-23 1:36,0.83,0.008,0,0,0,0,v
2026-03-23 1:42,0.879,0.008,0,0,0,0,v
2026-03-23 1:48,0.921,0.008,0,0,0,0,v
2026-03-23 1:54,0.96,0.008,0,0,0,0,v
2026-03-23 2:00,1,0.008,0,0,0,0,v
2026-03-23 2:06,1.039,0.008,0,0,0,0,v
2026-03-23 2:12,1.073,0.008,0,0,0,0,v
2026-03-23 2:18,1.111,0.008,0,0,0,0,v
2026-03-23 2:24,1.144,0.008,0,0,0,0,v
2026-03-23 2:30,1.175,0.008,0,0,0,0,v
2026-03-23 2:36,1.204,0.008,0,0,0,0,v
2026-03-23 2:42,1.231,0.008,0,0,0,0,v
2026-03-23 2:48,1.256,0.008,0,0,0,0,v
2026-03-23 2:54,1.281,0.008,0,0,0,0,v
2026-03-23 3:00,1.303,0.008,0,0,0,0,v
2026-03-23 3:06,1.324,0.008,0,0,0,0,v
2026-03-23 3:12,1.344,0.008,0,0,0,0,v
2026-03-23 3:18,1.366,0.008,0,0,0,0,v
2026-03-23 3:24,1.387,0.008,0,0,0,0,v
2026-03-23 3:30,1.406,0.008,0,0,0,0,v
2026-03-23 3:36,1.424,0.008,0,0,0,0,v
2026-03-23 3:42,1.442,0.008,0,0,0,0,v
2026-03-23 3:48,1.457,0.008,0,0,0,0,v
2026-03-23 3:54,1.474,0.008,0,0,0,0,v
2026-03-23 4:00,1.487,0.008,0,0,0,0,v
2026-03-23 4:06,1.502,0.008,0,0,0,0,v
2026-03-23 4:12,1.518,0.008,0,0,0,0,v
2026-03-23 4:18,1.533,0.008,0,0,0,0,v
2026-03-23 4:24,1.548,0.008,0,0,0,0,v
2026-03-23 4:30,1.561,0.008,0,0,0,0,v
2026-03-23 4:36,1.572,0.008,0,0,0,0,v
2026-03-23 4:42,1.585,0.008,0,0,0,0,v
2026-03-23 4:48,1.594,0.008,0,0,0,0,v
2026-03-23 4:54,1.601,0.008,0,0,0,0,v
2026-03-23 5:00,1.608,0.008,0,0,0,0,v
2026-03-23 5:06,1.616,0.008,0,0,0,0,v
2026-03-23 5:12,1.623,0.008,0,0,0,0,v
2026-03-23 5:18,1.628,0.008,0,0,0,0,v
2026-03-23 5:24,1.633,0.008,0,0,0,0,v
2026-03-23 5:30,1.637,0.008,0,0,0,0,v
2026-03-23 5:36,1.639,0.008,0,0,0,0,v
2026-03-23 5:42,1.639,0.008,0,0,0,0,v
2026-03-23 5:48,1.635,0.008,0,0,0,0,v
2026-03-23 5:54,1.626,0.008,0,0,0,0,v
2026-03-23 6:00,1.618,0.008,0,0,0,0,v
2026-03-23 6:06,1.606,0.008,0,0,0,0,v
2026-03-23 6:12,1.593,0.008,0,0,0,0,v
2026-03-23 6:18,1.579,0.008,0,0,0,0,v
2026-03-23 6:24,1.561,0.008,0,0,0,0,v
2026-03-23 6:30,1.54,0.008,0,0,0,0,v
2026-03-23 6:36,1.518,0.008,0,0,0,0,v
2026-03-23 6:42,1.498,0.008,0,0,0,0,v
2026-03-23 6:48,1.473,0.008,0,0,0,0,v
2026-03-23 6:54,1.448,0.008,0,0,0,0,v
2026-03-23 7:00,1.423,0.008,0,0,0,0,v
2026-03-23 7:06,1.395,0.008,0,0,0,0,v
2026-03-23 7:12,1.367,0.008,0,0,0,0,v
2026-03-23 7:18,1.336,0.008,0,0,0,0,v
2026-03-23 7:24,1.307,0.008,0,0,0,0,v
2026-03-23 7:30,1.272,0.008,0,0,0,0,v
2026-03-23 7:36,1.242,0.008,0,0,0,0,v
2026-03-23 7:42,1.213,0.008,0,0,0,0,v
2026-03-23 7:48,1.18,0.008,0,0,0,0,v
2026-03-23 7:54,1.142,0.008,0,0,0,0,v
2026-03-23 8:00,1.11,0.008,0,0,0,0,v
2026-03-23 8:06,1.077,0.008,0,0,0,0,v
2026-03-23 8:12,1.041,0.008,0,0,0,0,v
2026-03-23 8:18,1.009,0.008,0,0,0,0,v
2026-03-23 8:24,0.977,0.008,0,0,0,0,v
2026-03-23 8:30,0.945,0.008,0,0,0,0,v
2026-03-23 8:36,0.914,0.008,0,0,0,0,v
2026-03-23 8:42,0.884,0.008,0,0,0,0,v
2026-03-23 8:48,0.852,0.008,0,0,0,0,v
2026-03-23 8:54,0.818,0.008,0,0,0,0,v
2026-03-23 9:00,0.789,0.008,0,0,0,0,v
2026-03-23 9:06,0.757,0.008,0,0,0,0,v
2026-03-23 9:12,0.728,0.008,0,0,0,0,v
2026-03-23 9:18,0.7,0.008,0,0,0,0,v
2026-03-23 9:24,0.673,0.008,0,0,0,0,v
2026-03-23 9:30,0.642,0.008,0,0,0,0,v
2026-03-23 9:36,0.612,0.008,0,0,0,0,v
2026-03-23 9:42,0.578,0.008,0,0,0,0,v
2026-03-23 9:48,0.549,0.008,0,0,0,0,v
2026-03-23 9:54,0.52,0.008,0,0,0,0,v
2026-03-23 10:00,0.491,0.008,0,0,0,0,v
2026-03-23 10:06,0.469,0.008,0,0,0,0,v
2026-03-23 10:12,0.444,0.008,0,0,0,0,v
2026-03-23 10:18,0.413,0.008,0,0,0,0,v
2026-03-23 10:24,0.392,0.008,0,0,0,0,v
2026-03-23 10:30,0.365,0.008,0,0,0,0,v
2026-03-23 10:36,0.338,0.008,0,0,0,0,v
2026-03-23 10:42,0.314,0.008,0,0,0,0,v
2026-03-23 10:48,0.293,0.008,0,0,0,0,v
2026-03-23 10:54,0.27,0.008,0,0,0,0,v
2026-03-23 11:00,0.248,0.008,0,0,0,0,v
2026-03-23 11:06,0.223,0.008,0,0,0,0,v
2026-03-23 11:12,0.201,0.008,0,0,0,0,v
2026-03-23 11:18,0.181,0.008,0,0,0,0,v
2026-03-23 11:24,0.163,0.008,0,0,0,0,v
2026-03-23 11:30,0.141,0.008,0,0,0,0,v
2026-03-23 11:36,0.125,0.008,0,0,0,0,v
2026-03-23 11:42,0.108,0.008,0,0,0,0,v
2026-03-23 11:48,0.093,0.008,0,0,0,0,v
2026-03-23 11:54,0.078,0.008,0,0,0,0,v
2026-03-23 12:00,0.066,0.008,0,0,0,0,v
2026-03-23 12:06,0.055,0.008,0,0,0,0,v
2026-03-23 12:12,0.046,0.008,0,0,0,0,v
2026-03-23 12:18,0.041,0.008,0,0,0,0,v
2026-03-23 12:24,0.041,0.008,0,0,0,0,v
2026-03-23 12:30,0.043,0.008,0,0,0,0,v
2026-03-23 12:36,0.05,0.008,0,0,0,0,v
2026-03-23 12:42,0.064,0.008,0,0,0,0,v
2026-03-23 12:48,0.084,0.008,0,0,0,0,v
2026-03-23 12:54,0.11,0.008,0,0,0,0,v
2026-03-23 13:00,0.141,0.008,0,0,0,0,v
2026-03-23 13:06,0.175,0.008,0,0,0,0,v
2026-03-23 13:12,0.208,0.008,0,0,0,0,v
2026-03-23 13:18,0.244,0.008,0,0,0,0,v
2026-03-23 13:24,0.283,0.008,0,0,0,0,v
2026-03-23 13:30,0.323,0.008,0,0,0,0,v
2026-03-23 13:36,0.363,0.008,0,0,0,0,v
2026-03-23 13:42,0.408,0.008,0,0,0,0,v
2026-03-23 13:48,0.453,0.008,0,0,0,0,v
2026-03-23 13:54,0.499,0.008,0,0,0,0,v
2026-03-23 14:00,0.545,0.008,0,0,0,0,v
2026-03-23 14:06,0.592,0.008,0,0,0,0,v
2026-03-23 14:12,0.638,0.008,0,0,0,0,v
2026-03-23 14:18,0.684,0.008,0,0,0,0,v
2026-03-23 14:24,0.727,0.008,0,0,0,0,v
2026-03-23 14:30,0.771,0.008,0,0,0,0,v
2026-03-23 14:36,0.815,0.008,0,0,0,0,v
2026-03-23 14:42,0.855,0.008,0,0,0,0,v
2026-03-23 14:48,0.891,0.008,0,0,0,0,v
2026-03-23 14:54,0.93,0.008,0,0,0,0,v
2026-03-23 15:00,0.965,0.008,0,0,0,0,v
2026-03-23 15:06,0.998,0.008,0,0,0,0,v
2026-03-23 15:12,1.029,0.008,0,0,0,0,v
2026-03-23 15:18,1.059,0.008,0,0,0,0,v
2026-03-23 15:24,1.085,0.008,0,0,0,0,v
2026-03-23 15:30,1.114,0.008,0,0,0,0,v
2026-03-23 15:36,1.138,0.008,0,0,0,0,v
2026-03-23 15:42,1.162,0.008,0,0,0,0,v
2026-03-23 15:48,1.184,0.008,0,0,0,0,v
2026-03-23 15:54,1.202,0.008,0,0,0,0,v
2026-03-23 16:00,1.221,0.008,0,0,0,0,v
2026-03-23 16:06,1.237,0.008,0,0,0,0,v
2026-03-23 16:12,1.251,0.008,0,0,0,0,v
2026-03-23 16:18,1.266,0.008,0,0,0,0,v
2026-03-23 16:24,1.279,0.008,0,0,0,0,v
2026-03-23 16:30,1.29,0.008,0,0,0,0,v
2026-03-23 16:36,1.299,0.008,0,0,0,0,v
2026-03-23 16:42,1.309,0.008,0,0,0,0,v
2026-03-23 16:48,1.317,0.008,0,0,0,0,v
2026-03-23 16:54,1.323,0.008,0,0,0,0,v
2026-03-23 17:00,1.33,0.008,0,0,0,0,v
2026-03-23 17:06,1.337,0.008,0,0,0,0,v
2026-03-23 17:12,1.342,0.008,0,0,0,0,v
2026-03-23 17:18,1.344,0.008,0,0,0,0,v
2026-03-23 17:24,1.346,0.008,0,0,0,0,v
2026-03-23 17:30,1.349,0.008,0,0,0,0,v
2026-03-23 17:36,1.346,0.008,0,0,0,0,v
2026-03-23 17:42,1.347,0.008,0,0,0,0,v
2026-03-23 17:48,1.347,0.008,0,0,0,0,v
2026-03-23 17:54,1.343,0.008,0,0,0,0,v
2026-03-23 18:00,1.34,0.008,0,0,0,0,v
2026-03-23 18:06,1.338,0.008,0,0,0,0,v
2026-03-23 18:12,1.328,0.008,0,0,0,0,v
2026-03-23 18:18,1.317,0.008,0,0,0,0,v
2026-03-23 18:24,1.307,0.008,0,0,0,0,v
2026-03-23 18:30,1.294,0.008,0,0,0,0,v
2026-03-23 18:36,1.28,0.008,0,0,0,0,v
2026-03-23 18:42,1.266,0.008,0,0,0,0,v
2026-03-23 18:48,1.245,0.008,0,0,0,0,v
2026-03-23 18:54,1.226,0.008,0,0,0,0,v
2026-03-23 19:00,1.202,0.008,0,0,0,0,v
2026-03-23 19:06,1.178,0.008,0,0,0,0,v
2026-03-23 19:12,1.152,0.008,0,0,0,0,v
2026-03-23 19:18,1.127,0.008,0,0,0,0,v
2026-03-23 19:24,1.096,0.008,0,0,0,0,v
2026-03-23 19:30,1.065,0.008,0,0,0,0,v
2026-03-23 19:36,1.033,0.008,0,0,0,0,v
2026-03-23 19:42,1,0.008,0,0,0,0,v
2026-03-23 19:48,0.967,0.008,0,0,0,0,v
2026-03-23 19:54,0.937,0.008,0,0,0,0,v
2026-03-23 20:00,0.903,0.008,0,0,0,0,v
2026-03-23 20:06,0.868,0.008,0,0,0,0,v
2026-03-23 20:12,0.833,0.008,0,0,0,0,v
2026-03-23 20:18,0.803,0.008,0,0,0,0,v
2026-03-23 20:24,0.774,0.008,0,0,0,0,v
2026-03-23 20:30,0.746,0.008,0,0,0,0,v
2026-03-23 20:36,0.718,0.008,0,0,0,0,v
2026-03-23 20:42,0.687,0.008,0,0,0,0,v
2026-03-23 20:48,0.656,0.008,0,0,0,0,v
2026-03-23 20:54,0.629,0.008,0,0,0,0,v
2026-03-23 21:00,0.604,0.008,0,0,0,0,v
2026-03-23 21:06,0.576,0.008,0,0,0,0,v
2026-03-23 21:12,0.548,0.008,0,0,0,0,v
2026-03-23 21:18,0.52,0.008,0,0,0,0,v
2026-03-23 21:24,0.492,0.008,0,0,0,0,v
2026-03-23 21:30,0.462,0.008,0,0,0,0,v
2026-03-23 21:36,0.436,0.008,0,0,0,0,v
2026-03-23 21:42,0.411,0.008,0,0,0,0,v
2026-03-23 21:48,0.385,0.008,0,0,0,0,v
2026-03-23 21:54,0.357,0.008,0,0,0,0,v
2026-03-23 22:00,0.33,0.008,0,0,0,0,v
2026-03-23 22:06,0.302,0.008,0,0,0,0,v
2026-03-23 22:12,0.277,0.008,0,0,0,0,v
2026-03-23 22:18,0.252,0.008,0,0,0,0,v
2026-03-23 22:24,0.227,0.008,0,0,0,0,v
2026-03-23 22:30,0.201,0.008,0,0,0,0,v
2026-03-23 22:36,0.177,0.008,0,0,0,0,v
2026-03-23 22:42,0.153,0.008,0,0,0,0,v
2026-03-23 22:48,0.132,0.008,0,0,0,0,v
2026-03-23 22:54,0.111,0.008,0,0,0,0,v
2026-03-23 23:00,0.09,0.008,0,0,0,0,v
2026-03-23 23:06,0.069,0.008,0,0,0,0,v
2026-03-23 23:12,0.049,0.008,0,0,0,0,v
2026-03-23 23:18,0.03,0.008,0,0,0,0,v
2026-03-23 23:24,0.012,0.008,0,0,0,0,v
2026-03-23 23:30,-0.006,0.008,0,0,0,0,v
2026-03-23 23:36,-0.022,0.008,0,0,0,0,v
2026-03-23 23:42,-0.034,0.008,0,0,0,0,v
2026-03-23 23:48,-0.048,0.008,0,0,0,0,v
2026-03-23 23:54,-0.058,0.008,0,0,0,0,v
2026-03-24 0:00,-0.061,0.008,0,0,0,0,v
2026-03-24 0:06,-0.067,0.008,0,0,0,0,v
2026-03-24 0:12,-0.07,0.008,0,0,0,0,v
2026-03-24 0:18,-0.072,0.008,0,0,0,0,v
2026-03-24 0:24,-0.068,0.008,0,0,0,0,v
2026-03-24 0:30,-0.062,0.008,0,0,0,0,v
2026-03-24 0:36,-0.055,0.008,0,0,0,0,v
2026-03-24 0:42,-0.044,0.008,0,0,0,0,v
2026-03-24 0:48,-0.029,0.008,0,0,0,0,v
2026-03-24 0:54,-0.008,0.008,0,0,0,0,v
2026-03-24 1:00,0.016,0.008,0,0,0,0,v
2026-03-24 1:06,0.043,0.008,0,0,0,0,v
2026-03-24 1:12,0.073,0.008,0,0,0,0,v
2026-03-24 1:18,0.107,0.008,0,0,0,0,v
2026-03-24 1:24,0.143,0.008,0,0,0,0,v
2026-03-24 1:30,0.188,0.008,0,0,0,0,v
2026-03-24 1:36,0.236,0.008,0,0,0,0,v
2026-03-24 1:42,0.281,0.008,0,0,0,0,v
2026-03-24 1:48,0.334,0.008,0,0,0,0,v
2026-03-24 1:54,0.385,0.008,0,0,0,0,v
2026-03-24 2:00,0.436,0.008,0,0,0,0,v
2026-03-24 2:06,0.489,0.008,0,0,0,0,v
2026-03-24 2:12,0.541,0.008,0,0,0,0,v
2026-03-24 2:18,0.593,0.008,0,0,0,0,v
2026-03-24 2:24,0.645,0.008,0,0,0,0,v
2026-03-24 2:30,0.689,0.008,0,0,0,0,v
2026-03-24 2:36,0.728,0.008,0,0,0,0,v
2026-03-24 2:42,0.762,0.008,0,0,0,0,v
2026-03-24 2:48,0.799,0.008,0,0,0,0,v
2026-03-24 2:54,0.844,0.008,0,0,0,0,v
2026-03-24 3:00,0.884,0.008,0,0,0,0,v
2026-03-24 3:06,0.92,0.008,0,0,0,0,v
2026-03-24 3:12,0.96,0.008,0,0,0,0,v
2026-03-24 3:18,0.996,0.008,0,0,0,0,v
2026-03-24 3:24,1.031,0.008,0,0,0,0,v
2026-03-24 3:30,1.065,0.008,0,0,0,0,v
2026-03-24 3:36,1.092,0.008,0,0,0,0,v
2026-03-24 3:42,1.118,0.008,0,0,0,0,v
2026-03-24 3:48,1.141,0.008,0,0,0,0,v
2026-03-24 3:54,1.165,0.008,0,0,0,0,v
2026-03-24 4:00,1.189,0.008,0,0,0,0,v
2026-03-24 4:06,1.21,0.008,0,0,0,0,v
2026-03-24 4:12,1.229,0.008,0,0,0,0,v
2026-03-24 4:18,1.244,0.008,0,0,0,0,v
2026-03-24 4:24,1.258,0.008,0,0,0,0,v
2026-03-24 4:30,1.277,0.008,0,0,0,0,v
2026-03-24 4:36,1.296,0.008,0,0,0,0,v
2026-03-24 4:42,1.311,0.008,0,0,0,0,v
2026-03-24 4:48,1.329,0.008,0,0,0,0,v
2026-03-24 4:54,1.346,0.008,0,0,0,0,v
2026-03-24 5:00,1.359,0.008,0,0,0,0,v
2026-03-24 5:06,1.372,0.008,0,0,0,0,v
2026-03-24 5:12,1.385,0.008,0,0,0,0,v
2026-03-24 5:18,1.395,0.008,0,0,0,0,v
2026-03-24 5:24,1.404,0.008,0,0,0,0,v
2026-03-24 5:30,1.412,0.008,0,0,0,0,v
2026-03-24 5:36,1.424,0.008,0,0,0,0,v
2026-03-24 5:42,1.438,0.008,0,0,0,0,v
2026-03-24 5:48,1.444,0.008,0,0,0,0,v
2026-03-24 5:54,1.451,0.008,0,0,0,0,v
2026-03-24 6:00,1.455,0.008,0,0,0,0,v
2026-03-24 6:06,1.459,0.008,0,0,0,0,v
2026-03-24 6:12,1.459,0.008,0,0,0,0,v
2026-03-24 6:18,1.462,0.008,0,0,0,0,v
2026-03-24 6:24,1.459,0.008,0,0,0,0,v
2026-03-24 6:30,1.459,0.008,0,0,0,0,v
2026-03-24 6:36,1.448,0.008,0,0,0,0,v
2026-03-24 6:42,1.441,0.008,0,0,0,0,v
2026-03-24 6:48,1.417,0.008,0,0,0,0,v
2026-03-24 6:54,1.409,0.008,0,0,0,0,v
2026-03-24 7:00,1.388,0.008,0,0,0,0,v
2026-03-24 7:06,1.379,0.008,0,0,0,0,v
2026-03-24 7:12,1.364,0.008,0,0,0,0,v
2026-03-24 7:18,1.348,0.008,0,0,0,0,v
2026-03-24 7:24,1.335,0.008,0,0,0,0,v
2026-03-24 7:30,1.308,0.008,0,0,0,0,v
2026-03-24 7:36,1.288,0.008,0,0,0,0,v
2026-03-24 7:42,1.262,0.008,0,0,0,0,v
2026-03-24 7:48,1.235,0.008,0,0,0,0,v
2026-03-24 7:54,1.209,0.008,0,0,0,0,v
2026-03-24 8:00,1.183,0.008,0,0,0,0,v
2026-03-24 8:06,1.154,0.008,0,0,0,0,v
2026-03-24 8:12,1.13,0.008,0,0,0,0,v
2026-03-24 8:18,1.1,0.008,0,0,0,0,v
2026-03-24 8:24,1.052,0.008,0,0,0,0,v
2026-03-24 8:30,1.026,0.008,0,0,0,0,v
2026-03-24 8:36,0.992,0.008,0,0,0,0,v
2026-03-24 8:42,0.966,0.008,0,0,0,0,v
2026-03-24 8:48,0.937,0.008,0,0,0,0,v
2026-03-24 8:54,0.903,0.008,0,0,0,0,v
2026-03-24 9:00,0.867,0.008,0,0,0,0,v
2026-03-24 9:06,0.838,0.008,0,0,0,0,v
2026-03-24 9:12,0.809,0.008,0,0,0,0,v
2026-03-24 9:18,0.784,0.008,0,0,0,0,v
2026-03-24 9:24,0.757,0.008,0,0,0,0,v
2026-03-24 9:30,0.725,0.008,0,0,0,0,v
2026-03-24 9:36,0.698,0.008,0,0,0,0,v
2026-03-24 9:42,0.673,0.008,0,0,0,0,v
2026-03-24 9:48,0.646,0.008,0,0,0,0,v
2026-03-24 9:54,0.623,0.008,0,0,0,0,v
2026-03-24 10:00,0.6,0.008,0,0,0,0,v
2026-03-24 10:06,0.575,0.008,0,0,0,0,v
2026-03-24 10:12,0.548,0.008,0,0,0,0,v
2026-03-24 10:18,0.502,0.008,0,0,0,0,v
2026-03-24 10:24,0.493,0.008,0,0,0,0,v
2026-03-24 10:30,0.467,0.008,0,0,0,0,v
2026-03-24 10:36,0.454,0.008,0,0,0,0,v
2026-03-24 10:42,0.435,0.008,0,0,0,0,v
2026-03-24 10:48,0.416,0.008,0,0,0,0,v
2026-03-24 10:54,0.39,0.008,0,0,0,0,v
2026-03-24 11:00,0.369,0.008,0,0,0,0,v
2026-03-24 11:06,0.347,0.008,0,0,0,0,v
2026-03-24 11:12,0.326,0.008,0,0,0,0,v
2026-03-24 11:18,0.304,0.008,0,0,0,0,v
2026-03-24 11:24,0.286,0.008,0,0,0,0,v
2026-03-24 11:30,0.265,0.008,0,0,0,0,v
2026-03-24 11:36,0.245,0.008,0,0,0,0,v
2026-03-24 11:42,0.23,0.008,0,0,0,0,v
2026-03-24 11:48,0.209,0.008,0,0,0,0,v
2026-03-24 11:54,0.193,0.008,0,0,0,0,v
2026-03-24 12:00,0.177,0.008,0,0,0,0,v
2026-03-24 12:06,0.161,0.008,0,0,0,0,v
2026-03-24 12:12,0.15,0.008,0,0,0,0,v
2026-03-24 12:18,0.139,0.008,0,0,0,0,v
2026-03-24 12:24,0.126,0.008,0,0,0,0,v
2026-03-24 12:30,0.117,0.008,0,0,0,0,v
2026-03-24 12:36,0.11,0.008,0,0,0,0,v
2026-03-24 12:42,0.099,0.008,0,0,0,0,v
2026-03-24 12:48,0.092,0.008,0,0,0,0,v
2026-03-24 12:54,0.092,0.008,0,0,0,0,v
2026-03-24 13:00,0.091,0.008,0,0,0,0,v
2026-03-24 13:06,0.094,0.008,0,0,0,0,v
2026-03-24 13:12,0.099,0.008,0,0,0,0,v
2026-03-24 13:18,0.106,0.008,0,0,0,0,v
2026-03-24 13:24,0.113,0.008,0,0,0,0,v
2026-03-24 13:30,0.126,0.008,0,0,0,0,v
2026-03-24 13:36,0.139,0.008,0,0,0,0,v
2026-03-24 13:42,0.155,0.008,0,0,0,0,v
2026-03-24 13:48,0.171,0.008,0,0,0,0,v
2026-03-24 13:54,0.189,0.008,0,0,0,0,v
2026-03-24 14:00,0.21,0.008,0,0,0,0,v
2026-03-24 14:06,0.226,0.008,0,0,0,0,v
2026-03-24 14:12,0.244,0.008,0,0,0,0,v
2026-03-24 14:18,0.265,0.008,0,0,0,0,v
2026-03-24 14:24,0.292,0.008,0,0,0,0,v
2026-03-24 14:30,0.318,0.008,0,0,0,0,v
2026-03-24 14:36,0.344,0.008,0,0,0,0,v
2026-03-24 14:42,0.37,0.008,0,0,0,0,v
2026-03-24 14:48,0.402,0.008,0,0,0,0,v
2026-03-24 14:54,0.433,0.008,0,0,0,0,v
2026-03-24 15:00,0.462,0.008,0,0,0,0,v
2026-03-24 15:06,0.494,0.008,0,0,0,0,v
2026-03-24 15:12,0.519,0.008,0,0,0,0,v
2026-03-24 15:18,0.55,0.008,0,0,0,0,v
2026-03-24 15:24,0.578,0.008,0,0,0,0,v
2026-03-24 15:30,0.609,0.008,0,0,0,0,v
2026-03-24 15:36,0.641,0.008,0,0,0,0,v
2026-03-24 15:42,0.677,0.008,0,0,0,0,v
2026-03-24 15:48,0.71,0.008,0,0,0,0,v
2026-03-24 15:54,0.74,0.008,0,0,0,0,v
2026-03-24 16:00,0.778,0.008,0,0,0,0,v
2026-03-24 16:06,0.815,0.008,0,0,0,0,v
2026-03-24 16:12,0.85,0.008,0,0,0,0,v
2026-03-24 16:18,0.891,0.008,0,0,0,0,v
2026-03-24 16:24,0.936,0.008,0,0,0,0,v
2026-03-24 16:30,0.937,0.008,0,0,0,0,v
2026-03-24 16:36,0.988,0.008,0,0,0,0,v
2026-03-24 16:42,1.009,0.008,0,0,0,0,v
2026-03-24 16:48,1.053,0.008,0,0,0,0,v
2026-03-24 16:54,1.084,0.008,0,0,0,0,v
2026-03-24 17:00,1.112,0.008,0,0,0,0,v
2026-03-24 17:06,1.131,0.008,0,0,0,0,v
2026-03-24 17:12,1.154,0.008,0,0,0,0,v
2026-03-24 17:18,1.182,0.008,0,0,0,0,v
2026-03-24 17:24,1.203,0.008,0,0,0,0,v
2026-03-24 17:30,1.225,0.008,0,0,0,0,v
2026-03-24 17:36,1.245,0.008,0,0,0,0,v
2026-03-24 17:42,1.264,0.008,0,0,0,0,v
2026-03-24 17:48,1.279,0.008,0,0,0,0,v
2026-03-24 17:54,1.297,0.008,0,0,0,0,v
2026-03-24 18:00,1.31,0.008,0,0,0,0,v
2026-03-24 18:06,1.32,0.008,0,0,0,0,v
2026-03-24 18:12,1.333,0.008,0,0,0,0,v
2026-03-24 18:18,1.345,0.008,0,0,0,0,v
2026-03-24 18:24,1.353,0.008,0,0,0,0,v
2026-03-24 18:30,1.363,0.008,0,0,0,0,v
2026-03-24 18:36,1.377,0.008,0,0,0,0,v
2026-03-24 18:42,1.373,0.008,0,0,0,0,v
2026-03-24 18:48,1.359,0.008,0,0,0,0,v
2026-03-24 18:54,1.364,0.008,0,0,0,0,v
2026-03-24 19:00,1.375,0.008,0,0,0,0,v
2026-03-24 19:06,1.391,0.008,0,0,0,0,v
2026-03-24 19:12,1.377,0.008,0,0,0,0,v
2026-03-24 19:18,1.372,0.008,0,0,0,0,v
2026-03-24 19:24,1.361,0.008,0,0,0,0,v
2026-03-24 19:30,1.358,0.008,0,0,0,0,v
2026-03-24 19:36,1.35,0.008,0,0,0,0,v
2026-03-24 19:42,1.342,0.008,0,0,0,0,v
2026-03-24 19:48,1.322,0.008,0,0,0,0,v
2026-03-24 19:54,1.304,0.008,0,0,0,0,v
2026-03-24 20:00,1.285,0.008,0,0,0,0,v
2026-03-24 20:06,1.263,0.008,0,0,0,0,v
2026-03-24 20:12,1.248,0.008,0,0,0,0,v
2026-03-24 20:18,1.223,0.008,0,0,0,0,v
2026-03-24 20:24,1.197,0.008,0,0,0,0,v
2026-03-24 20:30,1.169,0.008,0,0,0,0,v
2026-03-24 20:36,1.139,0.008,0,0,0,0,v
2026-03-24 20:42,1.111,0.008,0,0,0,0,v
2026-03-24 20:48,1.081,0.008,0,0,0,0,v
2026-03-24 20:54,1.047,0.008,0,0,0,0,v
2026-03-24 21:00,1.016,0.008,0,0,0,0,v
2026-03-24 21:06,0.986,0.008,0,0,0,0,v
2026-03-24 21:12,0.949,0.008,0,0,0,0,v
2026-03-24 21:18,0.914,0.008,0,0,0,0,v
2026-03-24 21:24,0.88,0.008,0,0,0,0,v
2026-03-24 21:30,0.841,0.008,0,0,0,0,v
2026-03-24 21:36,0.803,0.008,0,0,0,0,v
2026-03-24 21:42,0.759,0.008,0,0,0,0,v
2026-03-24 21:48,0.722,0.008,0,0,0,0,v
2026-03-24 21:54,0.686,0.008,0,0,0,0,v
2026-03-24 22:00,0.662,0.008,0,0,0,0,v
2026-03-24 22:06,0.626,0.008,0,0,0,0,v
2026-03-24 22:12,0.601,0.008,0,0,0,0,v
2026-03-24 22:18,0.57,0.008,0,0,0,0,v
2026-03-24 22:24,0.548,0.008,0,0,0,0,v
2026-03-24 22:30,0.517,0.008,0,0,0,0,v
2026-03-24 22:36,0.492,0.008,0,0,0,0,v
2026-03-24 22:42,0.47,0.008,0,0,0,0,v
2026-03-24 22:48,0.436,0.008,0,0,0,0,v
2026-03-24 22:54,0.404,0.008,0,0,0,0,v
2026-03-24 23:00,0.384,0.008,0,0,0,0,v
2026-03-24 23:06,0.361,0.008,0,0,0,0,v
2026-03-24 23:12,0.338,0.008,0,0,0,0,v
2026-03-24 23:18,0.314,0.008,0,0,0,0,v
2026-03-24 23:24,0.295,0.008,0,0,0,0,v
2026-03-24 23:30,0.273,0.008,0,0,0,0,v
2026-03-24 23:36,0.252,0.008,0,0,0,0,v
2026-03-24 23:42,0.238,0.008,0,0,0,0,v
2026-03-24 23:48,0.224,0.008,0,0,0,0,v
2026-03-24 23:54,0.177,0.008,0,0,0,0,v
2026-03-25 0:00,0.156,0.008,0,0,0,0,v
2026-03-25 0:06,0.15,0.008,0,0,0,0,v
2026-03-25 0:12,0.132,0.008,0,0,0,0,v
2026-03-25 0:18,0.118,0.008,0,0,0,0,v
2026-03-25 0:24,0.11,0.008,0,0,0,0,v
2026-03-25 0:30,0.102,0.008,0,0,0,0,v
2026-03-25 0:36,0.091,0.008,0,0,0,0,v
2026-03-25 0:42,0.079,0.008,0,0,0,0,v
2026-03-25 0:48,0.079,0.008,0,0,0,0,v
2026-03-25 0:54,0.082,0.008,0,0,0,0,v
2026-03-25 1:00,0.085,0.008,0,0,0,0,v
2026-03-25 1:06,0.087,0.008,0,0,0,0,v
2026-03-25 1:12,0.095,0.008,0,0,0,0,v
2026-03-25 1:18,0.104,0.008,0,0,0,0,v
2026-03-25 1:24,0.114,0.008,0,0,0,0,v
2026-03-25 1:30,0.133,0.008,0,0,0,0,v
2026-03-25 1:36,0.155,0.008,0,0,0,0,v
2026-03-25 1:42,0.18,0.008,0,0,0,0,v
2026-03-25 1:48,0.206,0.008,0,0,0,0,v
2026-03-25 1:54,0.236,0.008,0,0,0,0,v
2026-03-25 2:00,0.267,0.008,0,0,0,0,v
2026-03-25 2:06,0.301,0.008,0,0,0,0,v
2026-03-25 2:12,0.332,0.008,0,0,0,0,v
2026-03-25 2:18,0.366,0.008,0,0,0,0,v
2026-03-25 2:24,0.399,0.008,0,0,0,0,v
2026-03-25 2:30,0.436,0.008,0,0,0,0,v
2026-03-25 2:36,0.473,0.008,0,0,0,0,v
2026-03-25 2:42,0.513,0.008,0,0,0,0,v
2026-03-25 2:48,0.553,0.008,0,0,0,0,v
2026-03-25 2:54,0.595,0.008,0,0,0,0,v
2026-03-25 3:00,0.637,0.008,0,0,0,0,v
2026-03-25 3:06,0.679,0.008,0,0,0,0,v
2026-03-25 3:12,0.726,0.008,0,0,0,0,v
2026-03-25 3:18,0.763,0.008,0,0,0,0,v
2026-03-25 3:24,0.807,0.008,0,0,0,0,v
2026-03-25 3:30,0.845,0.008,0,0,0,0,v
2026-03-25 3:36,0.886,0.008,0,0,0,0,v
2026-03-25 3:42,0.923,0.008,0,0,0,0,v
2026-03-25 3:48,0.959,0.008,0,0,0,0,v
2026-03-25 3:54,0.996,0.008,0,0,0,0,v
2026-03-25 4:00,1.026,0.008,0,0,0,0,v
2026-03-25 4:06,1.061,0.008,0,0,0,0,v
2026-03-25 4:12,1.095,0.008,0,0,0,0,v
2026-03-25 4:18,1.121,0.008,0,0,0,0,v
2026-03-25 4:24,1.153,0.008,0,0,0,0,v
2026-03-25 4:30,1.174,0.008,0,0,0,0,v
2026-03-25 4:36,1.202,0.008,0,0,0,0,v
2026-03-25 4:42,1.223,0.008,0,0,0,0,v
2026-03-25 4:48,1.249,0.008,0,0,0,0,v
2026-03-25 4:54,1.269,0.008,0,0,0,0,v
2026-03-25 5:00,1.287,0.008,0,0,0,0,v
2026-03-25 5:06,1.304,0.008,0,0,0,0,v
2026-03-25 5:12,1.322,0.008,0,0,0,0,v
2026-03-25 5:18,1.345,0.008,0,0,0,0,v
2026-03-25 5:24,1.368,0.008,0,0,0,0,v
2026-03-25 5:30,1.387,0.008,0,0,0,0,v
2026-03-25 5:36,1.4,0.008,0,0,0,0,v
2026-03-25 5:42,1.415,0.008,0,0,0,0,v
2026-03-25 5:48,1.43,0.008,0,0,0,0,v
2026-03-25 5:54,1.445,0.008,0,0,0,0,v
2026-03-25 6:00,1.461,0.008,0,0,0,0,v
2026-03-25 6:06,1.475,0.008,0,0,0,0,v
2026-03-25 6:12,1.49,0.008,0,0,0,0,v
2026-03-25 6:18,1.505,0.008,0,0,0,0,v
2026-03-25 6:24,1.52,0.008,0,0,0,0,v
2026-03-25 6:30,1.534,0.008,0,0,0,0,v
2026-03-25 6:36,1.548,0.008,0,0,0,0,v
2026-03-25 6:42,1.56,0.008,0,0,0,0,v
2026-03-25 6:48,1.573,0.008,0,0,0,0,v
2026-03-25 6:54,1.584,0.008,0,0,0,0,v
2026-03-25 7:00,1.592,0.008,0,0,0,0,v
2026-03-25 7:06,1.599,0.008,0,0,0,0,v
2026-03-25 7:12,1.605,0.008,0,0,0,0,v
2026-03-25 7:18,1.609,0.008,0,0,0,0,v
2026-03-25 7:24,1.614,0.008,0,0,0,0,v
2026-03-25 7:30,1.618,0.008,0,0,0,0,v
2026-03-25 7:36,1.62,0.008,0,0,0,0,v
2026-03-25 7:42,1.619,0.008,0,0,0,0,v
2026-03-25 7:48,1.616,0.008,0,0,0,0,v
2026-03-25 7:54,1.611,0.008,0,0,0,0,v
2026-03-25 8:00,1.606,0.008,0,0,0,0,v
2026-03-25 8:06,1.596,0.008,0,0,0,0,v
2026-03-25 8:12,1.587,0.008,0,0,0,0,v
2026-03-25 8:18,1.572,0.008,0,0,0,0,v
2026-03-25 8:24,1.558,0.008,0,0,0,0,v
2026-03-25 8:30,1.543,0.008,0,0,0,0,v
2026-03-25 8:36,1.527,0.008,0,0,0,0,v
2026-03-25 8:42,1.508,0.008,0,0,0,0,v
2026-03-25 8:48,1.487,0.008,0,0,0,0,v
2026-03-25 8:54,1.463,0.008,0,0,0,0,v
2026-03-25 9:00,1.436,0.008,0,0,0,0,v
2026-03-25 9:06,1.414,0.008,0,0,0,0,v
2026-03-25 9:12,1.39,0.008,0,0,0,0,v
2026-03-25 9:18,1.363,0.008,0,0,0,0,v
2026-03-25 9:24,1.33,0.008,0,0,0,0,v
2026-03-25 9:30,1.299,0.008,0,0,0,0,v
2026-03-25 9:36,1.272,0.008,0,0,0,0,v
2026-03-25 9:42,1.244,0.008,0,0,0,0,v
2026-03-25 9:48,1.214,0.008,0,0,0,0,v
2026-03-25 9:54,1.181,0.008,0,0,0,0,v
2026-03-25 10:00,1.15,0.008,0,0,0,0,v
2026-03-25 10:06,1.119,0.008,0,0,0,0,v
2026-03-25 10:12,1.089,0.008,0,0,0,0,v
2026-03-25 10:18,1.051,0.008,0,0,0,0,v
2026-03-25 10:24,1.021,0.008,0,0,0,0,v
2026-03-25 10:30,0.986,0.008,0,0,0,0,v
2026-03-25 10:36,0.958,0.008,0,0,0,0,v
2026-03-25 10:42,0.928,0.008,0,0,0,0,v
2026-03-25 10:48,0.904,0.008,0,0,0,0,v
2026-03-25 10:54,0.878,0.008,0,0,0,0,v
2026-03-25 11:00,0.858,0.008,0,0,0,0,v
2026-03-25 11:06,0.825,0.008,0,0,0,0,v
2026-03-25 11:12,0.799,0.008,0,0,0,0,v
2026-03-25 11:18,0.774,0.008,0,0,0,0,v
2026-03-25 11:24,0.745,0.008,0,0,0,0,v
2026-03-25 11:30,0.711,0.008,0,0,0,0,v
2026-03-25 11:36,0.682,0.008,0,0,0,0,v
2026-03-25 11:42,0.652,0.008,0,0,0,0,v
2026-03-25 11:48,0.633,0.008,0,0,0,0,v
2026-03-25 11:54,0.605,0.008,0,0,0,0,v
2026-03-25 12:00,0.578,0.008,0,0,0,0,v
2026-03-25 12:06,0.552,0.008,0,0,0,0,v
2026-03-25 12:12,0.526,0.008,0,0,0,0,v
2026-03-25 12:18,0.501,0.008,0,0,0,0,v
2026-03-25 12:24,0.479,0.008,0,0,0,0,v
2026-03-25 12:30,0.453,0.008,0,0,0,0,v
2026-03-25 12:36,0.429,0.008,0,0,0,0,v
2026-03-25 12:42,0.404,0.008,0,0,0,0,v
2026-03-25 12:48,0.386,0.008,0,0,0,0,v
2026-03-25 12:54,0.364,0.008,0,0,0,0,v
2026-03-25 13:00,0.341,0.008,0,0,0,0,v
2026-03-25 13:06,0.322,0.008,0,0,0,0,v
2026-03-25 13:12,0.301,0.008,0,0,0,0,v
2026-03-25 13:18,0.28,0.008,0,0,0,0,v
2026-03-25 13:24,0.262,0.008,0,0,0,0,v
2026-03-25 13:30,0.246,0.008,0,0,0,0,v
2026-03-25 13:36,0.231,0.008,0,0,0,0,v
2026-03-25 13:42,0.219,0.008,0,0,0,0,v
2026-03-25 13:48,0.21,0.008,0,0,0,0,v
2026-03-25 13:54,0.205,0.008,0,0,0,0,v
2026-03-25 14:00,0.199,0.008,0,0,0,0,v
2026-03-25 14:06,0.195,0.008,0,0,0,0,v
2026-03-25 14:12,0.195,0.008,0,0,0,0,v
2026-03-25 14:18,0.197,0.008,0,0,0,0,v
2026-03-25 14:24,0.198,0.008,0,0,0,0,v
2026-03-25 14:30,0.204,0.008,0,0,0,0,v
2026-03-25 14:36,0.204,0.008,0,0,0,0,v
2026-03-25 14:42,0.212,0.008,0,0,0,0,v
2026-03-25 14:48,0.225,0.008,0,0,0,0,v
2026-03-25 14:54,0.239,0.008,0,0,0,0,v
2026-03-25 15:00,0.257,0.008,0,0,0,0,v
2026-03-25 15:06,0.278,0.008,0,0,0,0,v
2026-03-25 15:12,0.304,0.008,0,0,0,0,v
2026-03-25 15:18,0.331,0.008,0,0,0,0,v
2026-03-25 15:24,0.357,0.008,0,0,0,0,v
2026-03-25 15:30,0.391,0.008,0,0,0,0,v
2026-03-25 15:36,0.426,0.008,0,0,0,0,v
2026-03-25 15:42,0.462,0.008,0,0,0,0,v
2026-03-25 15:48,0.502,0.008,0,0,0,0,v
2026-03-25 15:54,0.543,0.008,0,0,0,0,v
2026-03-25 16:00,0.582,0.008,0,0,0,0,v
2026-03-25 16:06,0.62,0.008,0,0,0,0,v
2026-03-25 16:12,0.656,0.008,0,0,0,0,v
2026-03-25 16:18,0.692,0.008,0,0,0,0,v
2026-03-25 16:24,0.73,0.008,0,0,0,0,v
2026-03-25 16:30,0.768,0.008,0,0,0,0,v
2026-03-25 16:36,0.809,0.008,0,0,0,0,v
2026-03-25 16:42,0.847,0.008,0,0,0,0,v
2026-03-25 16:48,0.884,0.008,0,0,0,0,v
2026-03-25 16:54,0.92,0.008,0,0,0,0,v
2026-03-25 17:00,0.954,0.008,0,0,0,0,v
2026-03-25 17:06,0.985,0.008,0,0,0,0,v
2026-03-25 17:12,1.015,0.008,0,0,0,0,v
2026-03-25 17:18,1.044,0.008,0,0,0,0,v
2026-03-25 17:24,1.073,0.008,0,0,0,0,v
2026-03-25 17:30,1.099,0.008,0,0,0,0,v
2026-03-25 17:36,1.122,0.008,0,0,0,0,v
2026-03-25 17:42,1.144,0.008,0,0,0,0,v
2026-03-25 17:48,1.164,0.008,0,0,0,0,v
2026-03-25 17:54,1.186,0.008,0,0,0,0,v
2026-03-25 18:00,1.204,0.008,0,0,0,0,v
2026-03-25 18:06,1.223,0.008,0,0,0,0,v
2026-03-25 18:12,1.239,0.008,0,0,0,0,v
2026-03-25 18:18,1.256,0.008,0,0,0,0,v
2026-03-25 18:24,1.271,0.008,0,0,0,0,v
2026-03-25 18:30,1.286,0.008,0,0,0,0,v
2026-03-25 18:36,1.299,0.008,0,0,0,0,v
2026-03-25 18:42,1.31,0.008,0,0,0,0,v
2026-03-25 18:48,1.32,0.008,0,0,0,0,v
2026-03-25 18:54,1.328,0.008,0,0,0,0,v
2026-03-25 19:00,1.341,0.008,0,0,0,0,v
2026-03-25 19:06,1.348,0.008,0,0,0,0,v
2026-03-25 19:12,1.354,0.008,0,0,0,0,v
2026-03-25 19:18,1.36,0.008,0,0,0,0,v
2026-03-25 19:24,1.366,0.008,0,0,0,0,v
2026-03-25 19:30,1.367,0.008,0,0,0,0,v
2026-03-25 19:36,1.371,0.008,0,0,0,0,v
2026-03-25 19:42,1.373,0.008,0,0,0,0,v
2026-03-25 19:48,1.369,0.008,0,0,0,0,v
2026-03-25 19:54,1.367,0.008,0,0,0,0,v
2026-03-25 20:00,1.363,0.008,0,0,0,0,v
2026-03-25 20:06,1.36,0.008,0,0,0,0,v
2026-03-25 20:12,1.353,0.008,0,0,0,0,v
2026-03-25 20:18,1.354,0.008,0,0,0,0,v
2026-03-25 20:24,1.328,0.008,0,0,0,0,v
2026-03-25 20:30,1.305,0.008,0,0,0,0,v
2026-03-25 20:36,1.299,0.008,0,0,0,0,v
2026-03-25 20:42,1.286,0.008,0,0,0,0,v
2026-03-25 20:48,1.27,0.008,0,0,0,0,v
2026-03-25 20:54,1.259,0.008,0,0,0,0,v
2026-03-25 21:00,1.226,0.008,0,0,0,0,v
2026-03-25 21:06,1.201,0.008,0,0,0,0,v
2026-03-25 21:12,1.172,0.008,0,0,0,0,v
2026-03-25 21:18,1.145,0.008,0,0,0,0,v
2026-03-25 21:24,1.117,0.008,0,0,0,0,v
2026-03-25 21:30,1.088,0.008,0,0,0,0,v
2026-03-25 21:36,1.057,0.008,0,0,0,0,v
2026-03-25 21:42,1.029,0.008,0,0,0,0,v
2026-03-25 21:48,0.995,0.008,0,0,0,0,v
2026-03-25 21:54,0.967,0.008,0,0,0,0,v
2026-03-25 22:00,0.938,0.008,0,0,0,0,v
2026-03-25 22:06,0.904,0.008,0,0,0,0,v
2026-03-25 22:12,0.873,0.008,0,0,0,0,v
2026-03-25 22:18,0.844,0.008,0,0,0,0,v
2026-03-25 22:24,0.812,0.008,0,0,0,0,v
2026-03-25 22:30,0.778,0.008,0,0,0,0,v
2026-03-25 22:36,0.745,0.008,0,0,0,0,v
2026-03-25 22:42,0.715,0.008,0,0,0,0,v
2026-03-25 22:48,0.688,0.008,0,0,0,0,v
2026-03-25 22:54,0.661,0.008,0,0,0,0,v
2026-03-25 23:00,0.637,0.008,0,0,0,0,v
2026-03-25 23:06,0.614,0.008,0,0,0,0,v
2026-03-25 23:12,0.587,0.008,0,0,0,0,v
2026-03-25 23:18,0.567,0.008,0,0,0,0,v
2026-03-25 23:24,0.543,0.008,0,0,0,0,v
2026-03-25 23:30,0.521,0.008,0,0,0,0,v
2026-03-25 23:36,0.499,0.008,0,0,0,0,v
2026-03-25 23:42,0.476,0.008,0,0,0,0,v
2026-03-25 23:48,0.452,0.008,0,0,0,0,v
2026-03-25 23:54,0.427,0.008,0,0,0,0,v
2026-03-26 0:00,0.401,0.008,0,0,0,0,v
2026-03-26 0:06,0.381,0.008,0,0,0,0,v
2026-03-26 0:12,0.359,0.008,0,0,0,0,v
2026-03-26 0:18,0.335,0.008,0,0,0,0,v
2026-03-26 0:24,0.31,0.008,0,0,0,0,v
2026-03-26 0:30,0.291,0.008,0,0,0,0,v
2026-03-26 0:36,0.274,0.008,0,0,0,0,v
2026-03-26 0:42,0.257,0.008,0,0,0,0,v
2026-03-26 0:48,0.239,0.008,0,0,0,0,v
2026-03-26 0:54,0.22,0.008,0,0,0,0,v
2026-03-26 1:00,0.204,0.008,0,0,0,0,v
2026-03-26 1:06,0.189,0.008,0,0,0,0,v
2026-03-26 1:12,0.176,0.008,0,0,0,0,v
2026-03-26 1:18,0.164,0.008,0,0,0,0,v
2026-03-26 1:24,0.153,0.008,0,0,0,0,v
2026-03-26 1:30,0.144,0.008,0,0,0,0,v
2026-03-26 1:36,0.137,0.008,0,0,0,0,v
2026-03-26 1:42,0.135,0.008,0,0,0,0,v
2026-03-26 1:48,0.135,0.008,0,0,0,0,v
2026-03-26 1:54,0.135,0.008,0,0,0,0,v
2026-03-26 2:00,0.14,0.008,0,0,0,0,v
2026-03-26 2:06,0.15,0.008,0,0,0,0,v
2026-03-26 2:12,0.162,0.008,0,0,0,0,v
2026-03-26 2:18,0.175,0.008,0,0,0,0,v
2026-03-26 2:24,0.191,0.008,0,0,0,0,v
2026-03-26 2:30,0.212,0.008,0,0,0,0,v
2026-03-26 2:36,0.237,0.008,0,0,0,0,v
2026-03-26 2:42,0.264,0.008,0,0,0,0,v
2026-03-26 2:48,0.293,0.008,0,0,0,0,v
2026-03-26 2:54,0.325,0.008,0,0,0,0,v
2026-03-26 3:00,0.359,0.008,0,0,0,0,v
2026-03-26 3:06,0.396,0.008,0,0,0,0,v
2026-03-26 3:12,0.434,0.008,0,0,0,0,v
2026-03-26 3:18,0.472,0.008,0,0,0,0,v
2026-03-26 3:24,0.511,0.008,0,0,0,0,v
2026-03-26 3:30,0.549,0.008,0,0,0,0,v
2026-03-26 3:36,0.588,0.008,0,0,0,0,v
2026-03-26 3:42,0.628,0.008,0,0,0,0,v
2026-03-26 3:48,0.666,0.008,0,0,0,0,v
2026-03-26 3:54,0.705,0.008,0,0,0,0,v
2026-03-26 4:00,0.743,0.008,0,0,0,0,v
2026-03-26 4:06,0.78,0.008,0,0,0,0,v
2026-03-26 4:12,0.813,0.008,0,0,0,0,v
2026-03-26 4:18,0.846,0.008,0,0,0,0,v
2026-03-26 4:24,0.878,0.008,0,0,0,0,v
2026-03-26 4:30,0.908,0.008,0,0,0,0,v
2026-03-26 4:36,0.94,0.008,0,0,0,0,v
2026-03-26 4:42,0.973,0.008,0,0,0,0,v
2026-03-26 4:48,1.006,0.008,0,0,0,0,v
2026-03-26 4:54,1.038,0.008,0,0,0,0,v
2026-03-26 5:00,1.068,0.008,0,0,0,0,v
2026-03-26 5:06,1.095,0.008,0,0,0,0,v
2026-03-26 5:12,1.123,0.008,0,0,0,0,v
2026-03-26 5:18,1.15,0.008,0,0,0,0,v
2026-03-26 5:24,1.177,0.008,0,0,0,0,v
2026-03-26 5:30,1.201,0.008,0,0,0,0,v
2026-03-26 5:36,1.223,0.008,0,0,0,0,v
2026-03-26 5:42,1.244,0.008,0,0,0,0,v
2026-03-26 5:48,1.264,0.008,0,0,0,0,v
2026-03-26 5:54,1.284,0.008,0,0,0,0,v
2026-03-26 6:00,1.305,0.008,0,0,0,0,v
2026-03-26 6:06,1.324,0.008,0,0,0,0,v
2026-03-26 6:12,1.343,0.008,0,0,0,0,v
2026-03-26 6:18,1.361,0.008,0,0,0,0,v
2026-03-26 6:24,1.379,0.008,0,0,0,0,v
2026-03-26 6:30,1.396,0.008,0,0,0,0,v
2026-03-26 6:36,1.411,0.008,0,0,0,0,v
2026-03-26 6:42,1.428,0.008,0,0,0,0,v
2026-03-26 6:48,1.444,0.008,0,0,0,0,v
2026-03-26 6:54,1.458,0.008,0,0,0,0,v
2026-03-26 7:00,1.471,0.008,0,0,0,0,v
2026-03-26 7:06,1.483,0.008,0,0,0,0,v
2026-03-26 7:12,1.494,0.008,0,0,0,0,v
2026-03-26 7:18,1.507,0.008,0,0,0,0,v
2026-03-26 7:24,1.521,0.008,0,0,0,0,v
2026-03-26 7:30,1.528,0.008,0,0,0,0,v
2026-03-26 7:36,1.541,0.008,0,0,0,0,v
2026-03-26 7:42,1.546,0.008,0,0,0,0,v
2026-03-26 7:48,1.559,0.008,0,0,0,0,v
2026-03-26 7:54,1.563,0.008,0,0,0,0,v
2026-03-26 8:00,1.571,0.008,0,0,0,0,v
2026-03-26 8:06,1.575,0.008,0,0,0,0,v
2026-03-26 8:12,1.583,0.008,0,0,0,0,v
2026-03-26 8:18,1.582,0.008,0,0,0,0,v
2026-03-26 8:24,1.585,0.008,0,0,0,0,v
2026-03-26 8:30,1.583,0.008,0,0,0,0,v
2026-03-26 8:36,1.579,0.008,0,0,0,0,v
2026-03-26 8:42,1.572,0.008,0,0,0,0,v
2026-03-26 8:48,1.566,0.008,0,0,0,0,v
2026-03-26 8:54,1.558,0.008,0,0,0,0,v
2026-03-26 9:00,1.546,0.008,0,0,0,0,v
2026-03-26 9:06,1.534,0.008,0,0,0,0,v
2026-03-26 9:12,1.519,0.008,0,0,0,0,v
2026-03-26 9:18,1.502,0.008,0,0,0,0,v
2026-03-26 9:24,1.483,0.008,0,0,0,0,v
2026-03-26 9:30,1.463,0.008,0,0,0,0,v
2026-03-26 9:36,1.442,0.008,0,0,0,0,v
2026-03-26 9:42,1.423,0.008,0,0,0,0,v
2026-03-26 9:48,1.405,0.008,0,0,0,0,v
2026-03-26 9:54,1.382,0.008,0,0,0,0,v
2026-03-26 10:00,1.35,0.008,0,0,0,0,v
2026-03-26 10:06,1.32,0.008,0,0,0,0,v
2026-03-26 10:12,1.287,0.008,0,0,0,0,v
2026-03-26 10:18,1.26,0.008,0,0,0,0,v
2026-03-26 10:24,1.236,0.008,0,0,0,0,v
2026-03-26 10:30,1.21,0.008,0,0,0,0,v
2026-03-26 10:36,1.181,0.008,0,0,0,0,v
2026-03-26 10:42,1.151,0.008,0,0,0,0,v
2026-03-26 10:48,1.12,0.008,0,0,0,0,v
2026-03-26 10:54,1.089,0.008,0,0,0,0,v
2026-03-26 11:00,1.056,0.008,0,0,0,0,v
2026-03-26 11:06,1.022,0.008,0,0,0,0,v
2026-03-26 11:12,0.99,0.008,0,0,0,0,v
2026-03-26 11:18,0.96,0.008,0,0,0,0,v
2026-03-26 11:24,0.93,0.008,0,0,0,0,v
2026-03-26 11:30,0.903,0.008,0,0,0,0,v
2026-03-26 11:36,0.878,0.008,0,0,0,0,v
2026-03-26 11:42,0.849,0.008,0,0,0,0,v
2026-03-26 11:48,0.823,0.008,0,0,0,0,v
2026-03-26 11:54,0.797,0.008,0,0,0,0,v
2026-03-26 12:00,0.771,0.008,0,0,0,0,v
2026-03-26 12:06,0.743,0.008,0,0,0,0,v
2026-03-26 12:12,0.714,0.008,0,0,0,0,v
2026-03-26 12:18,0.692,0.008,0,0,0,0,v
2026-03-26 12:24,0.669,0.008,0,0,0,0,v
2026-03-26 12:30,0.644,0.008,0,0,0,0,v
2026-03-26 12:36,0.616,0.008,0,0,0,0,v
2026-03-26 12:42,0.59,0.008,0,0,0,0,v
2026-03-26 12:48,0.563,0.008,0,0,0,0,v
2026-03-26 12:54,0.538,0.008,0,0,0,0,v
2026-03-26 13:00,0.512,0.008,0,0,0,0,v
2026-03-26 13:06,0.49,0.008,0,0,0,0,v
2026-03-26 13:12,0.463,0.008,0,0,0,0,v
2026-03-26 13:18,0.438,0.008,0,0,0,0,v
2026-03-26 13:24,0.414,0.008,0,0,0,0,v
2026-03-26 13:30,0.391,0.008,0,0,0,0,v
2026-03-26 13:36,0.367,0.008,0,0,0,0,v
2026-03-26 13:42,0.345,0.008,0,0,0,0,v
2026-03-26 13:48,0.323,0.008,0,0,0,0,v
2026-03-26 13:54,0.304,0.008,0,0,0,0,v
2026-03-26 14:00,0.283,0.008,0,0,0,0,v
2026-03-26 14:06,0.261,0.008,0,0,0,0,v
2026-03-26 14:12,0.243,0.008,0,0,0,0,v
2026-03-26 14:18,0.225,0.008,0,0,0,0,v
2026-03-26 14:24,0.21,0.008,0,0,0,0,v
2026-03-26 14:30,0.196,0.008,0,0,0,0,v
2026-03-26 14:36,0.182,0.008,0,0,0,0,v
2026-03-26 14:42,0.17,0.008,0,0,0,0,v
2026-03-26 14:48,0.159,0.008,0,0,0,0,v
2026-03-26 14:54,0.151,0.008,0,0,0,0,v
2026-03-26 15:00,0.143,0.008,0,0,0,0,v
2026-03-26 15:06,0.138,0.008,0,0,0,0,v
2026-03-26 15:12,0.136,0.008,0,0,0,0,v
2026-03-26 15:18,0.136,0.008,0,0,0,0,v
2026-03-26 15:24,0.139,0.008,0,0,0,0,v
2026-03-26 15:30,0.147,0.008,0,0,0,0,v
2026-03-26 15:36,0.158,0.008,0,0,0,0,v
2026-03-26 15:42,0.167,0.008,0,0,0,0,v
2026-03-26 15:48,0.182,0.008,0,0,0,0,v
2026-03-26 15:54,0.201,0.008,0,0,0,0,v
2026-03-26 16:00,0.229,0.008,0,0,0,0,v
2026-03-26 16:06,0.256,0.008,0,0,0,0,v
2026-03-26 16:12,0.287,0.008,0,0,0,0,v
2026-03-26 16:18,0.316,0.008,0,0,0,0,v
2026-03-26 16:24,0.349,0.008,0,0,0,0,v
2026-03-26 16:30,0.381,0.008,0,0,0,0,v
2026-03-26 16:36,0.416,0.008,0,0,0,0,v
2026-03-26 16:42,0.454,0.008,0,0,0,0,v
2026-03-26 16:48,0.491,0.008,0,0,0,0,v
2026-03-26 16:54,0.533,0.008,0,0,0,0,v
2026-03-26 17:00,0.576,0.008,0,0,0,0,v
2026-03-26 17:06,0.617,0.008,0,0,0,0,v
2026-03-26 17:12,0.657,0.008,0,0,0,0,v
2026-03-26 17:18,0.698,0.008,0,0,0,0,v
2026-03-26 17:24,0.737,0.008,0,0,0,0,v
2026-03-26 17:30,0.774,0.008,0,0,0,0,v
2026-03-26 17:36,0.813,0.008,0,0,0,0,v
2026-03-26 17:42,0.856,0.008,0,0,0,0,v
2026-03-26 17:48,0.896,0.008,0,0,0,0,v
2026-03-26 17:54,0.902,0.008,0,0,0,0,v
2026-03-26 18:00,0.947,0.008,0,0,0,0,v
2026-03-26 18:06,0.971,0.008,0,0,0,0,v
2026-03-26 18:12,1.01,0.008,0,0,0,0,v
2026-03-26 18:18,1.03,0.008,0,0,0,0,v
2026-03-26 18:24,1.054,0.008,0,0,0,0,v
2026-03-26 18:30,1.07,0.008,0,0,0,0,v
2026-03-26 18:36,1.093,0.008,0,0,0,0,v
2026-03-26 18:42,1.113,0.008,0,0,0,0,v
2026-03-26 18:48,1.135,0.008,0,0,0,0,v
2026-03-26 18:54,1.152,0.008,0,0,0,0,v
2026-03-26 19:00,1.169,0.008,0,0,0,0,v
2026-03-26 19:06,1.186,0.008,0,0,0,0,v
2026-03-26 19:12,1.198,0.008,0,0,0,0,v
2026-03-26 19:18,1.213,0.008,0,0,0,0,v
2026-03-26 19:24,1.222,0.008,0,0,0,0,v
2026-03-26 19:30,1.235,0.008,0,0,0,0,v
2026-03-26 19:36,1.246,0.008,0,0,0,0,v
2026-03-26 19:42,1.257,0.008,0,0,0,0,v
2026-03-26 19:48,1.267,0.008,0,0,0,0,v
2026-03-26 19:54,1.274,0.008,0,0,0,0,v
2026-03-26 20:00,1.28,0.008,0,0,0,0,v
2026-03-26 20:06,1.285,0.008,0,0,0,0,v
2026-03-26 20:12,1.288,0.008,0,0,0,0,v
2026-03-26 20:18,1.29,0.008,0,0,0,0,v
2026-03-26 20:24,1.293,0.008,0,0,0,0,v
2026-03-26 20:30,1.294,0.008,0,0,0,0,v
2026-03-26 20:36,1.292,0.008,0,0,0,0,v
2026-03-26 20:42,1.291,0.008,0,0,0,0,v
2026-03-26 20:48,1.287,0.008,0,0,0,0,v
2026-03-26 20:54,1.28,0.008,0,0,0,0,v
2026-03-26 21:00,1.273,0.008,0,0,0,0,v
2026-03-26 21:06,1.265,0.008,0,0,0,0,v
2026-03-26 21:12,1.257,0.008,0,0,0,0,v
2026-03-26 21:18,1.242,0.008,0,0,0,0,v
2026-03-26 21:24,1.231,0.008,0,0,0,0,v
2026-03-26 21:30,1.213,0.008,0,0,0,0,v
2026-03-26 21:36,1.197,0.008,0,0,0,0,v
2026-03-26 21:42,1.178,0.008,0,0,0,0,v
2026-03-26 21:48,1.161,0.008,0,0,0,0,v
2026-03-26 21:54,1.143,0.008,0,0,0,0,v
2026-03-26 22:00,1.119,0.008,0,0,0,0,v
2026-03-26 22:06,1.091,0.008,0,0,0,0,v
2026-03-26 22:12,1.063,0.008,0,0,0,0,v
2026-03-26 22:18,1.037,0.008,0,0,0,0,v
2026-03-26 22:24,1.01,0.008,0,0,0,0,v
2026-03-26 22:30,0.986,0.008,0,0,0,0,v
2026-03-26 22:36,0.956,0.008,0,0,0,0,v
2026-03-26 22:42,0.936,0.008,0,0,0,0,v
2026-03-26 22:48,0.907,0.008,0,0,0,0,v
2026-03-26 22:54,0.882,0.008,0,0,0,0,v
2026-03-26 23:00,0.856,0.008,0,0,0,0,v
2026-03-26 23:06,0.827,0.008,0,0,0,0,v
2026-03-26 23:12,0.804,0.008,0,0,0,0,v
2026-03-26 23:18,0.779,0.008,0,0,0,0,v
2026-03-26 23:24,0.758,0.008,0,0,0,0,v
2026-03-26 23:30,0.735,0.008,0,0,0,0,v
2026-03-26 23:36,0.712,0.008,0,0,0,0,v
2026-03-26 23:42,0.676,0.008,0,0,0,0,v
2026-03-26 23:48,0.654,0.008,0,0,0,0,v
2026-03-26 23:54,0.636,0.008,0,0,0,0,v
2026-03-27 0:00,0.61,0.008,0,0,0,0,v
2026-03-27 0:06,0.579,0.008,0,0,0,0,v
2026-03-27 0:12,0.55,0.008,0,0,0,0,v
2026-03-27 0:18,0.536,0.008,0,0,0,0,v
2026-03-27 0:24,0.513,0.008,0,0,0,0,v
2026-03-27 0:30,0.497,0.008,0,0,0,0,v
2026-03-27 0:36,0.472,0.008,0,0,0,0,v
2026-03-27 0:42,0.449,0.008,0,0,0,0,v
2026-03-27 0:48,0.426,0.008,0,0,0,0,v
2026-03-27 0:54,0.41,0.008,0,0,0,0,v
2026-03-27 1:00,0.386,0.008,0,0,0,0,v
2026-03-27 1:06,0.367,0.008,0,0,0,0,v
2026-03-27 1:12,0.344,0.008,0,0,0,0,v
2026-03-27 1:18,0.321,0.008,0,0,0,0,v
2026-03-27 1:24,0.303,0.008,0,0,0,0,v
2026-03-27 1:30,0.28,0.008,0,0,0,0,v
2026-03-27 1:36,0.26,0.008,0,0,0,0,v
2026-03-27 1:42,0.237,0.008,0,0,0,0,v
2026-03-27 1:48,0.224,0.008,0,0,0,0,v
2026-03-27 1:54,0.2,0.008,0,0,0,0,v
2026-03-27 2:00,0.187,0.008,0,0,0,0,v
2026-03-27 2:06,0.174,0.008,0,0,0,0,v
2026-03-27 2:12,0.154,0.008,0,0,0,0,v
2026-03-27 2:18,0.136,0.008,0,0,0,0,v
2026-03-27 2:24,0.128,0.008,0,0,0,0,v
2026-03-27 2:30,0.116,0.008,0,0,0,0,v
2026-03-27 2:36,0.106,0.008,0,0,0,0,v
2026-03-27 2:42,0.085,0.008,0,0,0,0,v
2026-03-27 2:48,0.067,0.008,0,0,0,0,v
2026-03-27 2:54,0.06,0.008,0,0,0,0,v
2026-03-27 3:00,0.046,0.008,0,0,0,0,v
2026-03-27 3:06,0.038,0.008,0,0,0,0,v
2026-03-27 3:12,0.035,0.008,0,0,0,0,v
2026-03-27 3:18,0.028,0.008,0,0,0,0,v
2026-03-27 3:24,0.032,0.008,0,0,0,0,v
2026-03-27 3:30,0.032,0.008,0,0,0,0,v
2026-03-27 3:36,0.036,0.008,0,0,0,0,v
2026-03-27 3:42,0.042,0.008,0,0,0,0,v
2026-03-27 3:48,0.051,0.008,0,0,0,0,v
2026-03-27 3:54,0.064,0.008,0,0,0,0,v
2026-03-27 4:00,0.086,0.008,0,0,0,0,v
2026-03-27 4:06,0.115,0.008,0,0,0,0,v
2026-03-27 4:12,0.14,0.008,0,0,0,0,v
2026-03-27 4:18,0.169,0.008,0,0,0,0,v
2026-03-27 4:24,0.2,0.008,0,0,0,0,v
2026-03-27 4:30,0.233,0.008,0,0,0,0,v
2026-03-27 4:36,0.269,0.008,0,0,0,0,v
2026-03-27 4:42,0.309,0.008,0,0,0,0,v
2026-03-27 4:48,0.348,0.008,0,0,0,0,v
2026-03-27 4:54,0.391,0.008,0,0,0,0,v
2026-03-27 5:00,0.433,0.008,0,0,0,0,v
2026-03-27 5:06,0.476,0.008,0,0,0,0,v
2026-03-27 5:12,0.516,0.008,0,0,0,0,v
2026-03-27 5:18,0.559,0.008,0,0,0,0,v
2026-03-27 5:24,0.6,0.008,0,0,0,0,v
2026-03-27 5:30,0.641,0.008,0,0,0,0,v
2026-03-27 5:36,0.681,0.008,0,0,0,0,v
2026-03-27 5:42,0.72,0.008,0,0,0,0,v
2026-03-27 5:48,0.76,0.008,0,0,0,0,v
2026-03-27 5:54,0.798,0.008,0,0,0,0,v
2026-03-27 6:00,0.836,0.008,0,0,0,0,v
2026-03-27 6:06,0.873,0.008,0,0,0,0,v
2026-03-27 6:12,0.907,0.008,0,0,0,0,v
2026-03-27 6:18,0.942,0.008,0,0,0,0,v
2026-03-27 6:24,0.975,0.008,0,0,0,0,v
2026-03-27 6:30,1.006,0.008,0,0,0,0,v
2026-03-27 6:36,1.036,0.008,0,0,0,0,v
2026-03-27 6:42,1.066,0.008,0,0,0,0,v
2026-03-27 6:48,1.097,0.008,0,0,0,0,v
2026-03-27 6:54,1.125,0.008,0,0,0,0,v
2026-03-27 7:00,1.152,0.008,0,0,0,0,v
2026-03-27 7:06,1.178,0.008,0,0,0,0,v
2026-03-27 7:12,1.202,0.008,0,0,0,0,v
2026-03-27 7:18,1.223,0.008,0,0,0,0,v
2026-03-27 7:24,1.244,0.008,0,0,0,0,v
2026-03-27 7:30,1.262,0.008,0,0,0,0,v
2026-03-27 7:36,1.281,0.008,0,0,0,0,v
2026-03-27 7:42,1.301,0.008,0,0,0,0,v
2026-03-27 7:48,1.318,0.008,0,0,0,0,v
2026-03-27 7:54,1.334,0.008,0,0,0,0,v
2026-03-27 8:00,1.35,0.008,0,0,0,0,v
2026-03-27 8:06,1.365,0.008,0,0,0,0,v
2026-03-27 8:12,1.38,0.008,0,0,0,0,v
2026-03-27 8:18,1.393,0.008,0,0,0,0,v
2026-03-27 8:24,1.407,0.008,0,0,0,0,v
2026-03-27 8:30,1.417,0.008,0,0,0,0,v
2026-03-27 8:36,1.425,0.008,0,0,0,0,v
2026-03-27 8:42,1.434,0.008,0,0,0,0,v
2026-03-27 8:48,1.44,0.008,0,0,0,0,v
2026-03-27 8:54,1.447,0.008,0,0,0,0,v
2026-03-27 9:00,1.453,0.008,0,0,0,0,v
2026-03-27 9:06,1.459,0.008,0,0,0,0,v
2026-03-27 9:12,1.464,0.008,0,0,0,0,v
2026-03-27 9:18,1.467,0.008,0,0,0,0,v
2026-03-27 9:24,1.469,0.008,0,0,0,0,v
2026-03-27 9:30,1.468,0.008,0,0,0,0,v
2026-03-27 9:36,1.467,0.008,0,0,0,0,v
2026-03-27 9:42,1.463,0.008,0,0,0,0,v
2026-03-27 9:48,1.46,0.008,0,0,0,0,v
2026-03-27 9:54,1.456,0.008,0,0,0,0,v
2026-03-27 10:00,1.448,0.008,0,0,0,0,v
2026-03-27 10:06,1.436,0.008,0,0,0,0,v
2026-03-27 10:12,1.423,0.008,0,0,0,0,v
2026-03-27 10:18,1.409,0.008,0,0,0,0,v
2026-03-27 10:24,1.395,0.008,0,0,0,0,v
2026-03-27 10:30,1.377,0.008,0,0,0,0,v
2026-03-27 10:36,1.357,0.008,0,0,0,0,v
2026-03-27 10:42,1.336,0.008,0,0,0,0,v
2026-03-27 10:48,1.313,0.008,0,0,0,0,v
2026-03-27 10:54,1.286,0.008,0,0,0,0,v
2026-03-27 11:00,1.261,0.008,0,0,0,0,v
2026-03-27 11:06,1.233,0.008,0,0,0,0,v
2026-03-27 11:12,1.204,0.008,0,0,0,0,v
2026-03-27 11:18,1.172,0.008,0,0,0,0,v
2026-03-27 11:24,1.14,0.008,0,0,0,0,v
2026-03-27 11:30,1.109,0.008,0,0,0,0,v
2026-03-27 11:36,1.08,0.008,0,0,0,0,v
2026-03-27 11:42,1.052,0.008,0,0,0,0,v
2026-03-27 11:48,1.021,0.008,0,0,0,0,v
2026-03-27 11:54,0.99,0.008,0,0,0,0,v
2026-03-27 12:00,0.956,0.008,0,0,0,0,v
2026-03-27 12:06,0.923,0.008,0,0,0,0,v
2026-03-27 12:12,0.887,0.008,0,0,0,0,v
2026-03-27 12:18,0.854,0.008,0,0,0,0,v
2026-03-27 12:24,0.824,0.008,0,0,0,0,v
2026-03-27 12:30,0.793,0.008,0,0,0,0,v
2026-03-27 12:36,0.766,0.008,0,0,0,0,v
2026-03-27 12:42,0.739,0.008,0,0,0,0,v
2026-03-27 12:48,0.714,0.008,0,0,0,0,v
2026-03-27 12:54,0.686,0.008,0,0,0,0,v
2026-03-27 13:00,0.66,0.008,0,0,0,0,v
2026-03-27 13:06,0.638,0.008,0,0,0,0,v
2026-03-27 13:12,0.609,0.008,0,0,0,0,v
2026-03-27 13:18,0.587,0.008,0,0,0,0,v
2026-03-27 13:24,0.564,0.008,0,0,0,0,v
2026-03-27 13:30,0.54,0.008,0,0,0,0,v
2026-03-27 13:36,0.516,0.008,0,0,0,0,v
2026-03-27 13:42,0.494,0.008,0,0,0,0,v
2026-03-27 13:48,0.47,0.008,0,0,0,0,v
2026-03-27 13:54,0.446,0.008,0,0,0,0,v
2026-03-27 14:00,0.422,0.008,0,0,0,0,v
2026-03-27 14:06,0.399,0.008,0,0,0,0,v
2026-03-27 14:12,0.378,0.008,0,0,0,0,v
2026-03-27 14:18,0.358,0.008,0,0,0,0,v
2026-03-27 14:24,0.338,0.008,0,0,0,0,v
2026-03-27 14:30,0.318,0.008,0,0,0,0,v
2026-03-27 14:36,0.3,0.008,0,0,0,0,v
2026-03-27 14:42,0.28,0.008,0,0,0,0,v
2026-03-27 14:48,0.261,0.008,0,0,0,0,v
2026-03-27 14:54,0.242,0.008,0,0,0,0,v
2026-03-27 15:00,0.225,0.008,0,0,0,0,v
2026-03-27 15:06,0.207,0.008,0,0,0,0,v
2026-03-27 15:12,0.191,0.008,0,0,0,0,v
2026-03-27 15:18,0.173,0.008,0,0,0,0,v
2026-03-27 15:24,0.158,0.008,0,0,0,0,v
2026-03-27 15:30,0.143,0.008,0,0,0,0,v
2026-03-27 15:36,0.128,0.008,0,0,0,0,v
2026-03-27 15:42,0.116,0.008,0,0,0,0,v
2026-03-27 15:48,0.104,0.008,0,0,0,0,v
2026-03-27 15:54,0.093,0.008,0,0,0,0,v
2026-03-27 16:00,0.086,0.008,0,0,0,0,v
2026-03-27 16:06,0.074,0.008,0,0,0,0,v
2026-03-27 16:12,0.064,0.008,0,0,0,0,v
2026-03-27 16:18,0.061,0.008,0,0,0,0,v
2026-03-27 16:24,0.061,0.008,0,0,0,0,v
2026-03-27 16:30,0.063,0.008,0,0,0,0,v
2026-03-27 16:36,0.066,0.008,0,0,0,0,v
2026-03-27 16:42,0.076,0.008,0,0,0,0,v
2026-03-27 16:48,0.089,0.008,0,0,0,0,v
2026-03-27 16:54,0.106,0.008,0,0,0,0,v
2026-03-27 17:00,0.121,0.008,0,0,0,0,v
2026-03-27 17:06,0.145,0.008,0,0,0,0,v
2026-03-27 17:12,0.168,0.008,0,0,0,0,v
2026-03-27 17:18,0.195,0.008,0,0,0,0,v
2026-03-27 17:24,0.223,0.008,0,0,0,0,v
2026-03-27 17:30,0.257,0.008,0,0,0,0,v
2026-03-27 17:36,0.292,0.008,0,0,0,0,v
2026-03-27 17:42,0.326,0.008,0,0,0,0,v
2026-03-27 17:48,0.36,0.008,0,0,0,0,v
2026-03-27 17:54,0.394,0.008,0,0,0,0,v
2026-03-27 18:00,0.431,0.008,0,0,0,0,v
2026-03-27 18:06,0.471,0.008,0,0,0,0,v
2026-03-27 18:12,0.51,0.008,0,0,0,0,v
2026-03-27 18:18,0.549,0.008,0,0,0,0,v
2026-03-27 18:24,0.586,0.008,0,0,0,0,v
2026-03-27 18:30,0.621,0.008,0,0,0,0,v
2026-03-27 18:36,0.657,0.008,0,0,0,0,v
2026-03-27 18:42,0.691,0.008,0,0,0,0,v
2026-03-27 18:48,0.726,0.008,0,0,0,0,v
2026-03-27 18:54,0.76,0.008,0,0,0,0,v
2026-03-27 19:00,0.792,0.008,0,0,0,0,v
2026-03-27 19:06,0.822,0.008,0,0,0,0,v
2026-03-27 19:12,0.852,0.008,0,0,0,0,v
2026-03-27 19:18,0.883,0.008,0,0,0,0,v
2026-03-27 19:24,0.91,0.008,0,0,0,0,v
2026-03-27 19:30,0.939,0.008,0,0,0,0,v
2026-03-27 19:36,0.966,0.008,0,0,0,0,v
2026-03-27 19:42,0.99,0.008,0,0,0,0,v
2026-03-27 19:48,1.016,0.008,0,0,0,0,v
2026-03-27 19:54,1.04,0.008,0,0,0,0,v
2026-03-27 20:00,1.061,0.008,0,0,0,0,v
2026-03-27 20:06,1.081,0.008,0,0,0,0,v
2026-03-27 20:12,1.099,0.008,0,0,0,0,v
2026-03-27 20:18,1.117,0.008,0,0,0,0,v
2026-03-27 20:24,1.132,0.008,0,0,0,0,v
2026-03-27 20:30,1.148,0.008,0,0,0,0,v
2026-03-27 20:36,1.164,0.008,0,0,0,0,v
2026-03-27 20:42,1.191,0.008,0,0,0,0,v
2026-03-27 20:48,1.203,0.008,0,0,0,0,v
2026-03-27 20:54,1.182,0.008,0,0,0,0,v
2026-03-27 21:00,1.214,0.008,0,0,0,0,v
2026-03-27 21:06,1.211,0.008,0,0,0,0,v
2026-03-27 21:12,1.235,0.008,0,0,0,0,v
2026-03-27 21:18,1.244,0.008,0,0,0,0,v
2026-03-27 21:24,1.244,0.008,0,0,0,0,v
2026-03-27 21:30,1.245,0.008,0,0,0,0,v
2026-03-27 21:36,1.245,0.008,0,0,0,0,v
2026-03-27 21:42,1.255,0.008,0,0,0,0,v
2026-03-27 21:48,1.256,0.008,0,0,0,0,v
2026-03-27 21:54,1.259,0.008,0,0,0,0,v
2026-03-27 22:00,1.258,0.008,0,0,0,0,v
2026-03-27 22:06,1.258,0.008,0,0,0,0,v
2026-03-27 22:12,1.251,0.008,0,0,0,0,v
2026-03-27 22:18,1.244,0.008,0,0,0,0,v
2026-03-27 22:24,1.237,0.008,0,0,0,0,v
2026-03-27 22:30,1.229,0.008,0,0,0,0,v
2026-03-27 22:36,1.217,0.008,0,0,0,0,v
2026-03-27 22:42,1.203,0.008,0,0,0,0,v
2026-03-27 22:48,1.185,0.008,0,0,0,0,v
2026-03-27 22:54,1.167,0.008,0,0,0,0,v
2026-03-27 23:00,1.147,0.008,0,0,0,0,v
2026-03-27 23:06,1.126,0.008,0,0,0,0,v
2026-03-27 23:12,1.107,0.008,0,0,0,0,v
2026-03-27 23:18,1.088,0.008,0,0,0,0,v
2026-03-27 23:24,1.066,0.008,0,0,0,0,v
2026-03-27 23:30,1.041,0.008,0,0,0,0,v
2026-03-27 23:36,1.011,0.008,0,0,0,0,v
2026-03-27 23:42,0.98,0.008,0,0,0,0,v
2026-03-27 23:48,0.954,0.008,0,0,0,0,v
2026-03-27 23:54,0.926,0.008,0,0,0,0,v
2026-03-28 0:00,0.899,0.008,0,0,0,0,v
2026-03-28 0:06,0.872,0.008,0,0,0,0,v
2026-03-28 0:12,0.848,0.008,0,0,0,0,v
2026-03-28 0:18,0.822,0.008,0,0,0,0,v
2026-03-28 0:24,0.798,0.008,0,0,0,0,v
2026-03-28 0:30,0.773,0.008,0,0,0,0,v
2026-03-28 0:36,0.748,0.008,0,0,0,0,v
2026-03-28 0:42,0.722,0.008,0,0,0,0,v
2026-03-28 0:48,0.696,0.008,0,0,0,0,v
2026-03-28 0:54,0.668,0.008,0,0,0,0,v
2026-03-28 1:00,0.637,0.008,0,0,0,0,v
2026-03-28 1:06,0.612,0.008,0,0,0,0,v
2026-03-28 1:12,0.591,0.008,0,0,0,0,v
2026-03-28 1:18,0.569,0.008,0,0,0,0,v
2026-03-28 1:24,0.546,0.008,0,0,0,0,v
2026-03-28 1:30,0.521,0.008,0,0,0,0,v
2026-03-28 1:36,0.502,0.008,0,0,0,0,v
2026-03-28 1:42,0.483,0.008,0,0,0,0,v
2026-03-28 1:48,0.459,0.008,0,0,0,0,v
2026-03-28 1:54,0.434,0.008,0,0,0,0,v
2026-03-28 2:00,0.411,0.008,0,0,0,0,v
2026-03-28 2:06,0.382,0.008,0,0,0,0,v
2026-03-28 2:12,0.367,0.008,0,0,0,0,v
2026-03-28 2:18,0.346,0.008,0,0,0,0,v
2026-03-28 2:24,0.325,0.008,0,0,0,0,v
2026-03-28 2:30,0.306,0.008,0,0,0,0,v
2026-03-28 2:36,0.284,0.008,0,0,0,0,v
2026-03-28 2:42,0.263,0.008,0,0,0,0,v
2026-03-28 2:48,0.24,0.008,0,0,0,0,v
2026-03-28 2:54,0.223,0.008,0,0,0,0,v
2026-03-28 3:00,0.203,0.008,0,0,0,0,v
2026-03-28 3:06,0.185,0.008,0,0,0,0,v
2026-03-28 3:12,0.16,0.008,0,0,0,0,v
2026-03-28 3:18,0.141,0.008,0,0,0,0,v
2026-03-28 3:24,0.119,0.008,0,0,0,0,v
2026-03-28 3:30,0.102,0.008,0,0,0,0,v
2026-03-28 3:36,0.083,0.008,0,0,0,0,v
2026-03-28 3:42,0.068,0.008,0,0,0,0,v
2026-03-28 3:48,0.055,0.008,0,0,0,0,v
2026-03-28 3:54,0.026,0.008,0,0,0,0,v
2026-03-28 4:00,0.013,0.008,0,0,0,0,v
2026-03-28 4:06,0.001,0.008,0,0,0,0,v
2026-03-28 4:12,-0.014,0.008,0,0,0,0,v
2026-03-28 4:18,-0.015,0.008,0,0,0,0,v
2026-03-28 4:24,-0.051,0.008,0,0,0,0,v
2026-03-28 4:30,-0.059,0.008,0,0,0,0,v
2026-03-28 4:36,-0.064,0.008,0,0,0,0,v
2026-03-28 4:42,-0.066,0.008,0,0,0,0,v
2026-03-28 4:48,-0.065,0.008,0,0,0,0,v
2026-03-28 4:54,-0.055,0.008,0,0,0,0,v
2026-03-28 5:00,-0.046,0.008,0,0,0,0,v
2026-03-28 5:06,-0.03,0.008,0,0,0,0,v
2026-03-28 5:12,-0.016,0.008,0,0,0,0,v
2026-03-28 5:18,0.006,0.008,0,0,0,0,v
2026-03-28 5:24,0.034,0.008,0,0,0,0,v
2026-03-28 5:30,0.062,0.008,0,0,0,0,v
2026-03-28 5:36,0.096,0.008,0,0,0,0,v
2026-03-28 5:42,0.134,0.008,0,0,0,0,v
2026-03-28 5:48,0.178,0.008,0,0,0,0,v
2026-03-28 5:54,0.212,0.008,0,0,0,0,v
2026-03-28 6:00,0.248,0.008,0,0,0,0,v
2026-03-28 6:06,0.286,0.008,0,0,0,0,v
2026-03-28 6:12,0.325,0.008,0,0,0,0,v
2026-03-28 6:18,0.364,0.008,0,0,0,0,v
2026-03-28 6:24,0.403,0.008,0,0,0,0,v
2026-03-28 6:30,0.445,0.008,0,0,0,0,v
2026-03-28 6:36,0.484,0.008,0,0,0,0,v
2026-03-28 6:42,0.527,0.008,0,0,0,0,v
2026-03-28 6:48,0.573,0.008,0,0,0,0,v
2026-03-28 6:54,0.615,0.008,0,0,0,0,v
2026-03-28 7:00,0.649,0.008,0,0,0,0,v
2026-03-28 7:06,0.682,0.008,0,0,0,0,v
2026-03-28 7:12,0.718,0.008,0,0,0,0,v
2026-03-28 7:18,0.752,0.008,0,0,0,0,v
2026-03-28 7:24,0.793,0.008,0,0,0,0,v
2026-03-28 7:30,0.831,0.008,0,0,0,0,v
2026-03-28 7:36,0.863,0.008,0,0,0,0,v
2026-03-28 7:42,0.893,0.008,0,0,0,0,v
2026-03-28 7:48,0.927,0.008,0,0,0,0,v
2026-03-28 7:54,0.959,0.008,0,0,0,0,v
2026-03-28 8:00,0.977,0.008,0,0,0,0,v
2026-03-28 8:06,1.009,0.008,0,0,0,0,v
2026-03-28 8:12,1.022,0.008,0,0,0,0,v
2026-03-28 8:18,1.056,0.008,0,0,0,0,v
2026-03-28 8:24,1.062,0.008,0,0,0,0,v
2026-03-28 8:30,1.096,0.008,0,0,0,0,v
2026-03-28 8:36,1.109,0.008,0,0,0,0,v
2026-03-28 8:42,1.124,0.008,0,0,0,0,v
2026-03-28 8:48,1.145,0.008,0,0,0,0,v
2026-03-28 8:54,1.158,0.008,0,0,0,0,v
2026-03-28 9:00,1.179,0.008,0,0,0,0,v
2026-03-28 9:06,1.181,0.008,0,0,0,0,v
2026-03-28 9:12,1.199,0.008,0,0,0,0,v
2026-03-28 9:18,1.209,0.008,0,0,0,0,v
2026-03-28 9:24,1.224,0.008,0,0,0,0,v
2026-03-28 9:30,1.228,0.008,0,0,0,0,v
2026-03-28 9:36,1.233,0.008,0,0,0,0,v
2026-03-28 9:42,1.25,0.008,0,0,0,0,v
2026-03-28 9:48,1.266,0.008,0,0,0,0,v
2026-03-28 9:54,1.236,0.008,0,0,0,0,v
2026-03-28 10:00,1.243,0.008,0,0,0,0,v
2026-03-28 10:06,1.242,0.008,0,0,0,0,v
2026-03-28 10:12,1.252,0.008,0,0,0,0,v
2026-03-28 10:18,1.249,0.008,0,0,0,0,v
2026-03-28 10:24,1.256,0.008,0,0,0,0,v
2026-03-28 10:30,1.236,0.008,0,0,0,0,v
2026-03-28 10:36,1.235,0.008,0,0,0,0,v
2026-03-28 10:42,1.231,0.008,0,0,0,0,v
2026-03-28 10:48,1.232,0.008,0,0,0,0,v
2026-03-28 10:54,1.217,0.008,0,0,0,0,v
2026-03-28 11:00,1.194,0.008,0,0,0,0,v
2026-03-28 11:06,1.176,0.008,0,0,0,0,v
2026-03-28 11:12,1.159,0.008,0,0,0,0,v
2026-03-28 11:18,1.147,0.008,0,0,0,0,v
2026-03-28 11:24,1.134,0.008,0,0,0,0,v
2026-03-28 11:30,1.117,0.008,0,0,0,0,v
2026-03-28 11:36,1.095,0.008,0,0,0,0,v
2026-03-28 11:42,1.073,0.008,0,0,0,0,v
2026-03-28 11:48,1.046,0.008,0,0,0,0,v
2026-03-28 11:54,1.024,0.008,0,0,0,0,v
2026-03-28 12:00,0.997,0.008,0,0,0,0,v
2026-03-28 12:06,0.968,0.008,0,0,0,0,v
2026-03-28 12:12,0.944,0.008,0,0,0,0,v
2026-03-28 12:18,0.92,0.008,0,0,0,0,v
2026-03-28 12:24,0.898,0.008,0,0,0,0,v
2026-03-28 12:30,0.871,0.008,0,0,0,0,v
2026-03-28 12:36,0.839,0.008,0,0,0,0,v
2026-03-28 12:42,0.806,0.008,0,0,0,0,v
2026-03-28 12:48,0.777,0.008,0,0,0,0,v
2026-03-28 12:54,0.753,0.008,0,0,0,0,v
2026-03-28 13:00,0.729,0.008,0,0,0,0,v
2026-03-28 13:06,0.7,0.008,0,0,0,0,v
2026-03-28 13:12,0.674,0.008,0,0,0,0,v
2026-03-28 13:18,0.641,0.008,0,0,0,0,v
2026-03-28 13:24,0.613,0.008,0,0,0,0,v
2026-03-28 13:30,0.581,0.008,0,0,0,0,v
2026-03-28 13:36,0.557,0.008,0,0,0,0,v
2026-03-28 13:42,0.53,0.008,0,0,0,0,v
2026-03-28 13:48,0.508,0.008,0,0,0,0,v
2026-03-28 13:54,0.481,0.008,0,0,0,0,v
2026-03-28 14:00,0.455,0.008,0,0,0,0,v
2026-03-28 14:06,0.432,0.008,0,0,0,0,v
2026-03-28 14:12,0.402,0.008,0,0,0,0,v
2026-03-28 14:18,0.375,0.008,0,0,0,0,v
2026-03-28 14:24,0.355,0.008,0,0,0,0,v
2026-03-28 14:30,0.326,0.008,0,0,0,0,v
2026-03-28 14:36,0.303,0.008,0,0,0,0,v
2026-03-28 14:42,0.28,0.008,0,0,0,0,v
2026-03-28 14:48,0.258,0.008,0,0,0,0,v
2026-03-28 14:54,0.232,0.008,0,0,0,0,v
2026-03-28 15:00,0.212,0.008,0,0,0,0,v
2026-03-28 15:06,0.189,0.008,0,0,0,0,v
2026-03-28 15:12,0.162,0.008,0,0,0,0,v
2026-03-28 15:18,0.143,0.008,0,0,0,0,v
2026-03-28 15:24,0.122,0.008,0,0,0,0,v
2026-03-28 15:30,0.1,0.008,0,0,0,0,v
2026-03-28 15:36,0.08,0.008,0,0,0,0,v
2026-03-28 15:42,0.066,0.008,0,0,0,0,v
2026-03-28 15:48,0.054,0.008,0,0,0,0,v
2026-03-28 15:54,0.043,0.008,0,0,0,0,v
2026-03-28 16:00,0.028,0.008,0,0,0,0,v
2026-03-28 16:06,0.015,0.008,0,0,0,0,v
2026-03-28 16:12,-0.003,0.008,0,0,0,0,v
2026-03-28 16:18,-0.017,0.008,0,0,0,0,v
2026-03-28 16:24,-0.03,0.008,0,0,0,0,v
2026-03-28 16:30,-0.04,0.008,0,0,0,0,v
2026-03-28 16:36,-0.046,0.008,0,0,0,0,v
2026-03-28 16:42,-0.054,0.008,0,0,0,0,v
2026-03-28 16:48,-0.057,0.008,0,0,0,0,v
2026-03-28 16:54,-0.056,0.008,0,0,0,0,v
2026-03-28 17:00,-0.062,0.008,0,0,0,0,v
2026-03-28 17:06,-0.058,0.008,0,0,0,0,v
2026-03-28 17:12,-0.062,0.008,0,0,0,0,v
2026-03-28 17:18,-0.06,0.008,0,0,0,0,v
2026-03-28 17:24,-0.054,0.008,0,0,0,0,v
2026-03-28 17:30,-0.053,0.008,0,0,0,0,v
2026-03-28 17:36,-0.054,0.008,0,0,0,0,v
2026-03-28 17:42,-0.048,0.008,0,0,0,0,v
2026-03-28 17:48,-0.045,0.008,0,0,0,0,v
2026-03-28 17:54,-0.03,0.008,0,0,0,0,v
2026-03-28 18:00,-0.022,0.008,0,0,0,0,v
2026-03-28 18:06,-0.009,0.008,0,0,0,0,v
2026-03-28 18:12,0.01,0.008,0,0,0,0,v
2026-03-28 18:18,0.03,0.008,0,0,0,0,v
2026-03-28 18:24,0.047,0.008,0,0,0,0,v
2026-03-28 18:30,0.066,0.008,0,0,0,0,v
2026-03-28 18:36,0.094,0.008,0,0,0,0,v
2026-03-28 18:42,0.123,0.008,0,0,0,0,v
2026-03-28 18:48,0.155,0.008,0,0,0,0,v
2026-03-28 18:54,0.191,0.008,0,0,0,0,v
2026-03-28 19:00,0.226,0.008,0,0,0,0,v
2026-03-28 19:06,0.262,0.008,0,0,0,0,v
2026-03-28 19:12,0.302,0.008,0,0,0,0,v
2026-03-28 19:18,0.349,0.008,0,0,0,0,v
2026-03-28 19:24,0.386,0.008,0,0,0,0,v
2026-03-28 19:30,0.427,0.008,0,0,0,0,v
2026-03-28 19:36,0.46,0.008,0,0,0,0,v
2026-03-28 19:42,0.501,0.008,0,0,0,0,v
2026-03-28 19:48,0.543,0.008,0,0,0,0,v
2026-03-28 19:54,0.586,0.008,0,0,0,0,v
2026-03-28 20:00,0.622,0.008,0,0,0,0,v
2026-03-28 20:06,0.663,0.008,0,0,0,0,v
2026-03-28 20:12,0.701,0.008,0,0,0,0,v
2026-03-28 20:18,0.741,0.008,0,0,0,0,v
2026-03-28 20:24,0.776,0.008,0,0,0,0,v
2026-03-28 20:30,0.811,0.008,0,0,0,0,v
2026-03-28 20:36,0.849,0.008,0,0,0,0,v
2026-03-28 20:42,0.878,0.008,0,0,0,0,v
2026-03-28 20:48,0.912,0.008,0,0,0,0,v
2026-03-28 20:54,0.938,0.008,0,0,0,0,v
2026-03-28 21:00,0.971,0.008,0,0,0,0,v
2026-03-28 21:06,0.997,0.008,0,0,0,0,v
2026-03-28 21:12,1.023,0.008,0,0,0,0,v
2026-03-28 21:18,1.052,0.008,0,0,0,0,v
2026-03-28 21:24,1.079,0.008,0,0,0,0,v
2026-03-28 21:30,1.102,0.008,0,0,0,0,v
2026-03-28 21:36,1.126,0.008,0,0,0,0,v
2026-03-28 21:42,1.147,0.008,0,0,0,0,v
2026-03-28 21:48,1.167,0.008,0,0,0,0,v
2026-03-28 21:54,1.183,0.008,0,0,0,0,v
2026-03-28 22:00,1.204,0.008,0,0,0,0,v
2026-03-28 22:06,1.219,0.008,0,0,0,0,v
2026-03-28 22:12,1.238,0.008,0,0,0,0,v
2026-03-28 22:18,1.253,0.008,0,0,0,0,v
2026-03-28 22:24,1.269,0.008,0,0,0,0,v
2026-03-28 22:30,1.279,0.008,0,0,0,0,v
2026-03-28 22:36,1.29,0.008,0,0,0,0,v
2026-03-28 22:42,1.3,0.008,0,0,0,0,v
2026-03-28 22:48,1.313,0.008,0,0,0,0,v
2026-03-28 22:54,1.325,0.008,0,0,0,0,v
2026-03-28 23:00,1.334,0.008,0,0,0,0,v
2026-03-28 23:06,1.344,0.008,0,0,0,0,v
2026-03-28 23:12,1.349,0.008,0,0,0,0,v
2026-03-28 23:18,1.356,0.008,0,0,0,0,v
2026-03-28 23:24,1.356,0.008,0,0,0,0,v
2026-03-28 23:30,1.36,0.008,0,0,0,0,v
2026-03-28 23:36,1.363,0.008,0,0,0,0,v
2026-03-28 23:42,1.363,0.008,0,0,0,0,v
2026-03-28 23:48,1.359,0.008,0,0,0,0,v
2026-03-28 23:54,1.352,0.008,0,0,0,0,v
2026-03-29 0:00,1.347,0.008,0,0,0,0,v
2026-03-29 0:06,1.337,0.008,0,0,0,0,v
2026-03-29 0:12,1.331,0.008,0,0,0,0,v
2026-03-29 0:18,1.314,0.008,0,0,0,0,v
2026-03-29 0:24,1.304,0.008,0,0,0,0,v
2026-03-29 0:30,1.283,0.008,0,0,0,0,v
2026-03-29 0:36,1.261,0.008,0,0,0,0,v
2026-03-29 0:42,1.235,0.008,0,0,0,0,v
2026-03-29 0:48,1.218,0.008,0,0,0,0,v
2026-03-29 0:54,1.185,0.008,0,0,0,0,v
2026-03-29 1:00,1.169,0.008,0,0,0,0,v
2026-03-29 1:06,1.131,0.008,0,0,0,0,v
2026-03-29 1:12,1.105,0.008,0,0,0,0,v
2026-03-29 1:18,1.076,0.008,0,0,0,0,v
2026-03-29 1:24,1.042,0.008,0,0,0,0,v
2026-03-29 1:30,1.014,0.008,0,0,0,0,v
2026-03-29 1:36,0.973,0.008,0,0,0,0,v
2026-03-29 1:42,0.943,0.008,0,0,0,0,v
2026-03-29 1:48,0.909,0.008,0,0,0,0,v
2026-03-29 1:54,0.877,0.008,0,0,0,0,v
2026-03-29 2:00,0.838,0.008,0,0,0,0,v
2026-03-29 2:06,0.808,0.008,0,0,0,0,v
2026-03-29 2:12,0.769,0.008,0,0,0,0,v
2026-03-29 2:18,0.734,0.008,0,0,0,0,v
2026-03-29 2:24,0.705,0.008,0,0,0,0,v
2026-03-29 2:30,0.67,0.008,0,0,0,0,v
2026-03-29 2:36,0.642,0.008,0,0,0,0,v
2026-03-29 2:42,0.618,0.008,0,0,0,0,v
2026-03-29 2:48,0.587,0.008,0,0,0,0,v
2026-03-29 2:54,0.569,0.008,0,0,0,0,v
2026-03-29 3:00,0.542,0.008,0,0,0,0,v
2026-03-29 3:06,0.513,0.008,0,0,0,0,v
2026-03-29 3:12,0.49,0.008,0,0,0,0,v
2026-03-29 3:18,0.467,0.008,0,0,0,0,v
2026-03-29 3:24,0.441,0.008,0,0,0,0,v
2026-03-29 3:30,0.411,0.008,0,0,0,0,v
2026-03-29 3:36,0.383,0.008,0,0,0,0,v
2026-03-29 3:42,0.355,0.008,0,0,0,0,v
2026-03-29 3:48,0.331,0.008,0,0,0,0,v
2026-03-29 3:54,0.308,0.008,0,0,0,0,v
2026-03-29 4:00,0.286,0.008,0,0,0,0,v
2026-03-29 4:06,0.262,0.008,0,0,0,0,v
2026-03-29 4:12,0.237,0.008,0,0,0,0,v
2026-03-29 4:18,0.219,0.008,0,0,0,0,v
2026-03-29 4:24,0.198,0.008,0,0,0,0,v
2026-03-29 4:30,0.178,0.008,0,0,0,0,v
2026-03-29 4:36,0.158,0.008,0,0,0,0,v
2026-03-29 4:42,0.14,0.008,0,0,0,0,v
2026-03-29 4:48,0.123,0.008,0,0,0,0,v
2026-03-29 4:54,0.107,0.008,0,0,0,0,v
2026-03-29 5:00,0.092,0.008,0,0,0,0,v
2026-03-29 5:06,0.073,0.008,0,0,0,0,v
2026-03-29 5:12,0.062,0.008,0,0,0,0,v
2026-03-29 5:18,0.05,0.008,0,0,0,0,v
2026-03-29 5:24,0.04,0.008,0,0,0,0,v
2026-03-29 5:30,0.033,0.008,0,0,0,0,v
2026-03-29 5:36,0.024,0.008,0,0,0,0,v
2026-03-29 5:42,0.018,0.008,0,0,0,0,v
2026-03-29 5:48,0.016,0.008,0,0,0,0,v
2026-03-29 5:54,0.018,0.008,0,0,0,0,v
2026-03-29 6:00,0.022,0.008,0,0,0,0,v
2026-03-29 6:06,0.033,0.008,0,0,0,0,v
2026-03-29 6:12,0.049,0.008,0,0,0,0,v
2026-03-29 6:18,0.072,0.008,0,0,0,0,v
2026-03-29 6:24,0.093,0.008,0,0,0,0,v
2026-03-29 6:30,0.13,0.008,0,0,0,0,v
2026-03-29 6:36,0.167,0.008,0,0,0,0,v
2026-03-29 6:42,0.201,0.008,0,0,0,0,v
2026-03-29 6:48,0.232,0.008,0,0,0,0,v
2026-03-29 6:54,0.272,0.008,0,0,0,0,v
2026-03-29 7:00,0.313,0.008,0,0,0,0,v
2026-03-29 7:06,0.366,0.008,0,0,0,0,v
2026-03-29 7:12,0.414,0.008,0,0,0,0,v
2026-03-29 7:18,0.47,0.008,0,0,0,0,v
2026-03-29 7:24,0.517,0.008,0,0,0,0,v
2026-03-29 7:30,0.572,0.008,0,0,0,0,v
2026-03-29 7:36,0.618,0.008,0,0,0,0,v
2026-03-29 7:42,0.665,0.008,0,0,0,0,v
2026-03-29 7:48,0.712,0.008,0,0,0,0,v
2026-03-29 7:54,0.754,0.008,0,0,0,0,v
2026-03-29 8:00,0.793,0.008,0,0,0,0,v
2026-03-29 8:06,0.835,0.008,0,0,0,0,v
2026-03-29 8:12,0.874,0.008,0,0,0,0,v
2026-03-29 8:18,0.91,0.008,0,0,0,0,v
2026-03-29 8:24,0.95,0.008,0,0,0,0,v
2026-03-29 8:30,0.985,0.008,0,0,0,0,v
2026-03-29 8:36,1.018,0.008,0,0,0,0,v
2026-03-29 8:42,1.048,0.008,0,0,0,0,v
2026-03-29 8:48,1.079,0.008,0,0,0,0,v
2026-03-29 8:54,1.109,0.008,0,0,0,0,v
2026-03-29 9:00,1.14,0.008,0,0,0,0,v
2026-03-29 9:06,1.167,0.008,0,0,0,0,v
2026-03-29 9:12,1.186,0.008,0,0,0,0,v
2026-03-29 9:18,1.21,0.008,0,0,0,0,v
2026-03-29 9:24,1.235,0.008,0,0,0,0,v
2026-03-29 9:30,1.256,0.008,0,0,0,0,v
2026-03-29 9:36,1.279,0.008,0,0,0,0,v
2026-03-29 9:42,1.293,0.008,0,0,0,0,v
2026-03-29 9:48,1.305,0.008,0,0,0,0,v
2026-03-29 9:54,1.323,0.008,0,0,0,0,v
2026-03-29 10:00,1.343,0.008,0,0,0,0,v
2026-03-29 10:06,1.361,0.008,0,0,0,0,v
2026-03-29 10:12,1.38,0.008,0,0,0,0,v
2026-03-29 10:18,1.395,0.008,0,0,0,0,v
2026-03-29 10:24,1.405,0.008,0,0,0,0,v
2026-03-29 10:30,1.42,0.008,0,0,0,0,v
2026-03-29 10:36,1.431,0.008,0,0,0,0,v
2026-03-29 10:42,1.441,0.008,0,0,0,0,v
2026-03-29 10:48,1.453,0.008,0,0,0,0,v
2026-03-29 10:54,1.459,0.008,0,0,0,0,v
2026-03-29 11:00,1.469,0.008,0,0,0,0,v
2026-03-29 11:06,1.477,0.008,0,0,0,0,v
2026-03-29 11:12,1.482,0.008,0,0,0,0,v
2026-03-29 11:18,1.484,0.008,0,0,0,0,v
2026-03-29 11:24,1.486,0.008,0,0,0,0,v
2026-03-29 11:30,1.49,0.008,0,0,0,0,v
2026-03-29 11:36,1.492,0.008,0,0,0,0,v
2026-03-29 11:42,1.493,0.008,0,0,0,0,v
2026-03-29 11:48,1.492,0.008,0,0,0,0,v
2026-03-29 11:54,1.489,0.008,0,0,0,0,v
2026-03-29 12:00,1.483,0.008,0,0,0,0,v
2026-03-29 12:06,1.476,0.008,0,0,0,0,v
2026-03-29 12:12,1.467,0.008,0,0,0,0,v
2026-03-29 12:18,1.452,0.008,0,0,0,0,v
2026-03-29 12:24,1.441,0.008,0,0,0,0,v
2026-03-29 12:30,1.429,0.008,0,0,0,0,v
2026-03-29 12:36,1.415,0.008,0,0,0,0,v
2026-03-29 12:42,1.398,0.008,0,0,0,0,v
2026-03-29 12:48,1.38,0.008,0,0,0,0,v
2026-03-29 12:54,1.363,0.008,0,0,0,0,v
2026-03-29 13:00,1.34,0.008,0,0,0,0,v
2026-03-29 13:06,1.315,0.008,0,0,0,0,v
2026-03-29 13:12,1.29,0.008,0,0,0,0,v
2026-03-29 13:18,1.265,0.008,0,0,0,0,v
2026-03-29 13:24,1.237,0.008,0,0,0,0,v
2026-03-29 13:30,1.208,0.008,0,0,0,0,v
2026-03-29 13:36,1.182,0.008,0,0,0,0,v
2026-03-29 13:42,1.152,0.008,0,0,0,0,v
2026-03-29 13:48,1.129,0.008,0,0,0,0,v
2026-03-29 13:54,1.103,0.008,0,0,0,0,v
2026-03-29 14:00,1.072,0.008,0,0,0,0,v
2026-03-29 14:06,1.041,0.008,0,0,0,0,v
2026-03-29 14:12,1.012,0.008,0,0,0,0,v
2026-03-29 14:18,0.978,0.008,0,0,0,0,v
2026-03-29 14:24,0.949,0.008,0,0,0,0,v
2026-03-29 14:30,0.914,0.008,0,0,0,0,v
2026-03-29 14:36,0.885,0.008,0,0,0,0,v
2026-03-29 14:42,0.853,0.008,0,0,0,0,v
2026-03-29 14:48,0.821,0.008,0,0,0,0,v
2026-03-29 14:54,0.791,0.008,0,0,0,0,v
2026-03-29 15:00,0.77,0.008,0,0,0,0,v
2026-03-29 15:06,0.751,0.008,0,0,0,0,v
2026-03-29 15:12,0.726,0.008,0,0,0,0,v
2026-03-29 15:18,0.701,0.008,0,0,0,0,v
2026-03-29 15:24,0.676,0.008,0,0,0,0,v
2026-03-29 15:30,0.65,0.008,0,0,0,0,v
2026-03-29 15:36,0.622,0.008,0,0,0,0,v
2026-03-29 15:42,0.591,0.008,0,0,0,0,v
2026-03-29 15:48,0.564,0.008,0,0,0,0,v
2026-03-29 15:54,0.541,0.008,0,0,0,0,v
2026-03-29 16:00,0.522,0.008,0,0,0,0,v
2026-03-29 16:06,0.49,0.008,0,0,0,0,v
2026-03-29 16:12,0.464,0.008,0,0,0,0,v
2026-03-29 16:18,0.435,0.008,0,0,0,0,v
2026-03-29 16:24,0.41,0.008,0,0,0,0,v
2026-03-29 16:30,0.391,0.008,0,0,0,0,v
2026-03-29 16:36,0.366,0.008,0,0,0,0,v
2026-03-29 16:42,0.341,0.008,0,0,0,0,v
2026-03-29 16:48,0.317,0.008,0,0,0,0,v
2026-03-29 16:54,0.292,0.008,0,0,0,0,v
2026-03-29 17:00,0.266,0.008,0,0,0,0,v
2026-03-29 17:06,0.247,0.008,0,0,0,0,v
2026-03-29 17:12,0.224,0.008,0,0,0,0,v
2026-03-29 17:18,0.202,0.008,0,0,0,0,v
2026-03-29 17:24,0.181,0.008,0,0,0,0,v
2026-03-29 17:30,0.159,0.008,0,0,0,0,v
2026-03-29 17:36,0.142,0.008,0,0,0,0,v
2026-03-29 17:42,0.12,0.008,0,0,0,0,v
2026-03-29 17:48,0.103,0.008,0,0,0,0,v
2026-03-29 17:54,0.085,0.008,0,0,0,0,v
2026-03-29 18:00,0.074,0.008,0,0,0,0,v
2026-03-29 18:06,0.061,0.008,0,0,0,0,v
2026-03-29 18:12,0.049,0.008,0,0,0,0,v
2026-03-29 18:18,0.037,0.008,0,0,0,0,v
2026-03-29 18:24,0.032,0.008,0,0,0,0,v
2026-03-29 18:30,0.027,0.008,0,0,0,0,v
2026-03-29 18:36,0.019,0.008,0,0,0,0,v
2026-03-29 18:42,0.017,0.008,0,0,0,0,v
2026-03-29 18:48,0.017,0.008,0,0,0,0,v
2026-03-29 18:54,0.017,0.008,0,0,0,0,v
2026-03-29 19:00,0.023,0.008,0,0,0,0,v
2026-03-29 19:06,0.026,0.008,0,0,0,0,v
2026-03-29 19:12,0.034,0.008,0,0,0,0,v
2026-03-29 19:18,0.052,0.008,0,0,0,0,v
2026-03-29 19:24,0.073,0.008,0,0,0,0,v
2026-03-29 19:30,0.098,0.008,0,0,0,0,v
2026-03-29 19:36,0.132,0.008,0,0,0,0,v
2026-03-29 19:42,0.169,0.008,0,0,0,0,v
2026-03-29 19:48,0.218,0.008,0,0,0,0,v
2026-03-29 19:54,0.258,0.008,0,0,0,0,v
2026-03-29 20:00,0.304,0.008,0,0,0,0,v
2026-03-29 20:06,0.353,0.008,0,0,0,0,v
2026-03-29 20:12,0.402,0.008,0,0,0,0,v
2026-03-29 20:18,0.454,0.008,0,0,0,0,v
2026-03-29 20:24,0.504,0.008,0,0,0,0,v
2026-03-29 20:30,0.56,0.008,0,0,0,0,v
2026-03-29 20:36,0.61,0.008,0,0,0,0,v
2026-03-29 20:42,0.659,0.008,0,0,0,0,v
2026-03-29 20:48,0.709,0.008,0,0,0,0,v
2026-03-29 20:54,0.754,0.008,0,0,0,0,v
2026-03-29 21:00,0.796,0.008,0,0,0,0,v
2026-03-29 21:06,0.839,0.008,0,0,0,0,v
2026-03-29 21:12,0.883,0.008,0,0,0,0,v
2026-03-29 21:18,0.927,0.008,0,0,0,0,v
2026-03-29 21:24,0.966,0.008,0,0,0,0,v
2026-03-29 21:30,1.003,0.008,0,0,0,0,v
2026-03-29 21:36,1.038,0.008,0,0,0,0,v
2026-03-29 21:42,1.068,0.008,0,0,0,0,v
2026-03-29 21:48,1.096,0.008,0,0,0,0,v
2026-03-29 21:54,1.124,0.008,0,0,0,0,v
2026-03-29 22:00,1.15,0.008,0,0,0,0,v
2026-03-29 22:06,1.175,0.008,0,0,0,0,v
2026-03-29 22:12,1.197,0.008,0,0,0,0,v
2026-03-29 22:18,1.218,0.008,0,0,0,0,v
2026-03-29 22:24,1.241,0.008,0,0,0,0,v
2026-03-29 22:30,1.261,0.008,0,0,0,0,v
2026-03-29 22:36,1.281,0.008,0,0,0,0,v
2026-03-29 22:42,1.294,0.008,0,0,0,0,v
2026-03-29 22:48,1.308,0.008,0,0,0,0,v
2026-03-29 22:54,1.323,0.008,0,0,0,0,v
2026-03-29 23:00,1.336,0.008,0,0,0,0,v
2026-03-29 23:06,1.351,0.008,0,0,0,0,v
2026-03-29 23:12,1.364,0.008,0,0,0,0,v
2026-03-29 23:18,1.376,0.008,0,0,0,0,v
2026-03-29 23:24,1.385,0.008,0,0,0,0,v
2026-03-29 23:30,1.394,0.008,0,0,0,0,v
2026-03-29 23:36,1.401,0.008,0,0,0,0,v
2026-03-29 23:42,1.406,0.008,0,0,0,0,v
2026-03-29 23:48,1.412,0.008,0,0,0,0,v
2026-03-29 23:54,1.413,0.008,0,0,0,0,v
2026-03-30 0:00,1.415,0.008,0,0,0,0,v
2026-03-30 0:06,1.417,0.008,0,0,0,0,v
2026-03-30 0:12,1.414,0.008,0,0,0,0,v
2026-03-30 0:18,1.416,0.008,0,0,0,0,v
2026-03-30 0:24,1.413,0.008,0,0,0,0,v
2026-03-30 0:30,1.408,0.008,0,0,0,0,v
2026-03-30 0:36,1.4,0.008,0,0,0,0,v
2026-03-30 0:42,1.39,0.008,0,0,0,0,v
2026-03-30 0:48,1.382,0.008,0,0,0,0,v
2026-03-30 0:54,1.371,0.008,0,0,0,0,v
2026-03-30 1:00,1.356,0.008,0,0,0,0,v
2026-03-30 1:06,1.338,0.008,0,0,0,0,v
2026-03-30 1:12,1.319,0.008,0,0,0,0,v
2026-03-30 1:18,1.299,0.008,0,0,0,0,v
2026-03-30 1:24,1.277,0.008,0,0,0,0,v
2026-03-30 1:30,1.256,0.008,0,0,0,0,v
2026-03-30 1:36,1.231,0.008,0,0,0,0,v
2026-03-30 1:42,1.205,0.008,0,0,0,0,v
2026-03-30 1:48,1.174,0.008,0,0,0,0,v
2026-03-30 1:54,1.144,0.008,0,0,0,0,v
2026-03-30 2:00,1.107,0.008,0,0,0,0,v
2026-03-30 2:06,1.075,0.008,0,0,0,0,v
2026-03-30 2:12,1.044,0.008,0,0,0,0,v
2026-03-30 2:18,1.016,0.008,0,0,0,0,v
2026-03-30 2:24,0.981,0.008,0,0,0,0,v
2026-03-30 2:30,0.951,0.008,0,0,0,0,v
2026-03-30 2:36,0.914,0.008,0,0,0,0,v
2026-03-30 2:42,0.882,0.008,0,0,0,0,v
2026-03-30 2:48,0.846,0.008,0,0,0,0,v
2026-03-30 2:54,0.811,0.008,0,0,0,0,v
2026-03-30 3:00,0.775,0.008,0,0,0,0,v
2026-03-30 3:06,0.743,0.008,0,0,0,0,v
2026-03-30 3:12,0.711,0.008,0,0,0,0,v
2026-03-30 3:18,0.684,0.008,0,0,0,0,v
2026-03-30 3:24,0.655,0.008,0,0,0,0,v
2026-03-30 3:30,0.629,0.008,0,0,0,0,v
2026-03-30 3:36,0.604,0.008,0,0,0,0,v
2026-03-30 3:42,0.579,0.008,0,0,0,0,v
2026-03-30 3:48,0.546,0.008,0,0,0,0,v
2026-03-30 3:54,0.518,0.008,0,0,0,0,v
2026-03-30 4:00,0.493,0.008,0,0,0,0,v
2026-03-30 4:06,0.469,0.008,0,0,0,0,v
2026-03-30 4:12,0.444,0.008,0,0,0,0,v
2026-03-30 4:18,0.416,0.008,0,0,0,0,v
2026-03-30 4:24,0.389,0.008,0,0,0,0,v
2026-03-30 4:30,0.363,0.008,0,0,0,0,v
2026-03-30 4:36,0.338,0.008,0,0,0,0,v
2026-03-30 4:42,0.313,0.008,0,0,0,0,v
2026-03-30 4:48,0.29,0.008,0,0,0,0,v
2026-03-30 4:54,0.264,0.008,0,0,0,0,v
2026-03-30 5:00,0.242,0.008,0,0,0,0,v
2026-03-30 5:06,0.218,0.008,0,0,0,0,v
2026-03-30 5:12,0.196,0.008,0,0,0,0,v
2026-03-30 5:18,0.175,0.008,0,0,0,0,v
2026-03-30 5:24,0.152,0.008,0,0,0,0,v
2026-03-30 5:30,0.132,0.008,0,0,0,0,v
2026-03-30 5:36,0.112,0.008,0,0,0,0,v
2026-03-30 5:42,0.092,0.008,0,0,0,0,v
2026-03-30 5:48,0.072,0.008,0,0,0,0,v
2026-03-30 5:54,0.053,0.008,0,0,0,0,v
2026-03-30 6:00,0.036,0.008,0,0,0,0,v
2026-03-30 6:06,0.02,0.008,0,0,0,0,v
2026-03-30 6:12,0.003,0.008,0,0,0,0,v
2026-03-30 6:18,-0.01,0.008,0,0,0,0,v
2026-03-30 6:24,-0.024,0.008,0,0,0,0,v
2026-03-30 6:30,-0.034,0.008,0,0,0,0,v
2026-03-30 6:36,-0.043,0.008,0,0,0,0,v
2026-03-30 6:42,-0.049,0.008,0,0,0,0,v
2026-03-30 6:48,-0.052,0.008,0,0,0,0,v
2026-03-30 6:54,-0.052,0.008,0,0,0,0,v
2026-03-30 7:00,-0.05,0.008,0,0,0,0,v
2026-03-30 7:06,-0.042,0.008,0,0,0,0,v
2026-03-30 7:12,-0.028,0.008,0,0,0,0,v
2026-03-30 7:18,-0.009,0.008,0,0,0,0,v
2026-03-30 7:24,0.015,0.008,0,0,0,0,v
2026-03-30 7:30,0.045,0.008,0,0,0,0,v
2026-03-30 7:36,0.078,0.008,0,0,0,0,v
2026-03-30 7:42,0.115,0.008,0,0,0,0,v
2026-03-30 7:48,0.154,0.008,0,0,0,0,v
2026-03-30 7:54,0.192,0.008,0,0,0,0,v
2026-03-30 8:00,0.231,0.008,0,0,0,0,v
2026-03-30 8:06,0.274,0.008,0,0,0,0,v
2026-03-30 8:12,0.321,0.008,0,0,0,0,v
2026-03-30 8:18,0.368,0.008,0,0,0,0,v
2026-03-30 8:24,0.418,0.008,0,0,0,0,v
2026-03-30 8:30,0.471,0.008,0,0,0,0,v
2026-03-30 8:36,0.522,0.008,0,0,0,0,v
2026-03-30 8:42,0.57,0.008,0,0,0,0,v
2026-03-30 8:48,0.619,0.008,0,0,0,0,v
2026-03-30 8:54,0.665,0.008,0,0,0,0,v
2026-03-30 9:00,0.71,0.008,0,0,0,0,v
2026-03-30 9:06,0.752,0.008,0,0,0,0,v
2026-03-30 9:12,0.794,0.008,0,0,0,0,v
2026-03-30 9:18,0.834,0.008,0,0,0,0,v
2026-03-30 9:24,0.874,0.008,0,0,0,0,v
2026-03-30 9:30,0.913,0.008,0,0,0,0,v
2026-03-30 9:36,0.949,0.008,0,0,0,0,v
2026-03-30 9:42,0.986,0.008,0,0,0,0,v
2026-03-30 9:48,1.023,0.008,0,0,0,0,v
2026-03-30 9:54,1.061,0.008,0,0,0,0,v
2026-03-30 10:00,1.104,0.008,0,0,0,0,v
2026-03-30 10:06,1.121,0.008,0,0,0,0,v
2026-03-30 10:12,1.11,0.008,0,0,0,0,v
2026-03-30 10:18,1.171,0.008,0,0,0,0,v
2026-03-30 10:24,1.192,0.008,0,0,0,0,v
2026-03-30 10:30,1.231,0.008,0,0,0,0,v
2026-03-30 10:36,1.248,0.008,0,0,0,0,v
2026-03-30 10:42,1.262,0.008,0,0,0,0,v
2026-03-30 10:48,1.277,0.008,0,0,0,0,v
2026-03-30 10:54,1.293,0.008,0,0,0,0,v
2026-03-30 11:00,1.32,0.008,0,0,0,0,v
2026-03-30 11:06,1.337,0.008,0,0,0,0,v
2026-03-30 11:12,1.353,0.008,0,0,0,0,v
2026-03-30 11:18,1.367,0.008,0,0,0,0,v
2026-03-30 11:24,1.382,0.008,0,0,0,0,v
2026-03-30 11:30,1.392,0.008,0,0,0,0,v
2026-03-30 11:36,1.403,0.008,0,0,0,0,v
2026-03-30 11:42,1.414,0.008,0,0,0,0,v
2026-03-30 11:48,1.424,0.008,0,0,0,0,v
2026-03-30 11:54,1.432,0.008,0,0,0,0,v
2026-03-30 12:00,1.44,0.008,0,0,0,0,v
2026-03-30 12:06,1.447,0.008,0,0,0,0,v
2026-03-30 12:12,1.452,0.008,0,0,0,0,v
2026-03-30 12:18,1.455,0.008,0,0,0,0,v
2026-03-30 12:24,1.457,0.008,0,0,0,0,v
2026-03-30 12:30,1.459,0.008,0,0,0,0,v
2026-03-30 12:36,1.458,0.008,0,0,0,0,v
2026-03-30 12:42,1.458,0.008,0,0,0,0,v
2026-03-30 12:48,1.455,0.008,0,0,0,0,v
2026-03-30 12:54,1.448,0.008,0,0,0,0,v
2026-03-30 13:00,1.439,0.008,0,0,0,0,v
2026-03-30 13:06,1.429,0.008,0,0,0,0,v
2026-03-30 13:12,1.416,0.008,0,0,0,0,v
2026-03-30 13:18,1.398,0.008,0,0,0,0,v
2026-03-30 13:24,1.38,0.008,0,0,0,0,v
2026-03-30 13:30,1.36,0.008,0,0,0,0,v
2026-03-30 13:36,1.336,0.008,0,0,0,0,v
2026-03-30 13:42,1.312,0.008,0,0,0,0,v
2026-03-30 13:48,1.288,0.008,0,0,0,0,v
2026-03-30 13:54,1.258,0.008,0,0,0,0,v
2026-03-30 14:00,1.23,0.008,0,0,0,0,v
2026-03-30 14:06,1.201,0.008,0,0,0,0,v
2026-03-30 14:12,1.168,0.008,0,0,0,0,v
2026-03-30 14:18,1.133,0.008,0,0,0,0,v
2026-03-30 14:24,1.096,0.008,0,0,0,0,v
2026-03-30 14:30,1.06,0.008,0,0,0,0,v
2026-03-30 14:36,1.027,0.008,0,0,0,0,v
2026-03-30 14:42,0.996,0.008,0,0,0,0,v
2026-03-30 14:48,0.962,0.008,0,0,0,0,v
2026-03-30 14:54,0.925,0.008,0,0,0,0,v
2026-03-30 15:00,0.891,0.008,0,0,0,0,v
2026-03-30 15:06,0.856,0.008,0,0,0,0,v
2026-03-30 15:12,0.824,0.008,0,0,0,0,v
2026-03-30 15:18,0.793,0.008,0,0,0,0,v
2026-03-30 15:24,0.76,0.008,0,0,0,0,v
2026-03-30 15:30,0.727,0.008,0,0,0,0,v
2026-03-30 15:36,0.698,0.008,0,0,0,0,v
2026-03-30 15:42,0.673,0.008,0,0,0,0,v
2026-03-30 15:48,0.647,0.008,0,0,0,0,v
2026-03-30 15:54,0.619,0.008,0,0,0,0,v
2026-03-30 16:00,0.59,0.008,0,0,0,0,v
2026-03-30 16:06,0.566,0.008,0,0,0,0,v
2026-03-30 16:12,0.54,0.008,0,0,0,0,v
2026-03-30 16:18,0.513,0.008,0,0,0,0,v
2026-03-30 16:24,0.491,0.008,0,0,0,0,v
2026-03-30 16:30,0.468,0.008,0,0,0,0,v
2026-03-30 16:36,0.449,0.008,0,0,0,0,v
2026-03-30 16:42,0.439,0.008,0,0,0,0,v
2026-03-30 16:48,0.432,0.008,0,0,0,0,v
2026-03-30 16:54,0.349,0.008,0,0,0,0,v
2026-03-30 17:00,0.326,0.008,0,0,0,0,v
2026-03-30 17:06,0.312,0.008,0,0,0,0,v
2026-03-30 17:12,0.283,0.008,0,0,0,0,v
2026-03-30 17:18,0.27,0.008,0,0,0,0,v
2026-03-30 17:24,0.254,0.008,0,0,0,0,v
2026-03-30 17:30,0.235,0.008,0,0,0,0,v
2026-03-30 17:36,0.199,0.008,0,0,0,0,v
2026-03-30 17:42,0.176,0.008,0,0,0,0,v
2026-03-30 17:48,0.162,0.008,0,0,0,0,v
2026-03-30 17:54,0.146,0.008,0,0,0,0,v
2026-03-30 18:00,0.125,0.008,0,0,0,0,v
2026-03-30 18:06,0.107,0.008,0,0,0,0,v
2026-03-30 18:12,0.084,0.008,0,0,0,0,v
2026-03-30 18:18,0.074,0.008,0,0,0,0,v
2026-03-30 18:24,0.057,0.008,0,0,0,0,v
2026-03-30 18:30,0.043,0.008,0,0,0,0,v
2026-03-30 18:36,0.026,0.008,0,0,0,0,v
2026-03-30 18:42,0.014,0.008,0,0,0,0,v
2026-03-30 18:48,0.003,0.008,0,0,0,0,v
2026-03-30 18:54,-0.007,0.008,0,0,0,0,v
2026-03-30 19:00,-0.016,0.008,0,0,0,0,v
2026-03-30 19:06,-0.022,0.008,0,0,0,0,v
2026-03-30 19:12,-0.026,0.008,0,0,0,0,v
2026-03-30 19:18,-0.026,0.008,0,0,0,0,v
2026-03-30 19:24,-0.025,0.008,0,0,0,0,v
2026-03-30 19:30,-0.021,0.008,0,0,0,0,v
2026-03-30 19:36,-0.015,0.008,0,0,0,0,v
2026-03-30 19:42,0,0.008,0,0,0,0,v
2026-03-30 19:48,0.013,0.008,0,0,0,0,v
2026-03-30 19:54,0.033,0.008,0,0,0,0,v
2026-03-30 20:00,0.063,0.008,0,0,0,0,v
2026-03-30 20:06,0.093,0.008,0,0,0,0,v
2026-03-30 20:12,0.122,0.008,0,0,0,0,v
2026-03-30 20:18,0.156,0.008,0,0,0,0,v
2026-03-30 20:24,0.192,0.008,0,0,0,0,v
2026-03-30 20:30,0.226,0.008,0,0,0,0,v
2026-03-30 20:36,0.266,0.008,0,0,0,0,v
2026-03-30 20:42,0.307,0.008,0,0,0,0,v
2026-03-30 20:48,0.353,0.008,0,0,0,0,v
2026-03-30 20:54,0.402,0.008,0,0,0,0,v
2026-03-30 21:00,0.451,0.008,0,0,0,0,v
2026-03-30 21:06,0.498,0.008,0,0,0,0,v
2026-03-30 21:12,0.546,0.008,0,0,0,0,v
2026-03-30 21:18,0.591,0.008,0,0,0,0,v
2026-03-30 21:24,0.637,0.008,0,0,0,0,v
2026-03-30 21:30,0.684,0.008,0,0,0,0,v
2026-03-30 21:36,0.73,0.008,0,0,0,0,v
2026-03-30 21:42,0.772,0.008,0,0,0,0,v
2026-03-30 21:48,0.813,0.008,0,0,0,0,v
2026-03-30 21:54,0.848,0.008,0,0,0,0,v
2026-03-30 22:00,0.89,0.008,0,0,0,0,v
2026-03-30 22:06,0.923,0.008,0,0,0,0,v
2026-03-30 22:12,0.952,0.008,0,0,0,0,v
2026-03-30 22:18,0.985,0.008,0,0,0,0,v
2026-03-30 22:24,1.017,0.008,0,0,0,0,v
2026-03-30 22:30,1.047,0.008,0,0,0,0,v
2026-03-30 22:36,1.074,0.008,0,0,0,0,v
2026-03-30 22:42,1.098,0.008,0,0,0,0,v
2026-03-30 22:48,1.121,0.008,0,0,0,0,v
2026-03-30 22:54,1.146,0.008,0,0,0,0,v
2026-03-30 23:00,1.171,0.008,0,0,0,0,v
2026-03-30 23:06,1.194,0.008,0,0,0,0,v
2026-03-30 23:12,1.216,0.008,0,0,0,0,v
2026-03-30 23:18,1.235,0.008,0,0,0,0,v
2026-03-30 23:24,1.254,0.008,0,0,0,0,v
2026-03-30 23:30,1.273,0.008,0,0,0,0,v
2026-03-30 23:36,1.291,0.008,0,0,0,0,v
2026-03-30 23:42,1.307,0.008,0,0,0,0,v
2026-03-30 23:48,1.321,0.008,0,0,0,0,v
2026-03-30 23:54,1.335,0.008,0,0,0,0,v
2026-03-31 0:00,1.347,0.008,0,0,0,0,v
2026-03-31 0:06,1.359,0.008,0,0,0,0,v
2026-03-31 0:12,1.371,0.008,0,0,0,0,v
2026-03-31 0:18,1.382,0.008,0,0,0,0,v
2026-03-31 0:24,1.392,0.008,0,0,0,0,v
2026-03-31 0:30,1.399,0.008,0,0,0,0,v
2026-03-31 0:36,1.404,0.008,0,0,0,0,v
2026-03-31 0:42,1.409,0.008,0,0,0,0,v
2026-03-31 0:48,1.412,0.008,0,0,0,0,v
2026-03-31 0:54,1.414,0.008,0,0,0,0,v
2026-03-31 1:00,1.417,0.008,0,0,0,0,v
2026-03-31 1:06,1.418,0.008,0,0,0,0,v
2026-03-31 1:12,1.419,0.008,0,0,0,0,v
2026-03-31 1:18,1.417,0.008,0,0,0,0,v
2026-03-31 1:24,1.414,0.008,0,0,0,0,v
2026-03-31 1:30,1.407,0.008,0,0,0,0,v
2026-03-31 1:36,1.399,0.008,0,0,0,0,v
2026-03-31 1:42,1.39,0.008,0,0,0,0,v
2026-03-31 1:48,1.378,0.008,0,0,0,0,v
2026-03-31 1:54,1.364,0.008,0,0,0,0,v
2026-03-31 2:00,1.345,0.008,0,0,0,0,v
2026-03-31 2:06,1.325,0.008,0,0,0,0,v
2026-03-31 2:12,1.304,0.008,0,0,0,0,v
2026-03-31 2:18,1.281,0.008,0,0,0,0,v
2026-03-31 2:24,1.256,0.008,0,0,0,0,v
2026-03-31 2:30,1.231,0.008,0,0,0,0,v
2026-03-31 2:36,1.203,0.008,0,0,0,0,v
2026-03-31 2:42,1.173,0.008,0,0,0,0,v
2026-03-31 2:48,1.14,0.008,0,0,0,0,v
2026-03-31 2:54,1.106,0.008,0,0,0,0,v
2026-03-31 3:00,1.069,0.008,0,0,0,0,v
2026-03-31 3:06,1.033,0.008,0,0,0,0,v
2026-03-31 3:12,0.998,0.008,0,0,0,0,v
2026-03-31 3:18,0.964,0.008,0,0,0,0,v
2026-03-31 3:24,0.928,0.008,0,0,0,0,v
2026-03-31 3:30,0.891,0.008,0,0,0,0,v
2026-03-31 3:36,0.853,0.008,0,0,0,0,v
2026-03-31 3:42,0.818,0.008,0,0,0,0,v
2026-03-31 3:48,0.78,0.008,0,0,0,0,v
2026-03-31 3:54,0.747,0.008,0,0,0,0,v
2026-03-31 4:00,0.715,0.008,0,0,0,0,v
2026-03-31 4:06,0.683,0.008,0,0,0,0,v
2026-03-31 4:12,0.649,0.008,0,0,0,0,v
2026-03-31 4:18,0.616,0.008,0,0,0,0,v
2026-03-31 4:24,0.586,0.008,0,0,0,0,v
2026-03-31 4:30,0.559,0.008,0,0,0,0,v
2026-03-31 4:36,0.532,0.008,0,0,0,0,v
2026-03-31 4:42,0.506,0.008,0,0,0,0,v
2026-03-31 4:48,0.477,0.008,0,0,0,0,v
2026-03-31 4:54,0.45,0.008,0,0,0,0,v
2026-03-31 5:00,0.423,0.008,0,0,0,0,v
2026-03-31 5:06,0.397,0.008,0,0,0,0,v
2026-03-31 5:12,0.369,0.008,0,0,0,0,v
2026-03-31 5:18,0.341,0.008,0,0,0,0,v
2026-03-31 5:24,0.314,0.008,0,0,0,0,v
2026-03-31 5:30,0.289,0.008,0,0,0,0,v
2026-03-31 5:36,0.263,0.008,0,0,0,0,v
2026-03-31 5:42,0.238,0.008,0,0,0,0,v
2026-03-31 5:48,0.211,0.008,0,0,0,0,v
2026-03-31 5:54,0.186,0.008,0,0,0,0,v
2026-03-31 6:00,0.159,0.008,0,0,0,0,v
2026-03-31 6:06,0.134,0.008,0,0,0,0,v
2026-03-31 6:12,0.107,0.008,0,0,0,0,v
2026-03-31 6:18,0.083,0.008,0,0,0,0,v
2026-03-31 6:24,0.062,0.008,0,0,0,0,v
2026-03-31 6:30,0.037,0.008,0,0,0,0,v
2026-03-31 6:36,0.013,0.008,0,0,0,0,v
2026-03-31 6:42,-0.01,0.008,0,0,0,0,v
2026-03-31 6:48,-0.035,0.008,0,0,0,0,v
2026-03-31 6:54,-0.055,0.008,0,0,0,0,v
2026-03-31 7:00,-0.078,0.008,0,0,0,0,v
2026-03-31 7:06,-0.098,0.008,0,0,0,0,v
2026-03-31 7:12,-0.116,0.008,0,0,0,0,v
2026-03-31 7:18,-0.131,0.008,0,0,0,0,v
2026-03-31 7:24,-0.142,0.008,0,0,0,0,v
2026-03-31 7:30,-0.152,0.008,0,0,0,0,v
2026-03-31 7:36,-0.158,0.008,0,0,0,0,v
2026-03-31 7:42,-0.163,0.008,0,0,0,0,v
2026-03-31 7:48,-0.164,0.008,0,0,0,0,v
2026-03-31 7:54,-0.166,0.008,0,0,0,0,v
2026-03-31 8:00,-0.163,0.008,0,0,0,0,v
2026-03-31 8:06,-0.156,0.008,0,0,0,0,v
2026-03-31 8:12,-0.142,0.008,0,0,0,0,v
2026-03-31 8:18,-0.123,0.008,0,0,0,0,v
2026-03-31 8:24,-0.096,0.008,0,0,0,0,v
2026-03-31 8:30,-0.063,0.008,0,0,0,0,v
2026-03-31 8:36,-0.024,0.008,0,0,0,0,v
2026-03-31 8:42,0.019,0.008,0,0,0,0,v
2026-03-31 8:48,0.067,0.008,0,0,0,0,v
2026-03-31 8:54,0.125,0.008,0,0,0,0,v
2026-03-31 9:00,0.188,0.008,0,0,0,0,v
2026-03-31 9:06,0.212,0.008,0,0,0,0,v
2026-03-31 9:12,0.251,0.008,0,0,0,0,v
2026-03-31 9:18,0.324,0.008,0,0,0,0,v
2026-03-31 9:24,0.376,0.008,0,0,0,0,v
2026-03-31 9:30,0.438,0.008,0,0,0,0,v
2026-03-31 9:36,0.496,0.008,0,0,0,0,v
2026-03-31 9:42,0.545,0.008,0,0,0,0,v
2026-03-31 9:48,0.579,0.008,0,0,0,0,v
2026-03-31 9:54,0.625,0.008,0,0,0,0,v
2026-03-31 10:00,0.673,0.008,0,0,0,0,v
2026-03-31 10:06,0.719,0.008,0,0,0,0,v
2026-03-31 10:12,0.76,0.008,0,0,0,0,v
2026-03-31 10:18,0.797,0.008,0,0,0,0,v
2026-03-31 10:24,0.834,0.008,0,0,0,0,v
2026-03-31 10:30,0.87,0.008,0,0,0,0,v
2026-03-31 10:36,0.905,0.008,0,0,0,0,v
2026-03-31 10:42,0.933,0.008,0,0,0,0,v
2026-03-31 10:48,0.963,0.008,0,0,0,0,v
2026-03-31 10:54,0.99,0.008,0,0,0,0,v
2026-03-31 11:00,1.019,0.008,0,0,0,0,v
2026-03-31 11:06,1.045,0.008,0,0,0,0,v
2026-03-31 11:12,1.071,0.008,0,0,0,0,v
2026-03-31 11:18,1.094,0.008,0,0,0,0,v
2026-03-31 11:24,1.115,0.008,0,0,0,0,v
2026-03-31 11:30,1.136,0.008,0,0,0,0,v
2026-03-31 11:36,1.156,0.008,0,0,0,0,v
2026-03-31 11:42,1.175,0.008,0,0,0,0,v
2026-03-31 11:48,1.193,0.008,0,0,0,0,v
2026-03-31 11:54,1.212,0.008,0,0,0,0,v
2026-03-31 12:00,1.23,0.008,0,0,0,0,v
2026-03-31 12:06,1.245,0.008,0,0,0,0,v
2026-03-31 12:12,1.259,0.008,0,0,0,0,v
2026-03-31 12:18,1.271,0.008,0,0,0,0,v
2026-03-31 12:24,1.282,0.008,0,0,0,0,v
2026-03-31 12:30,1.29,0.008,0,0,0,0,v
2026-03-31 12:36,1.299,0.008,0,0,0,0,v
2026-03-31 12:42,1.307,0.008,0,0,0,0,v
2026-03-31 12:48,1.315,0.008,0,0,0,0,v
2026-03-31 12:54,1.32,0.008,0,0,0,0,v
2026-03-31 13:00,1.326,0.008,0,0,0,0,v
2026-03-31 13:06,1.33,0.008,0,0,0,0,v
2026-03-31 13:12,1.335,0.008,0,0,0,0,v
2026-03-31 13:18,1.339,0.008,0,0,0,0,v
2026-03-31 13:24,1.339,0.008,0,0,0,0,v
2026-03-31 13:30,1.337,0.008,0,0,0,0,v
2026-03-31 13:36,1.332,0.008,0,0,0,0,v
2026-03-31 13:42,1.327,0.008,0,0,0,0,v
2026-03-31 13:48,1.321,0.008,0,0,0,0,v
2026-03-31 13:54,1.312,0.008,0,0,0,0,v
2026-03-31 14:00,1.301,0.008,0,0,0,0,v
2026-03-31 14:06,1.286,0.008,0,0,0,0,v
2026-03-31 14:12,1.265,0.008,0,0,0,0,v
2026-03-31 14:18,1.242,0.008,0,0,0,0,v
2026-03-31 14:24,1.221,0.008,0,0,0,0,v
2026-03-31 14:30,1.197,0.008,0,0,0,0,v
2026-03-31 14:36,1.171,0.008,0,0,0,0,v
2026-03-31 14:42,1.145,0.008,0,0,0,0,v
2026-03-31 14:48,1.118,0.008,0,0,0,0,v
2026-03-31 14:54,1.088,0.008,0,0,0,0,v
2026-03-31 15:00,1.056,0.008,0,0,0,0,v
2026-03-31 15:06,1.023,0.008,0,0,0,0,v
2026-03-31 15:12,0.991,0.008,0,0,0,0,v
2026-03-31 15:18,0.956,0.008,0,0,0,0,v
2026-03-31 15:24,0.922,0.008,0,0,0,0,v
2026-03-31 15:30,0.892,0.008,0,0,0,0,v
2026-03-31 15:36,0.864,0.008,0,0,0,0,v
2026-03-31 15:42,0.828,0.008,0,0,0,0,v
2026-03-31 15:48,0.797,0.008,0,0,0,0,v
2026-03-31 15:54,0.765,0.008,0,0,0,0,v
2026-03-31 16:00,0.727,0.008,0,0,0,0,v
2026-03-31 16:06,0.696,0.008,0,0,0,0,v
2026-03-31 16:12,0.667,0.008,0,0,0,0,v
2026-03-31 16:18,0.638,0.008,0,0,0,0,v
2026-03-31 16:24,0.61,0.008,0,0,0,0,v
2026-03-31 16:30,0.582,0.008,0,0,0,0,v
2026-03-31 16:36,0.551,0.008,0,0,0,0,v
2026-03-31 16:42,0.524,0.008,0,0,0,0,v
2026-03-31 16:48,0.497,0.008,0,0,0,0,v
2026-03-31 16:54,0.472,0.008,0,0,0,0,v
2026-03-31 17:00,0.446,0.008,0,0,0,0,v
2026-03-31 17:06,0.421,0.008,0,0,0,0,v
2026-03-31 17:12,0.394,0.008,0,0,0,0,v
2026-03-31 17:18,0.37,0.008,0,0,0,0,v
2026-03-31 17:24,0.362,0.008,0,0,0,0,v
2026-03-31 17:30,0.326,0.008,0,0,0,0,v
2026-03-31 17:36,0.282,0.008,0,0,0,0,v
2026-03-31 17:42,0.253,0.008,0,0,0,0,v
2026-03-31 17:48,0.222,0.008,0,0,0,0,v
2026-03-31 17:54,0.204,0.008,0,0,0,0,v
2026-03-31 18:00,0.181,0.008,0,0,0,0,v
2026-03-31 18:06,0.158,0.008,0,0,0,0,v
2026-03-31 18:12,0.137,0.008,0,0,0,0,v
2026-03-31 18:18,0.117,0.008,0,0,0,0,v
2026-03-31 18:24,0.087,0.008,0,0,0,0,v
2026-03-31 18:30,0.07,0.008,0,0,0,0,v
2026-03-31 18:36,0.049,0.008,0,0,0,0,v
2026-03-31 18:42,0.025,0.008,0,0,0,0,v
2026-03-31 18:48,0.003,0.008,0,0,0,0,v
2026-03-31 18:54,-0.017,0.008,0,0,0,0,v
2026-03-31 19:00,-0.036,0.008,0,0,0,0,v
2026-03-31 19:06,-0.055,0.008,0,0,0,0,v
2026-03-31 19:12,-0.073,0.008,0,0,0,0,v
2026-03-31 19:18,-0.087,0.008,0,0,0,0,v
2026-03-31 19:24,-0.106,0.008,0,0,0,0,v
2026-03-31 19:30,-0.118,0.008,0,0,0,0,v
2026-03-31 19:36,-0.123,0.008,0,0,0,0,v
2026-03-31 19:42,-0.155,0.008,0,0,0,0,v
2026-03-31 19:48,-0.169,0.008,0,0,0,0,v
2026-03-31 19:54,-0.173,0.008,0,0,0,0,v
2026-03-31 20:00,-0.178,0.008,0,0,0,0,v
2026-03-31 20:06,-0.179,0.008,0,0,0,0,v
2026-03-31 20:12,-0.176,0.008,0,0,0,0,v
2026-03-31 20:18,-0.172,0.008,0,0,0,0,v
2026-03-31 20:24,-0.165,0.008,0,0,0,0,v
2026-03-31 20:30,-0.156,0.008,0,0,0,0,v
2026-03-31 20:36,-0.136,0.008,0,0,0,0,v
2026-03-31 20:42,-0.112,0.008,0,0,0,0,v
2026-03-31 20:48,-0.081,0.008,0,0,0,0,v
2026-03-31 20:54,-0.044,0.008,0,0,0,0,v
2026-03-31 21:00,-0.006,0.008,0,0,0,0,v
2026-03-31 21:06,0.037,0.008,0,0,0,0,v
2026-03-31 21:12,0.084,0.008,0,0,0,0,v
2026-03-31 21:18,0.134,0.008,0,0,0,0,v
2026-03-31 21:24,0.186,0.008,0,0,0,0,v
2026-03-31 21:30,0.239,0.008,0,0,0,0,v
2026-03-31 21:36,0.29,0.008,0,0,0,0,v
2026-03-31 21:42,0.342,0.008,0,0,0,0,v
2026-03-31 21:48,0.395,0.008,0,0,0,0,v
2026-03-31 21:54,0.444,0.008,0,0,0,0,v
2026-03-31 22:00,0.492,0.008,0,0,0,0,v
2026-03-31 22:06,0.54,0.008,0,0,0,0,v
2026-03-31 22:12,0.586,0.008,0,0,0,0,v
2026-03-31 22:18,0.629,0.008,0,0,0,0,v
2026-03-31 22:24,0.672,0.008,0,0,0,0,v
2026-03-31 22:30,0.714,0.008,0,0,0,0,v
2026-03-31 22:36,0.754,0.008,0,0,0,0,v
2026-03-31 22:42,0.793,0.008,0,0,0,0,v
2026-03-31 22:48,0.828,0.008,0,0,0,0,v
2026-03-31 22:54,0.864,0.008,0,0,0,0,v
2026-03-31 23:00,0.896,0.008,0,0,0,0,v
2026-03-31 23:06,0.933,0.008,0,0,0,0,v
2026-03-31 23:12,0.965,0.008,0,0,0,0,v
2026-03-31 23:18,0.993,0.008,0,0,0,0,v
2026-03-31 23:24,1.021,0.008,0,0,0,0,v
2026-03-31 23:30,1.049,0.008,0,0,0,0,v
2026-03-31 23:36,1.076,0.008,0,0,0,0,v
2026-03-31 23:42,1.102,0.008,0,0,0,0,v
2026-03-31 23:48,1.127,0.008,0,0,0,0,v
2026-03-31 23:54,1.153,0.008,0,0,0,0,v
2026-04-01 0:00,1.178,0.007,0,0,0,0,p
2026-04-01 0:06,1.199,0.007,1,0,0,0,p
2026-04-01 0:12,1.219,0.007,0,0,0,0,p
2026-04-01 0:18,1.237,0.005,0,0,0,0,p
2026-04-01 0:24,1.256,0.006,0,0,0,0,p
2026-04-01 0:30,1.272,0.004,0,0,0,0,p
2026-04-01 0:36,1.285,0.005,0,0,0,0,p
2026-04-01 0:42,1.3,0.004,0,0,0,0,p
2026-04-01 0:48,1.314,0.004,0,0,0,0,p
2026-04-01 0:54,1.325,0.004,0,0,0,0,p
2026-04-01 1:00,1.337,0.004,0,0,0,0,p
2026-04-01 1:06,1.347,0.003,0,0,0,0,p
2026-04-01 1:12,1.355,0.003,0,0,0,0,p
2026-04-01 1:18,1.364,0.003,0,0,0,0,p
2026-04-01 1:24,1.371,0.002,0,0,0,0,p
2026-04-01 1:30,1.375,0.002,1,0,0,0,p
2026-04-01 1:36,1.379,0.001,1,0,0,0,p
2026-04-01 1:42,1.382,0.001,0,0,0,0,p
2026-04-01 1:48,1.383,0.001,0,0,0,0,p
2026-04-01 1:54,1.383,0.001,0,0,0,0,p
2026-04-01 2:00,1.382,0.001,1,0,0,0,p
2026-04-01 2:06,1.377,0.002,1,0,0,0,p
2026-04-01 2:12,1.374,0.004,0,0,0,0,p
2026-04-01 2:18,1.361,0.004,0,0,0,0,p
2026-04-01 2:24,1.35,0.006,1,0,0,0,p
2026-04-01 2:30,1.333,0.006,1,0,0,0,p
2026-04-01 2:36,1.316,0.011,0,0,0,0,p
2026-04-01 2:42,1.296,0.006,1,0,0,0,p
2026-04-01 2:48,1.272,0.015,0,0,0,0,p
2026-04-01 2:54,1.247,0.007,0,0,0,0,p
2026-04-01 3:00,1.218,0.007,1,0,0,0,p
2026-04-01 3:06,1.188,0.008,1,0,0,0,p
2026-04-01 3:12,1.162,0.012,0,0,0,0,p
2026-04-01 3:18,1.126,0.016,0,0,0,0,p
2026-04-01 3:24,1.095,0.011,0,0,0,0,p
2026-04-01 3:30,1.061,0.008,0,0,0,0,p
2026-04-01 3:36,1.03,0.012,0,0,0,0,p
2026-04-01 3:42,0.995,0.011,0,0,0,0,p
2026-04-01 3:48,0.962,0.013,0,0,0,0,p
2026-04-01 3:54,0.923,0.012,0,0,0,0,p
2026-04-01 4:00,0.89,0.011,0,0,0,0,p
2026-04-01 4:06,0.851,0.012,0,0,0,0,p
2026-04-01 4:12,0.814,0.011,0,0,0,0,p
2026-04-01 4:18,0.778,0.012,0,0,0,0,p
2026-04-01 4:24,0.744,0.011,0,0,0,0,p
2026-04-01 4:30,0.711,0.009,0,0,0,0,p
2026-04-01 4:36,0.678,0.011,0,0,0,0,p
2026-04-01 4:42,0.646,0.01,0,0,0,0,p
2026-04-01 4:48,0.614,0.01,0,0,0,0,p
2026-04-01 4:54,0.585,0.008,0,0,0,0,p
2026-04-01 5:00,0.56,0.008,0,0,0,0,p
2026-04-01 5:06,0.534,0.009,0,0,0,0,p
2026-04-01 5:12,0.505,0.01,0,0,0,0,p
2026-04-01 5:18,0.476,0.009,0,0,0,0,p
2026-04-01 5:24,0.449,0.008,0,0,0,0,p
2026-04-01 5:30,0.426,0.008,1,0,0,0,p
2026-04-01 5:36,0.401,0.009,0,0,0,0,p
2026-04-01 5:42,0.372,0.009,0,0,0,0,p
2026-04-01 5:48,0.344,0.009,0,0,0,0,p
2026-04-01 5:54,0.316,0.01,0,0,0,0,p
2026-04-01 6:00,0.288,0.01,0,0,0,0,p
2026-04-01 6:06,0.261,0.008,1,0,0,0,p
2026-04-01 6:12,0.236,0.009,1,0,0,0,p
2026-04-01 6:18,0.212,0.008,0,0,0,0,p
2026-04-01 6:24,0.188,0.008,0,0,0,0,p
2026-04-01 6:30,0.165,0.009,0,0,0,0,p
2026-04-01 6:36,0.141,0.008,0,0,0,0,p
2026-04-01 6:42,0.115,0.009,0,0,0,0,p
2026-04-01 6:48,0.092,0.008,0,0,0,0,p
2026-04-01 6:54,0.068,0.007,0,0,0,0,p
2026-04-01 7:00,0.045,0.007,0,0,0,0,p
2026-04-01 7:06,0.024,0.006,0,0,0,0,p
2026-04-01 7:12,0.001,0.008,0,0,0,0,p
2026-04-01 7:18,-0.021,0.006,0,0,0,0,p
2026-04-01 7:24,-0.042,0.006,0,0,0,0,p
2026-04-01 7:30,-0.062,0.006,0,0,0,0,p
2026-04-01 7:36,-0.081,0.006,0,0,0,0,p
2026-04-01 7:42,-0.099,0.005,0,0,0,0,p
2026-04-01 7:48,-0.117,0.005,0,0,0,0,p
2026-04-01 7:54,-0.132,0.005,0,0,0,0,p
2026-04-01 8:00,-0.146,0.004,0,0,0,0,p
2026-04-01 8:06,-0.158,0.004,0,0,0,0,p
2026-04-01 8:12,-0.167,0.003,0,0,0,0,p
2026-04-01 8:18,-0.174,0.002,0,0,0,0,p
2026-04-01 8:24,-0.182,0.003,1,0,0,0,p
2026-04-01 8:30,-0.183,0.002,1,0,0,0,p
2026-04-01 8:36,-0.185,0.002,1,0,0,0,p
2026-04-01 8:42,-0.184,0.002,0,0,0,0,p
2026-04-01 8:48,-0.178,0.003,0,0,0,0,p
2026-04-01 8:54,-0.167,0.004,0,0,0,0,p
2026-04-01 9:00,-0.152,0.005,0,0,0,0,p
2026-04-01 9:06,-0.132,0.007,0,0,0,0,p
2026-04-01 9:12,-0.104,0.01,0,0,0,0,p
2026-04-01 9:18,-0.07,0.011,0,0,0,0,p
2026-04-01 9:24,-0.031,0.012,0,0,0,0,p
2026-04-01 9:30,0.009,0.013,0,0,0,0,p
2026-04-01 9:36,0.055,0.015,0,0,0,0,p
2026-04-01 9:42,0.103,0.014,0,0,0,0,p
2026-04-01 9:48,0.151,0.015,0,0,0,0,p
2026-04-01 9:54,0.2,0.015,0,0,0,0,p
2026-04-01 10:00,0.252,0.016,0,0,0,0,p
2026-04-01 10:06,0.305,0.016,0,0,0,0,p
2026-04-01 10:12,0.357,0.016,0,0,0,0,p
2026-04-01 10:18,0.407,0.014,0,0,0,0,p
2026-04-01 10:24,0.456,0.015,0,0,0,0,p
2026-04-01 10:30,0.504,0.014,0,0,0,0,p
2026-04-01 10:36,0.549,0.013,0,0,0,0,p
2026-04-01 10:42,0.593,0.013,0,0,0,0,p
2026-04-01 10:48,0.635,0.012,0,0,0,0,p
2026-04-01 10:54,0.675,0.012,0,0,0,0,p
2026-04-01 11:00,0.713,0.011,0,0,0,0,p
2026-04-01 11:06,0.75,0.011,0,0,0,0,p
2026-04-01 11:12,0.783,0.01,0,0,0,0,p
2026-04-01 11:18,0.816,0.009,0,0,0,0,p
2026-04-01 11:24,0.849,0.01,0,0,0,0,p
2026-04-01 11:30,0.879,0.009,0,0,0,0,p
2026-04-01 11:36,0.908,0.009,0,0,0,0,p
2026-04-01 11:42,0.935,0.008,0,0,0,0,p
2026-04-01 11:48,0.964,0.01,0,0,0,0,p
2026-04-01 11:54,0.989,0.006,0,0,0,0,p
2026-04-01 12:00,1.018,0.011,0,0,0,0,p
2026-04-01 12:06,1.04,0.006,0,0,0,0,p
2026-04-01 12:12,1.066,0.008,0,0,0,0,p
2026-04-01 12:18,1.087,0.008,0,0,0,0,p
2026-04-01 12:24,1.11,0.005,0,0,0,0,p
2026-04-01 12:30,1.133,0.008,0,0,0,0,p
2026-04-01 12:36,1.15,0.004,0,0,0,0,p
2026-04-01 12:42,1.169,0.007,0,0,0,0,p
2026-04-01 12:48,1.185,0.006,0,0,0,0,p
2026-04-01 12:54,1.202,0.003,0,0,0,0,p
2026-04-01 13:00,1.214,0.006,0,0,0,0,p
2026-04-01 13:06,1.23,0.002,1,0,0,0,p
2026-04-01 13:12,1.24,0.005,0,0,0,0,p
2026-04-01 13:18,1.252,0.003,0,0,0,0,p
2026-04-01 13:24,1.26,0.003,0,0,0,0,p
2026-04-01 13:30,1.269,0.002,1,0,0,0,p
2026-04-01 13:36,1.274,0.002,0,0,0,0,p
2026-04-01 13:42,1.279,0.001,0,0,0,0,p
2026-04-01 13:48,1.281,0.004,1,0,0,0,p
2026-04-01 13:54,1.285,0.003,1,0,0,0,p
2026-04-01 14:00,1.286,0.003,1,0,0,0,p
2026-04-01 14:06,1.288,0.002,1,0,0,0,p
2026-04-01 14:12,1.289,0.003,1,0,0,0,p
2026-04-01 14:18,1.279,0.006,1,0,0,0,p
2026-04-01 14:24,1.27,0.005,1,0,0,0,p
2026-04-01 14:30,1.262,0.004,0,0,0,0,p
2026-04-01 14:36,1.254,0.005,1,0,0,0,p
2026-04-01 14:42,1.246,0.007,1,0,0,0,p
2026-04-01 14:48,1.232,0.006,1,0,0,0,p
2026-04-01 14:54,1.214,0.008,0,0,0,0,p
2026-04-01 15:00,1.192,0.007,1,0,0,0,p
2026-04-01 15:06,1.172,0.01,1,0,0,0,p
2026-04-01 15:12,1.151,0.008,0,0,0,0,p
2026-04-01 15:18,1.129,0.008,0,0,0,0,p
2026-04-01 15:24,1.104,0.009,0,0,0,0,p
2026-04-01 15:30,1.077,0.013,0,0,0,0,p
2026-04-01 15:36,1.047,0.005,0,0,0,0,p
2026-04-01 15:42,1.022,0.016,0,0,0,0,p
2026-04-01 15:48,0.984,0.004,1,0,0,0,p
2026-04-01 15:54,0.956,0.017,0,0,0,0,p
2026-04-01 16:00,0.92,0.007,1,0,0,0,p
2026-04-01 16:06,0.885,0.013,0,0,0,0,p
2026-04-01 16:12,0.856,0.008,0,0,0,0,p
2026-04-01 16:18,0.824,0.015,0,0,0,0,p
2026-04-01 16:24,0.799,0.012,1,0,0,0,p
2026-04-01 16:30,0.759,0.012,1,0,0,0,p
2026-04-01 16:36,0.73,0.01,0,0,0,0,p
2026-04-01 16:42,0.695,0.01,0,0,0,0,p
2026-04-01 16:48,0.668,0.011,0,0,0,0,p
2026-04-01 16:54,0.639,0.009,1,0,0,0,p
2026-04-01 17:00,0.626,0.008,1,0,0,0,p
2026-04-01 17:06,0.599,0.014,0,0,0,0,p
2026-04-01 17:12,0.536,0.024,0,0,0,0,p
2026-04-01 17:18,0.512,0.007,0,0,0,0,p
2026-04-01 17:24,0.487,0.011,0,0,0,0,p
2026-04-01 17:30,0.464,0.01,0,0,0,0,p
2026-04-01 17:36,0.445,0.009,0,0,0,0,p
2026-04-01 17:42,0.422,0.008,1,0,0,0,p
2026-04-01 17:48,0.392,0.014,1,0,0,0,p
2026-04-01 17:54,0.358,0.01,1,0,0,0,p
2026-04-01 18:00,0.332,0.011,0,0,0,0,p
2026-04-01 18:06,0.309,0.011,1,0,0,0,p
2026-04-01 18:12,0.288,0.011,0,0,0,0,p
2026-04-01 18:18,0.262,0.01,1,0,0,0,p
2026-04-01 18:24,0.241,0.011,0,0,0,0,p
2026-04-01 18:30,0.227,0.009,1,0,0,0,p
2026-04-01 18:36,0.216,0.013,1,0,0,0,p
2026-04-01 18:42,0.161,0.021,0,0,0,0,p
2026-04-01 18:48,0.139,0.012,0,0,0,0,p
2026-04-01 18:54,0.116,0.01,1,0,0,0,p
2026-04-01 19:00,0.093,0.012,1,0,0,0,p
2026-04-01 19:06,0.074,0.009,1,0,0,0,p
2026-04-01 19:12,0.054,0.008,1,0,0,0,p
2026-04-01 19:18,0.043,0.011,0,0,0,0,p
2026-04-01 19:24,0.014,0.011,1,0,0,0,p
2026-04-01 19:30,-0.009,0.01,1,0,0,0,p
2026-04-01 19:36,-0.026,0.009,0,0,0,0,p
2026-04-01 19:42,-0.046,0.009,0,0,0,0,p
2026-04-01 19:48,-0.065,0.009,0,0,0,0,p
2026-04-01 19:54,-0.081,0.01,0,0,0,0,p
2026-04-01 20:00,-0.099,0.009,0,0,0,0,p
2026-04-01 20:06,-0.115,0.011,0,0,0,0,p
2026-04-01 20:12,-0.127,0.01,1,0,0,0,p
2026-04-01 20:18,-0.14,0.009,0,0,0,0,p
2026-04-01 20:24,-0.148,0.01,0,0,0,0,p
2026-04-01 20:30,-0.154,0.009,1,0,0,0,p
2026-04-01 20:36,-0.158,0.009,1,0,0,0,p
2026-04-01 20:42,-0.159,0.008,1,0,0,0,p
2026-04-01 20:48,-0.157,0.007,0,0,0,0,p
2026-04-01 20:54,-0.152,0.007,0,0,0,0,p
2026-04-01 21:00,-0.142,0.008,1,0,0,0,p
2026-04-01 21:06,-0.129,0.009,1,0,0,0,p
2026-04-01 21:12,-0.112,0.011,1,0,0,0,p
2026-04-01 21:18,-0.088,0.014,1,0,0,0,p
2026-04-01 21:24,-0.062,0.013,0,0,0,0,p
2026-04-01 21:30,-0.031,0.013,0,0,0,0,p
2026-04-01 21:36,-0.001,0.014,0,0,0,0,p
2026-04-01 21:42,0.035,0.014,0,0,0,0,p
2026-04-01 21:48,0.074,0.014,1,0,0,0,p
2026-04-01 21:54,0.117,0.016,1,0,0,0,p
2026-04-01 22:00,0.166,0.017,0,0,0,0,p
2026-04-01 22:06,0.214,0.018,0,0,0,0,p
2026-04-01 22:12,0.266,0.019,0,0,0,0,p
2026-04-01 22:18,0.315,0.017,1,0,0,0,p
2026-04-01 22:24,0.364,0.02,1,0,0,0,p
2026-04-01 22:30,0.414,0.018,0,0,0,0,p
2026-04-01 22:36,0.465,0.018,0,0,0,0,p
2026-04-01 22:42,0.515,0.018,0,0,0,0,p
2026-04-01 22:48,0.563,0.016,1,0,0,0,p
2026-04-01 22:54,0.608,0.016,1,0,0,0,p
2026-04-01 23:00,0.655,0.017,0,0,0,0,p
2026-04-01 23:06,0.696,0.015,0,0,0,0,p
2026-04-01 23:12,0.739,0.015,0,0,0,0,p
2026-04-01 23:18,0.78,0.015,0,0,0,0,p
2026-04-01 23:24,0.818,0.013,0,0,0,0,p
2026-04-01 23:30,0.853,0.012,0,0,0,0,p
2026-04-01 23:36,0.889,0.012,1,0,0,0,p
2026-04-01 23:42,0.924,0.012,0,0,0,0,p
2026-04-01 23:48,0.958,0.012,0,0,0,0,p
2026-04-01 23:54,0.992,0.011,0,0,0,0,p
2026-04-02 0:00,1.024,0.011,0,0,0,0,p
2026-04-02 0:06,1.054,0.01,1,0,0,0,p
2026-04-02 0:12,1.082,0.01,0,0,0,0,p
2026-04-02 0:18,1.11,0.009,0,0,0,0,p
2026-04-02 0:24,1.139,0.009,0,0,0,0,p
2026-04-02 0:30,1.165,0.008,0,0,0,0,p
2026-04-02 0:36,1.19,0.009,1,0,0,0,p
2026-04-02 0:42,1.214,0.008,0,0,0,0,p
2026-04-02 0:48,1.237,0.007,1,0,0,0,p
2026-04-02 0:54,1.255,0.007,1,0,0,0,p
2026-04-02 1:00,1.276,0.007,0,0,0,0,p
2026-04-02 1:06,1.296,0.006,0,0,0,0,p
2026-04-02 1:12,1.313,0.005,0,0,0,0,p
2026-04-02 1:18,1.33,0.005,0,0,0,0,p
2026-04-02 1:24,1.344,0.004,0,0,0,0,p
2026-04-02 1:30,1.357,0.004,1,0,0,0,p
2026-04-02 1:36,1.371,0.004,0,0,0,0,p
2026-04-02 1:42,1.384,0.004,0,0,0,0,p
2026-04-02 1:48,1.395,0.003,0,0,0,0,p
2026-04-02 1:54,1.405,0.003,1,0,0,0,p
2026-04-02 2:00,1.41,0.005,1,0,0,0,p
2026-04-02 2:06,1.414,0.007,1,0,0,0,p
2026-04-02 2:12,1.42,0.005,1,0,0,0,p
2026-04-02 2:18,1.426,0.004,1,0,0,0,p
2026-04-02 2:24,1.43,0.003,1,0,0,0,p
2026-04-02 2:30,1.432,0.003,1,0,0,0,p
2026-04-02 2:36,1.431,0.003,1,0,0,0,p
2026-04-02 2:42,1.43,0.003,1,0,0,0,p
2026-04-02 2:48,1.427,0.003,1,0,0,0,p
2026-04-02 2:54,1.424,0.002,1,0,0,0,p
2026-04-02 3:00,1.416,0.004,1,0,0,0,p
2026-04-02 3:06,1.404,0.004,1,0,0,0,p
2026-04-02 3:12,1.39,0.005,0,0,0,0,p
2026-04-02 3:18,1.371,0.006,0,0,0,0,p
2026-04-02 3:24,1.351,0.007,0,0,0,0,p
2026-04-02 3:30,1.33,0.008,0,0,0,0,p
2026-04-02 3:36,1.306,0.009,0,0,0,0,p
2026-04-02 3:42,1.278,0.009,1,0,0,0,p
2026-04-02 3:48,1.249,0.01,0,0,0,0,p
2026-04-02 3:54,1.218,0.01,0,0,0,0,p
2026-04-02 4:00,1.187,0.01,0,0,0,0,p
2026-04-02 4:06,1.153,0.01,0,0,0,0,p
2026-04-02 4:12,1.118,0.011,0,0,0,0,p
2026-04-02 4:18,1.081,0.011,0,0,0,0,p
2026-04-02 4:24,1.045,0.011,0,0,0,0,p
2026-04-02 4:30,1.009,0.011,0,0,0,0,p
2026-04-02 4:36,0.975,0.01,0,0,0,0,p
2026-04-02 4:42,0.939,0.012,0,0,0,0,p
2026-04-02 4:48,0.901,0.011,0,0,0,0,p
2026-04-02 4:54,0.864,0.012,0,0,0,0,p
2026-04-02 5:00,0.826,0.01,0,0,0,0,p
2026-04-02 5:06,0.793,0.01,0,0,0,0,p
2026-04-02 5:12,0.759,0.01,0,0,0,0,p
2026-04-02 5:18,0.724,0.011,0,0,0,0,p
2026-04-02 5:24,0.69,0.01,0,0,0,0,p
2026-04-02 5:30,0.658,0.01,0,0,0,0,p
2026-04-02 5:36,0.628,0.009,0,0,0,0,p
2026-04-02 5:42,0.599,0.009,0,0,0,0,p
2026-04-02 5:48,0.57,0.01,0,0,0,0,p
2026-04-02 5:54,0.541,0.008,0,0,0,0,p
2026-04-02 6:00,0.515,0.009,0,0,0,0,p
2026-04-02 6:06,0.489,0.008,0,0,0,0,p
2026-04-02 6:12,0.467,0.008,1,0,0,0,p
2026-04-02 6:18,0.439,0.009,1,0,0,0,p
2026-04-02 6:24,0.411,0.008,0,0,0,0,p
2026-04-02 6:30,0.382,0.013,0,0,0,0,p
2026-04-02 6:36,0.357,0.007,0,0,0,0,p
2026-04-02 6:42,0.323,0.012,0,0,0,0,p
2026-04-02 6:48,0.3,0.006,0,0,0,0,p
2026-04-02 6:54,0.276,0.008,0,0,0,0,p
2026-04-02 7:00,0.25,0.005,0,0,0,0,p
2026-04-02 7:06,0.225,0.012,0,0,0,0,p
2026-04-02 7:12,0.2,0.005,0,0,0,0,p
2026-04-02 7:18,0.173,0.01,0,0,0,0,p
2026-04-02 7:24,0.153,0.007,0,0,0,0,p
2026-04-02 7:30,0.125,0.009,0,0,0,0,p
2026-04-02 7:36,0.1,0.006,0,0,0,0,p
2026-04-02 7:42,0.079,0.007,0,0,0,0,p
2026-04-02 7:48,0.057,0.006,0,0,0,0,p
2026-04-02 7:54,0.038,0.006,0,0,0,0,p
2026-04-02 8:00,0.015,0.007,0,0,0,0,p
2026-04-02 8:06,-0.009,0.008,0,0,0,0,p
2026-04-02 8:12,-0.035,0.007,0,0,0,0,p
2026-04-02 8:18,-0.057,0.006,0,0,0,0,p
2026-04-02 8:24,-0.076,0.005,0,0,0,0,p
2026-04-02 8:30,-0.093,0.005,0,0,0,0,p
2026-04-02 8:36,-0.108,0.004,0,0,0,0,p
2026-04-02 8:42,-0.122,0.004,0,0,0,0,p
2026-04-02 8:48,-0.136,0.004,0,0,0,0,p
2026-04-02 8:54,-0.146,0.003,0,0,0,0,p
2026-04-02 9:00,-0.152,0.002,0,0,0,0,p
2026-04-02 9:06,-0.158,0.002,0,0,0,0,p
2026-04-02 9:12,-0.159,0.001,1,0,0,0,p
2026-04-02 9:18,-0.157,0.002,0,0,0,0,p
2026-04-02 9:24,-0.153,0.003,0,0,0,0,p
2026-04-02 9:30,-0.145,0.002,1,0,0,0,p
2026-04-02 9:36,-0.135,0.004,0,0,0,0,p
2026-04-02 9:42,-0.12,0.005,0,0,0,0,p
2026-04-02 9:48,-0.099,0.008,0,0,0,0,p
2026-04-02 9:54,-0.072,0.009,0,0,0,0,p
2026-04-02 10:00,-0.041,0.01,0,0,0,0,p
2026-04-02 10:06,-0.006,0.011,0,0,0,0,p
2026-04-02 10:12,0.033,0.012,0,0,0,0,p
2026-04-02 10:18,0.076,0.014,0,0,0,0,p
2026-04-02 10:24,0.123,0.014,0,0,0,0,p
2026-04-02 10:30,0.171,0.016,0,0,0,0,p
2026-04-02 10:36,0.221,0.015,0,0,0,0,p
2026-04-02 10:42,0.271,0.015,0,0,0,0,p
2026-04-02 10:48,0.32,0.015,0,0,0,0,p
2026-04-02 10:54,0.37,0.015,0,0,0,0,p
2026-04-02 11:00,0.418,0.015,0,0,0,0,p
2026-04-02 11:06,0.467,0.015,0,0,0,0,p
2026-04-02 11:12,0.513,0.014,0,0,0,0,p
2026-04-02 11:18,0.558,0.013,0,0,0,0,p
2026-04-02 11:24,0.6,0.012,0,0,0,0,p
2026-04-02 11:30,0.64,0.013,0,0,0,0,p
2026-04-02 11:36,0.679,0.013,0,0,0,0,p
2026-04-02 11:42,0.717,0.011,0,0,0,0,p
2026-04-02 11:48,0.754,0.011,0,0,0,0,p
2026-04-02 11:54,0.789,0.01,0,0,0,0,p
2026-04-02 12:00,0.822,0.01,0,0,0,0,p
2026-04-02 12:06,0.854,0.009,0,0,0,0,p
2026-04-02 12:12,0.884,0.009,0,0,0,0,p
2026-04-02 12:18,0.913,0.009,0,0,0,0,p
2026-04-02 12:24,0.942,0.008,0,0,0,0,p
2026-04-02 12:30,0.968,0.008,0,0,0,0,p
2026-04-02 12:36,0.993,0.01,1,0,0,0,p
2026-04-02 12:42,1.018,0.008,0,0,0,0,p
2026-04-02 12:48,1.042,0.007,0,0,0,0,p
2026-04-02 12:54,1.065,0.006,0,0,0,0,p
2026-04-02 13:00,1.088,0.007,0,0,0,0,p
2026-04-02 13:06,1.109,0.006,0,0,0,0,p
2026-04-02 13:12,1.129,0.005,0,0,0,0,p
2026-04-02 13:18,1.146,0.006,0,0,0,0,p
2026-04-02 13:24,1.163,0.006,0,0,0,0,p
2026-04-02 13:30,1.18,0.005,0,0,0,0,p
2026-04-02 13:36,1.196,0.006,0,0,0,0,p
2026-04-02 13:42,1.211,0.004,1,0,0,0,p
2026-04-02 13:48,1.222,0.003,0,0,0,0,p
2026-04-02 13:54,1.231,0.003,0,0,0,0,p
2026-04-02 14:00,1.238,0.003,1,0,0,0,p
2026-04-02 14:06,1.245,0.004,1,0,0,0,p
2026-04-02 14:12,1.25,0.006,1,0,0,0,p
2026-04-02 14:18,1.259,0.002,1,0,0,0,p
2026-04-02 14:24,1.263,0.002,1,0,0,0,p
2026-04-02 14:30,1.265,0.002,1,0,0,0,p
2026-04-02 14:36,1.267,0.001,1,0,0,0,p
2026-04-02 14:42,1.268,0.001,1,0,0,0,p
2026-04-02 14:48,1.268,0.003,1,0,0,0,p
2026-04-02 14:54,1.266,0.003,1,0,0,0,p
2026-04-02 15:00,1.261,0.005,1,0,0,0,p
2026-04-02 15:06,1.251,0.007,1,0,0,0,p
2026-04-02 15:12,1.243,0.005,1,0,0,0,p
2026-04-02 15:18,1.227,0.01,1,0,0,0,p
2026-04-02 15:24,1.211,0.009,0,0,0,0,p
2026-04-02 15:30,1.191,0.008,1,0,0,0,p
2026-04-02 15:36,1.17,0.008,0,0,0,0,p
2026-04-02 15:42,1.147,0.008,0,0,0,0,p
2026-04-02 15:48,1.121,0.008,0,0,0,0,p
2026-04-02 15:54,1.094,0.011,1,0,0,0,p
2026-04-02 16:00,1.068,0.009,0,0,0,0,p
2026-04-02 16:06,1.039,0.01,0,0,0,0,p
2026-04-02 16:12,1.009,0.01,1,0,0,0,p
2026-04-02 16:18,0.977,0.011,1,0,0,0,p
2026-04-02 16:24,0.945,0.015,1,0,0,0,p
2026-04-02 16:30,0.912,0.014,0,0,0,0,p
2026-04-02 16:36,0.882,0.012,0,0,0,0,p
2026-04-02 16:42,0.847,0.014,0,0,0,0,p
2026-04-02 16:48,0.812,0.011,0,0,0,0,p
2026-04-02 16:54,0.78,0.013,0,0,0,0,p
2026-04-02 17:00,0.746,0.013,0,0,0,0,p
2026-04-02 17:06,0.712,0.012,0,0,0,0,p
2026-04-02 17:12,0.678,0.011,0,0,0,0,p
2026-04-02 17:18,0.647,0.011,0,0,0,0,p
2026-04-02 17:24,0.617,0.009,1,0,0,0,p
2026-04-02 17:30,0.59,0.009,0,0,0,0,p
2026-04-02 17:36,0.565,0.009,1,0,0,0,p
2026-04-02 17:42,0.541,0.011,0,0,0,0,p
2026-04-02 17:48,0.515,0.011,1,0,0,0,p
2026-04-02 17:54,0.481,0.014,0,0,0,0,p
2026-04-02 18:00,0.451,0.009,0,0,0,0,p
2026-04-02 18:06,0.425,0.012,1,0,0,0,p
2026-04-02 18:12,0.397,0.011,0,0,0,0,p
2026-04-02 18:18,0.38,0.011,0,0,0,0,p
2026-04-02 18:24,0.354,0.009,1,0,0,0,p
2026-04-02 18:30,0.327,0.008,1,0,0,0,p
2026-04-02 18:36,0.296,0.014,0,0,0,0,p
2026-04-02 18:42,0.275,0.011,0,0,0,0,p
2026-04-02 18:48,0.251,0.009,1,0,0,0,p
2026-04-02 18:54,0.223,0.014,0,0,0,0,p
2026-04-02 19:00,0.198,0.014,1,0,0,0,p
2026-04-02 19:06,0.173,0.01,1,0,0,0,p
2026-04-02 19:12,0.151,0.012,1,0,0,0,p
2026-04-02 19:18,0.131,0.012,1,0,0,0,p
2026-04-02 19:24,0.109,0.011,1,0,0,0,p
2026-04-02 19:30,0.087,0.012,1,0,0,0,p
2026-04-02 19:36,0.061,0.009,0,0,0,0,p
2026-04-02 19:42,0.034,0.011,1,0,0,0,p
2026-04-02 19:48,0.015,0.011,1,0,0,0,p
2026-04-02 19:54,-0.009,0.013,0,0,0,0,p
2026-04-02 20:00,-0.031,0.012,1,0,0,0,p
2026-04-02 20:06,-0.05,0.01,1,0,0,0,p
2026-04-02 20:12,-0.069,0.011,1,0,0,0,p
2026-04-02 20:18,-0.089,0.013,1,0,0,0,p
2026-04-02 20:24,-0.107,0.011,1,0,0,0,p
2026-04-02 20:30,-0.126,0.01,1,0,0,0,p
2026-04-02 20:36,-0.141,0.012,1,0,0,0,p
2026-04-02 20:42,-0.157,0.01,1,0,0,0,p
2026-04-02 20:48,-0.169,0.008,0,0,0,0,p
2026-04-02 20:54,-0.181,0.009,1,0,0,0,p
2026-04-02 21:00,-0.194,0.007,0,0,0,0,p
2026-04-02 21:06,-0.2,0.007,1,0,0,0,p
2026-04-02 21:12,-0.208,0.008,1,0,0,0,p
2026-04-02 21:18,-0.209,0.006,1,0,0,0,p
2026-04-02 21:24,-0.206,0.006,1,0,0,0,p
2026-04-02 21:30,-0.207,0.007,0,0,0,0,p
2026-04-02 21:36,-0.197,0.008,1,0,0,0,p
2026-04-02 21:42,-0.182,0.008,1,0,0,0,p
2026-04-02 21:48,-0.163,0.01,1,0,0,0,p
2026-04-02 21:54,-0.138,0.01,1,0,0,0,p
2026-04-02 22:00,-0.107,0.012,1,0,0,0,p
2026-04-02 22:06,-0.07,0.012,0,0,0,0,p
2026-04-02 22:12,-0.032,0.012,0,0,0,0,p
2026-04-02 22:18,0.007,0.013,0,0,0,0,p
2026-04-02 22:24,0.047,0.014,1,0,0,0,p
2026-04-02 22:30,0.09,0.015,0,0,0,0,p
2026-04-02 22:36,0.133,0.014,0,0,0,0,p
2026-04-02 22:42,0.177,0.016,0,0,0,0,p
2026-04-02 22:48,0.226,0.017,0,0,0,0,p
2026-04-02 22:54,0.279,0.016,0,0,0,0,p
2026-04-02 23:00,0.327,0.016,0,0,0,0,p
2026-04-02 23:06,0.376,0.017,0,0,0,0,p
2026-04-02 23:12,0.429,0.017,0,0,0,0,p
2026-04-02 23:18,0.477,0.017,0,0,0,0,p
2026-04-02 23:24,0.526,0.015,0,0,0,0,p
2026-04-02 23:30,0.571,0.015,0,0,0,0,p
2026-04-02 23:36,0.614,0.014,0,0,0,0,p
2026-04-02 23:42,0.657,0.015,0,0,0,0,p
2026-04-02 23:48,0.702,0.013,0,0,0,0,p
2026-04-02 23:54,0.743,0.013,0,0,0,0,p
2026-04-03 0:00,0.783,0.012,0,0,0,0,p
2026-04-03 0:06,0.82,0.012,0,0,0,0,p
2026-04-03 0:12,0.859,0.011,0,0,0,0,p
2026-04-03 0:18,0.892,0.009,0,0,0,0,p
2026-04-03 0:24,0.925,0.012,0,0,0,0,p
2026-04-03 0:30,0.96,0.01,0,0,0,0,p
2026-04-03 0:36,0.994,0.01,0,0,0,0,p
2026-04-03 0:42,1.026,0.009,0,0,0,0,p
2026-04-03 0:48,1.057,0.009,0,0,0,0,p
2026-04-03 0:54,1.087,0.009,0,0,0,0,p
2026-04-03 1:00,1.117,0.008,0,0,0,0,p
2026-04-03 1:06,1.146,0.009,0,0,0,0,p
2026-04-03 1:12,1.172,0.006,0,0,0,0,p
2026-04-03 1:18,1.194,0.007,0,0,0,0,p
2026-04-03 1:24,1.217,0.006,0,0,0,0,p
2026-04-03 1:30,1.238,0.006,0,0,0,0,p
2026-04-03 1:36,1.258,0.005,0,0,0,0,p
2026-04-03 1:42,1.278,0.006,0,0,0,0,p
2026-04-03 1:48,1.296,0.004,0,0,0,0,p
2026-04-03 1:54,1.312,0.005,0,0,0,0,p
2026-04-03 2:00,1.327,0.004,0,0,0,0,p
2026-04-03 2:06,1.341,0.004,0,0,0,0,p
2026-04-03 2:12,1.355,0.004,0,0,0,0,p
2026-04-03 2:18,1.369,0.004,0,0,0,0,p
2026-04-03 2:24,1.383,0.004,1,0,0,0,p
2026-04-03 2:30,1.393,0.003,0,0,0,0,p
2026-04-03 2:36,1.402,0.002,0,0,0,0,p
2026-04-03 2:42,1.408,0.002,1,0,0,0,p
2026-04-03 2:48,1.414,0.002,1,0,0,0,p
2026-04-03 2:54,1.419,0.002,0,0,0,0,p
2026-04-03 3:00,1.422,0.002,0,0,0,0,p
2026-04-03 3:06,1.424,0.001,1,0,0,0,p
2026-04-03 3:12,1.426,0.001,1,0,0,0,p
2026-04-03 3:18,1.427,0.001,1,0,0,0,p
2026-04-03 3:24,1.424,0.002,1,0,0,0,p
2026-04-03 3:30,1.421,0.001,1,0,0,0,p
2026-04-03 3:36,1.415,0.002,0,0,0,0,p
2026-04-03 3:42,1.404,0.004,0,0,0,0,p
2026-04-03 3:48,1.391,0.004,0,0,0,0,p
2026-04-03 3:54,1.376,0.005,0,0,0,0,p
2026-04-03 4:00,1.356,0.008,0,0,0,0,p
2026-04-03 4:06,1.332,0.007,0,0,0,0,p
2026-04-03 4:12,1.31,0.007,0,0,0,0,p
2026-04-03 4:18,1.286,0.008,0,0,0,0,p
2026-04-03 4:24,1.259,0.008,0,0,0,0,p
2026-04-03 4:30,1.232,0.009,0,0,0,0,p
2026-04-03 4:36,1.203,0.009,0,0,0,0,p
2026-04-03 4:42,1.172,0.01,0,0,0,0,p
2026-04-03 4:48,1.139,0.01,0,0,0,0,p
2026-04-03 4:54,1.106,0.011,0,0,0,0,p
2026-04-03 5:00,1.071,0.011,0,0,0,0,p
2026-04-03 5:06,1.035,0.011,0,0,0,0,p
2026-04-03 5:12,0.998,0.01,0,0,0,0,p
2026-04-03 5:18,0.964,0.011,0,0,0,0,p
2026-04-03 5:24,0.928,0.01,0,0,0,0,p
2026-04-03 5:30,0.891,0.012,0,0,0,0,p
2026-04-03 5:36,0.853,0.011,0,0,0,0,p
2026-04-03 5:42,0.818,0.01,0,0,0,0,p
2026-04-03 5:48,0.783,0.011,0,0,0,0,p
2026-04-03 5:54,0.747,0.01,0,0,0,0,p
2026-04-03 6:00,0.715,0.01,0,0,0,0,p
2026-04-03 6:06,0.685,0.01,0,0,0,0,p
2026-04-03 6:12,0.651,0.01,0,0,0,0,p
2026-04-03 6:18,0.619,0.009,0,0,0,0,p
2026-04-03 6:24,0.59,0.009,0,0,0,0,p
2026-04-03 6:30,0.56,0.009,0,0,0,0,p
2026-04-03 6:36,0.531,0.009,0,0,0,0,p
2026-04-03 6:42,0.503,0.008,0,0,0,0,p
2026-04-03 6:48,0.476,0.007,0,0,0,0,p
2026-04-03 6:54,0.451,0.007,0,0,0,0,p
2026-04-03 7:00,0.425,0.008,0,0,0,0,p
2026-04-03 7:06,0.4,0.008,0,0,0,0,p
2026-04-03 7:12,0.373,0.008,0,0,0,0,p
2026-04-03 7:18,0.345,0.009,0,0,0,0,p
2026-04-03 7:24,0.315,0.008,0,0,0,0,p
2026-04-03 7:30,0.287,0.008,0,0,0,0,p
2026-04-03 7:36,0.261,0.007,0,0,0,0,p
2026-04-03 7:42,0.238,0.007,0,0,0,0,p
2026-04-03 7:48,0.214,0.006,0,0,0,0,p
2026-04-03 7:54,0.189,0.008,0,0,0,0,p
2026-04-03 8:00,0.163,0.008,0,0,0,0,p
2026-04-03 8:06,0.139,0.008,0,0,0,0,p
2026-04-03 8:12,0.115,0.007,0,0,0,0,p
2026-04-03 8:18,0.093,0.007,1,0,0,0,p
2026-04-03 8:24,0.071,0.007,0,0,0,0,p
2026-04-03 8:30,0.049,0.005,0,0,0,0,p
2026-04-03 8:36,0.028,0.007,0,0,0,0,p
2026-04-03 8:42,0.004,0.007,0,0,0,0,p
2026-04-03 8:48,-0.018,0.007,0,0,0,0,p
2026-04-03 8:54,-0.038,0.006,1,0,0,0,p
2026-04-03 9:00,-0.058,0.005,0,0,0,0,p
2026-04-03 9:06,-0.077,0.007,0,0,0,0,p
2026-04-03 9:12,-0.102,0.007,0,0,0,0,p
2026-04-03 9:18,-0.12,0.004,0,0,0,0,p
2026-04-03 9:24,-0.136,0.005,0,0,0,0,p
2026-04-03 9:30,-0.149,0.004,0,0,0,0,p
2026-04-03 9:36,-0.16,0.002,1,0,0,0,p
2026-04-03 9:42,-0.165,0.001,1,0,0,0,p
2026-04-03 9:48,-0.169,0.002,0,0,0,0,p
2026-04-03 9:54,-0.172,0.001,0,0,0,0,p
2026-04-03 10:00,-0.17,0.001,1,0,0,0,p
2026-04-03 10:06,-0.166,0.002,1,0,0,0,p
2026-04-03 10:12,-0.159,0.003,0,0,0,0,p
2026-04-03 10:18,-0.151,0.004,1,0,0,0,p
2026-04-03 10:24,-0.133,0.007,1,0,0,0,p
2026-04-03 10:30,-0.11,0.008,0,0,0,0,p
2026-04-03 10:36,-0.071,0.012,0,0,0,0,p
2026-04-03 10:42,-0.063,0.023,0,0,0,0,p
2026-04-03 10:48,-0.01,0.017,0,0,0,0,p
2026-04-03 10:54,0.034,0.014,0,0,0,0,p
2026-04-03 11:00,0.07,0.012,0,0,0,0,p
2026-04-03 11:06,0.11,0.014,0,0,0,0,p
2026-04-03 11:12,0.154,0.019,0,0,0,0,p
2026-04-03 11:18,0.207,0.017,0,0,0,0,p
2026-04-03 11:24,0.264,0.02,0,0,0,0,p
2026-04-03 11:30,0.312,0.015,0,0,0,0,p
2026-04-03 11:36,0.358,0.015,0,0,0,0,p
2026-04-03 11:42,0.409,0.014,0,0,0,0,p
2026-04-03 11:48,0.453,0.022,0,0,0,0,p
2026-04-03 11:54,0.502,0.006,0,0,0,0,p
2026-04-03 12:00,0.543,0.016,0,0,0,0,p
2026-04-03 12:06,0.584,0.012,0,0,0,0,p
2026-04-03 12:12,0.619,0.012,0,0,0,0,p
2026-04-03 12:18,0.661,0.007,0,0,0,0,p
2026-04-03 12:24,0.696,0.014,0,0,0,0,p
2026-04-03 12:30,0.73,0.018,0,0,0,0,p
2026-04-03 12:36,0.769,0.007,0,0,0,0,p
2026-04-03 12:42,0.792,0.006,1,0,0,0,p
2026-04-03 12:48,0.829,0.011,1,0,0,0,p
2026-04-03 12:54,0.856,0.012,0,0,0,0,p
2026-04-03 13:00,0.889,0.006,0,0,0,0,p
2026-04-03 13:06,0.913,0.008,0,0,0,0,p
2026-04-03 13:12,0.94,0.004,1,0,0,0,p
2026-04-03 13:18,0.958,0.008,0,0,0,0,p
2026-04-03 13:24,0.978,0.004,0,0,0,0,p
2026-04-03 13:30,0.992,0.01,0,0,0,0,p
2026-04-03 13:36,1.018,0.006,1,0,0,0,p
2026-04-03 13:42,1.036,0.007,1,0,0,0,p
2026-04-03 13:48,1.053,0.005,1,0,0,0,p
2026-04-03 13:54,1.071,0.006,1,0,0,0,p
2026-04-03 14:00,1.082,0.006,1,0,0,0,p
2026-04-03 14:06,1.1,0.007,0,0,0,0,p
2026-04-03 14:12,1.117,0.009,1,0,0,0,p
2026-04-03 14:18,1.133,0.007,1,0,0,0,p
2026-04-03 14:24,1.142,0.007,1,0,0,0,p
2026-04-03 14:30,1.152,0.008,1,0,0,0,p
2026-04-03 14:36,1.164,0.006,1,0,0,0,p
2026-04-03 14:42,1.177,0.006,1,0,0,0,p
2026-04-03 14:48,1.188,0.005,1,0,0,0,p
2026-04-03 14:54,1.189,0.004,1,0,0,0,p
2026-04-03 15:00,1.192,0.004,1,0,0,0,p
2026-04-03 15:06,1.196,0.005,1,0,0,0,p
2026-04-03 15:12,1.204,0.004,1,0,0,0,p
2026-04-03 15:18,1.203,0.007,1,0,0,0,p
2026-04-03 15:24,1.204,0.005,1,0,0,0,p
2026-04-03 15:30,1.2,0.005,1,0,0,0,p
2026-04-03 15:36,1.194,0.004,1,0,0,0,p
2026-04-03 15:42,1.188,0.004,1,0,0,0,p
2026-04-03 15:48,1.18,0.005,1,0,0,0,p
2026-04-03 15:54,1.171,0.006,1,0,0,0,p
2026-04-03 16:00,1.161,0.005,1,0,0,0,p
2026-04-03 16:06,1.149,0.005,1,0,0,0,p
2026-04-03 16:12,1.132,0.009,1,0,0,0,p
2026-04-03 16:18,1.112,0.008,1,0,0,0,p
2026-04-03 16:24,1.09,0.01,0,0,0,0,p
2026-04-03 16:30,1.066,0.009,0,0,0,0,p
2026-04-03 16:36,1.04,0.01,0,0,0,0,p
2026-04-03 16:42,1.012,0.01,0,0,0,0,p
2026-04-03 16:48,0.983,0.011,1,0,0,0,p
2026-04-03 16:54,0.955,0.011,0,0,0,0,p
2026-04-03 17:00,0.924,0.01,1,0,0,0,p
2026-04-03 17:06,0.893,0.012,0,0,0,0,p
2026-04-03 17:12,0.857,0.012,0,0,0,0,p
2026-04-03 17:18,0.825,0.013,0,0,0,0,p
2026-04-03 17:24,0.793,0.013,0,0,0,0,p
2026-04-03 17:30,0.761,0.012,0,0,0,0,p
2026-04-03 17:36,0.73,0.012,0,0,0,0,p
2026-04-03 17:42,0.7,0.013,1,0,0,0,p
2026-04-03 17:48,0.667,0.017,1,0,0,0,p
2026-04-03 17:54,0.636,0.013,1,0,0,0,p
2026-04-03 18:00,0.602,0.013,1,0,0,0,p
2026-04-03 18:06,0.571,0.012,0,0,0,0,p
2026-04-03 18:12,0.542,0.012,0,0,0,0,p
2026-04-03 18:18,0.515,0.014,0,0,0,0,p
2026-04-03 18:24,0.487,0.017,1,0,0,0,p
2026-04-03 18:30,0.454,0.014,1,0,0,0,p
2026-04-03 18:36,0.43,0.012,0,0,0,0,p
2026-04-03 18:42,0.404,0.012,1,0,0,0,p
2026-04-03 18:48,0.377,0.011,1,0,0,0,p
2026-04-03 18:54,0.349,0.011,0,0,0,0,p
2026-04-03 19:00,0.324,0.013,1,0,0,0,p
2026-04-03 19:06,0.297,0.013,1,0,0,0,p
2026-04-03 19:12,0.268,0.012,1,0,0,0,p
2026-04-03 19:18,0.246,0.011,0,0,0,0,p
2026-04-03 19:24,0.218,0.014,0,0,0,0,p
2026-04-03 19:30,0.195,0.012,1,0,0,0,p
2026-04-03 19:36,0.174,0.01,1,0,0,0,p
2026-04-03 19:42,0.146,0.015,0,0,0,0,p
2026-04-03 19:48,0.122,0.011,1,0,0,0,p
2026-04-03 19:54,0.099,0.01,1,0,0,0,p
2026-04-03 20:00,0.079,0.011,1,0,0,0,p
2026-04-03 20:06,0.059,0.01,1,0,0,0,p
2026-04-03 20:12,0.039,0.008,1,0,0,0,p
2026-04-03 20:18,0.018,0.011,1,0,0,0,p
2026-04-03 20:24,-0.004,0.01,1,0,0,0,p
2026-04-03 20:30,-0.025,0.01,0,0,0,0,p
2026-04-03 20:36,-0.039,0.008,1,0,0,0,p
2026-04-03 20:42,-0.024,0.017,0,0,0,0,p
2026-04-03 20:48,-0.105,0.024,1,0,0,0,p
2026-04-03 20:54,-0.109,0.029,0,0,0,0,p
2026-04-03 21:00,-0.126,0.012,1,0,0,0,p
2026-04-03 21:06,-0.139,0.011,0,0,0,0,p
2026-04-03 21:12,-0.154,0.01,1,0,0,0,p
2026-04-03 21:18,-0.158,0.013,1,0,0,0,p
2026-04-03 21:24,-0.17,0.009,1,0,0,0,p
2026-04-03 21:30,-0.174,0.01,0,0,0,0,p
2026-04-03 21:36,-0.186,0.007,1,0,0,0,p
2026-04-03 21:42,-0.188,0.007,1,0,0,0,p
2026-04-03 21:48,-0.19,0.007,1,0,0,0,p
2026-04-03 21:54,-0.182,0.008,1,0,0,0,p
2026-04-03 22:00,-0.158,0.013,0,0,0,0,p
2026-04-03 22:06,-0.144,0.018,1,0,0,0,p
2026-04-03 22:12,-0.167,0.01,0,0,0,0,p
2026-04-03 22:18,-0.15,0.016,0,0,0,0,p
2026-04-03 22:24,-0.112,0.009,1,0,0,0,p
2026-04-03 22:30,-0.088,0.012,0,0,0,0,p
2026-04-03 22:36,-0.045,0.017,0,0,0,0,p
2026-04-03 22:42,-0.011,0.012,0,0,0,0,p
2026-04-03 22:48,0.034,0.013,1,0,0,0,p
2026-04-03 22:54,0.063,0.018,0,0,0,0,p
2026-04-03 23:00,0.114,0.016,0,0,0,0,p
2026-04-03 23:06,0.159,0.017,0,0,0,0,p
2026-04-03 23:12,0.21,0.014,0,0,0,0,p
2026-04-03 23:18,0.257,0.017,0,0,0,0,p
2026-04-03 23:24,0.307,0.016,0,0,0,0,p
2026-04-03 23:30,0.357,0.016,0,0,0,0,p
2026-04-03 23:36,0.402,0.017,0,0,0,0,p
2026-04-03 23:42,0.45,0.015,0,0,0,0,p
2026-04-03 23:48,0.498,0.015,0,0,0,0,p
2026-04-03 23:54,0.545,0.014,0,0,0,0,p
2026-04-04 0:00,0.591,0.014,0,0,0,0,p
2026-04-04 0:06,0.633,0.013,0,0,0,0,p
2026-04-04 0:12,0.674,0.013,0,0,0,0,p
2026-04-04 0:18,0.713,0.012,0,0,0,0,p
2026-04-04 0:24,0.752,0.012,0,0,0,0,p
2026-04-04 0:30,0.792,0.013,0,0,0,0,p
2026-04-04 0:36,0.84,0.015,0,0,0,0,p
2026-04-04 0:42,0.873,0.005,1,0,0,0,p
2026-04-04 0:48,0.869,0.003,0,0,0,0,p
2026-04-04 0:54,0.913,0.019,0,0,0,0,p
2026-04-04 1:00,0.944,0.01,0,0,0,0,p
2026-04-04 1:06,0.99,0.015,0,0,0,0,p
2026-04-04 1:12,1.02,0.009,0,0,0,0,p
2026-04-04 1:18,1.055,0.006,0,0,0,0,p
2026-04-04 1:24,1.073,0.011,0,0,0,0,p
2026-04-04 1:30,1.104,0.007,0,0,0,0,p
2026-04-04 1:36,1.13,0.011,0,0,0,0,p
2026-04-04 1:42,1.157,0.005,0,0,0,0,p
2026-04-04 1:48,1.182,0.006,0,0,0,0,p
2026-04-04 1:54,1.201,0.006,0,0,0,0,p
2026-04-04 2:00,1.222,0.007,0,0,0,0,p
2026-04-04 2:06,1.241,0.006,0,0,0,0,p
2026-04-04 2:12,1.258,0.008,1,0,0,0,p
2026-04-04 2:18,1.277,0.007,1,0,0,0,p
2026-04-04 2:24,1.297,0.006,0,0,0,0,p
2026-04-04 2:30,1.315,0.004,1,0,0,0,p
2026-04-04 2:36,1.33,0.005,0,0,0,0,p
2026-04-04 2:42,1.345,0.004,0,0,0,0,p
2026-04-04 2:48,1.357,0.004,0,0,0,0,p
2026-04-04 2:54,1.369,0.003,0,0,0,0,p
2026-04-04 3:00,1.38,0.003,0,0,0,0,p
2026-04-04 3:06,1.39,0.003,0,0,0,0,p
2026-04-04 3:12,1.398,0.002,0,0,0,0,p
2026-04-04 3:18,1.404,0.002,0,0,0,0,p
2026-04-04 3:24,1.412,0.002,1,0,0,0,p
2026-04-04 3:30,1.419,0.002,1,0,0,0,p
2026-04-04 3:36,1.425,0.001,1,0,0,0,p
2026-04-04 3:42,1.426,0.001,1,0,0,0,p
2026-04-04 3:48,1.428,0.001,1,0,0,0,p
2026-04-04 3:54,1.427,0.001,1,0,0,0,p
2026-04-04 4:00,1.425,0.001,0,0,0,0,p
2026-04-04 4:06,1.422,0.001,0,0,0,0,p
2026-04-04 4:12,1.418,0.002,0,0,0,0,p
2026-04-04 4:18,1.411,0.003,0,0,0,0,p
2026-04-04 4:24,1.399,0.003,0,0,0,0,p
2026-04-04 4:30,1.385,0.004,0,0,0,0,p
2026-04-04 4:36,1.37,0.005,0,0,0,0,p
2026-04-04 4:42,1.351,0.006,0,0,0,0,p
2026-04-04 4:48,1.331,0.007,0,0,0,0,p
2026-04-04 4:54,1.307,0.007,0,0,0,0,p
2026-04-04 5:00,1.283,0.007,0,0,0,0,p
2026-04-04 5:06,1.257,0.008,0,0,0,0,p
2026-04-04 5:12,1.231,0.008,0,0,0,0,p
2026-04-04 5:18,1.203,0.009,0,0,0,0,p
2026-04-04 5:24,1.172,0.009,0,0,0,0,p
2026-04-04 5:30,1.14,0.01,0,0,0,0,p
2026-04-04 5:36,1.107,0.01,0,0,0,0,p
2026-04-04 5:42,1.074,0.01,0,0,0,0,p
2026-04-04 5:48,1.039,0.011,0,0,0,0,p
2026-04-04 5:54,1.002,0.01,0,0,0,0,p
2026-04-04 6:00,0.968,0.009,0,0,0,0,p
2026-04-04 6:06,0.933,0.012,0,0,0,0,p
2026-04-04 6:12,0.898,0.009,0,0,0,0,p
2026-04-04 6:18,0.862,0.016,0,0,0,0,p
2026-04-04 6:24,0.829,0.007,0,0,0,0,p
2026-04-04 6:30,0.791,0.015,0,0,0,0,p
2026-04-04 6:36,0.758,0.007,0,0,0,0,p
2026-04-04 6:42,0.725,0.013,0,0,0,0,p
2026-04-04 6:48,0.695,0.005,1,0,0,0,p
2026-04-04 6:54,0.661,0.008,1,0,0,0,p
2026-04-04 7:00,0.634,0.012,0,0,0,0,p
2026-04-04 7:06,0.607,0.01,0,0,0,0,p
2026-04-04 7:12,0.576,0.007,0,0,0,0,p
2026-04-04 7:18,0.543,0.006,0,0,0,0,p
2026-04-04 7:24,0.52,0.01,0,0,0,0,p
2026-04-04 7:30,0.495,0.007,0,0,0,0,p
2026-04-04 7:36,0.471,0.008,0,0,0,0,p
2026-04-04 7:42,0.443,0.005,0,0,0,0,p
2026-04-04 7:48,0.42,0.009,0,0,0,0,p
2026-04-04 7:54,0.391,0.01,0,0,0,0,p
2026-04-04 8:00,0.363,0.008,0,0,0,0,p
2026-04-04 8:06,0.334,0.008,0,0,0,0,p
2026-04-04 8:12,0.31,0.008,0,0,0,0,p
2026-04-04 8:18,0.286,0.006,0,0,0,0,p
2026-04-04 8:24,0.263,0.007,0,0,0,0,p
2026-04-04 8:30,0.24,0.008,0,0,0,0,p
2026-04-04 8:36,0.214,0.008,0,0,0,0,p
2026-04-04 8:42,0.192,0.006,0,0,0,0,p
2026-04-04 8:48,0.172,0.006,0,0,0,0,p
2026-04-04 8:54,0.149,0.007,0,0,0,0,p
2026-04-04 9:00,0.13,0.005,0,0,0,0,p
2026-04-04 9:06,0.11,0.007,0,0,0,0,p
2026-04-04 9:12,0.09,0.006,0,0,0,0,p
2026-04-04 9:18,0.071,0.006,0,0,0,0,p
2026-04-04 9:24,0.051,0.006,0,0,0,0,p
2026-04-04 9:30,0.032,0.005,0,0,0,0,p
2026-04-04 9:36,0.011,0.005,0,0,0,0,p
2026-04-04 9:42,-0.003,0.005,0,0,0,0,p
2026-04-04 9:48,-0.015,0.004,0,0,0,0,p
2026-04-04 9:54,-0.027,0.004,0,0,0,0,p
2026-04-04 10:00,-0.042,0.003,0,0,0,0,p
2026-04-04 10:06,-0.053,0.004,0,0,0,0,p
2026-04-04 10:12,-0.061,0.002,0,0,0,0,p
2026-04-04 10:18,-0.066,0.001,1,0,0,0,p
2026-04-04 10:24,-0.067,0.001,0,0,0,0,p
2026-04-04 10:30,-0.066,0.001,1,0,0,0,p
2026-04-04 10:36,-0.065,0.002,1,0,0,0,p
2026-04-04 10:42,-0.058,0.003,0,0,0,0,p
2026-04-04 10:48,-0.05,0.003,1,0,0,0,p
2026-04-04 10:54,-0.037,0.004,1,0,0,0,p
2026-04-04 11:00,-0.021,0.006,0,0,0,0,p
2026-04-04 11:06,0.002,0.007,0,0,0,0,p
2026-04-04 11:12,0.031,0.009,0,0,0,0,p
2026-04-04 11:18,0.064,0.011,0,0,0,0,p
2026-04-04 11:24,0.099,0.011,0,0,0,0,p
2026-04-04 11:30,0.136,0.011,0,0,0,0,p
2026-04-04 11:36,0.173,0.011,0,0,0,0,p
2026-04-04 11:42,0.212,0.012,0,0,0,0,p
2026-04-04 11:48,0.254,0.014,0,0,0,0,p
2026-04-04 11:54,0.315,0.021,0,0,0,0,p
2026-04-04 12:00,0.33,0.024,0,0,0,0,p
2026-04-04 12:06,0.362,0.019,0,0,0,0,p
2026-04-04 12:12,0.419,0.011,0,0,0,0,p
2026-04-04 12:18,0.468,0.012,0,0,0,0,p
2026-04-04 12:24,0.512,0.015,0,0,0,0,p
2026-04-04 12:30,0.557,0.024,0,0,0,0,p
2026-04-04 12:36,0.598,0.014,0,0,0,0,p
2026-04-04 12:42,0.635,0.008,0,0,0,0,p
2026-04-04 12:48,0.667,0.013,0,0,0,0,p
2026-04-04 12:54,0.713,0.016,1,0,0,0,p
2026-04-04 13:00,0.75,0.014,0,0,0,0,p
2026-04-04 13:06,0.78,0.009,0,0,0,0,p
2026-04-04 13:12,0.81,0.012,0,0,0,0,p
2026-04-04 13:18,0.843,0.006,1,0,0,0,p
2026-04-04 13:24,0.868,0.014,0,0,0,0,p
2026-04-04 13:30,0.908,0.008,0,0,0,0,p
2026-04-04 13:36,0.915,0.012,0,0,0,0,p
2026-04-04 13:42,0.962,0.008,1,0,0,0,p
2026-04-04 13:48,0.968,0.016,0,0,0,0,p
2026-04-04 13:54,1.004,0.011,1,0,0,0,p
2026-04-04 14:00,1.01,0.014,0,0,0,0,p
2026-04-04 14:06,1.053,0.009,0,0,0,0,p
2026-04-04 14:12,1.062,0.015,0,0,0,0,p
2026-04-04 14:18,1.083,0.006,1,0,0,0,p
2026-04-04 14:24,1.101,0.009,0,0,0,0,p
2026-04-04 14:30,1.118,0.01,0,0,0,0,p
2026-04-04 14:36,1.139,0.008,1,0,0,0,p
2026-04-04 14:42,1.156,0.009,1,0,0,0,p
2026-04-04 14:48,1.169,0.01,1,0,0,0,p
2026-04-04 14:54,1.183,0.008,0,0,0,0,p
2026-04-04 15:00,1.195,0.009,1,0,0,0,p
2026-04-04 15:06,1.211,0.006,1,0,0,0,p
2026-04-04 15:12,1.22,0.007,1,0,0,0,p
2026-04-04 15:18,1.23,0.006,1,0,0,0,p
2026-04-04 15:24,1.236,0.007,0,0,0,0,p
2026-04-04 15:30,1.245,0.006,1,0,0,0,p
2026-04-04 15:36,1.251,0.007,1,0,0,0,p
2026-04-04 15:42,1.256,0.008,1,0,0,0,p
2026-04-04 15:48,1.26,0.006,1,0,0,0,p
2026-04-04 15:54,1.262,0.006,1,0,0,0,p
2026-04-04 16:00,1.262,0.008,1,0,0,0,p
2026-04-04 16:06,1.261,0.008,1,0,0,0,p
2026-04-04 16:12,1.264,0.008,1,0,0,0,p
2026-04-04 16:18,1.262,0.007,1,0,0,0,p
2026-04-04 16:24,1.259,0.006,0,0,0,0,p
2026-04-04 16:30,1.247,0.011,1,0,0,0,p
2026-04-04 16:36,1.232,0.009,1,0,0,0,p
2026-04-04 16:42,1.222,0.012,1,0,0,0,p
2026-04-04 16:48,1.211,0.008,1,0,0,0,p
2026-04-04 16:54,1.203,0.009,1,0,0,0,p
2026-04-04 17:00,1.184,0.008,1,0,0,0,p
2026-04-04 17:06,1.16,0.016,1,0,0,0,p
2026-04-04 17:12,1.134,0.009,1,0,0,0,p
2026-04-04 17:18,1.11,0.011,0,0,0,0,p
2026-04-04 17:24,1.084,0.013,1,0,0,0,p
2026-04-04 17:30,1.058,0.012,1,0,0,0,p
2026-04-04 17:36,1.031,0.012,0,0,0,0,p
2026-04-04 17:42,1.001,0.013,0,0,0,0,p
2026-04-04 17:48,0.967,0.012,1,0,0,0,p
2026-04-04 17:54,0.936,0.013,1,0,0,0,p
2026-04-04 18:00,0.903,0.012,1,0,0,0,p
2026-04-04 18:06,0.872,0.015,1,0,0,0,p
2026-04-04 18:12,0.843,0.015,0,0,0,0,p
2026-04-04 18:18,0.811,0.012,1,0,0,0,p
2026-04-04 18:24,0.783,0.014,1,0,0,0,p
2026-04-04 18:30,0.75,0.015,1,0,0,0,p
2026-04-04 18:36,0.72,0.021,1,0,0,0,p
2026-04-04 18:42,0.685,0.015,1,0,0,0,p
2026-04-04 18:48,0.654,0.011,1,0,0,0,p
2026-04-04 18:54,0.626,0.01,0,0,0,0,p
2026-04-04 19:00,0.6,0.012,1,0,0,0,p
2026-04-04 19:06,0.571,0.012,1,0,0,0,p
2026-04-04 19:12,0.543,0.012,0,0,0,0,p
2026-04-04 19:18,0.515,0.013,1,0,0,0,p
2026-04-04 19:24,0.486,0.012,0,0,0,0,p
2026-04-04 19:30,0.46,0.01,1,0,0,0,p
2026-04-04 19:36,0.438,0.012,0,0,0,0,p
2026-04-04 19:42,0.415,0.011,1,0,0,0,p
2026-04-04 19:48,0.395,0.012,1,0,0,0,p
2026-04-04 19:54,0.369,0.011,1,0,0,0,p
2026-04-04 20:00,0.347,0.014,1,0,0,0,p
2026-04-04 20:06,0.322,0.017,1,0,0,0,p
2026-04-04 20:12,0.3,0.013,1,0,0,0,p
2026-04-04 20:18,0.267,0.014,0,0,0,0,p
2026-04-04 20:24,0.25,0.014,1,0,0,0,p
2026-04-04 20:30,0.225,0.014,1,0,0,0,p
2026-04-04 20:36,0.203,0.014,1,0,0,0,p
2026-04-04 20:42,0.183,0.012,1,0,0,0,p
2026-04-04 20:48,0.165,0.013,1,0,0,0,p
2026-04-04 20:54,0.14,0.012,0,0,0,0,p
2026-04-04 21:00,0.124,0.012,1,0,0,0,p
2026-04-04 21:06,0.102,0.013,1,0,0,0,p
2026-04-04 21:12,0.088,0.013,0,0,0,0,p
2026-04-04 21:18,0.066,0.012,1,0,0,0,p
2026-04-04 21:24,0.05,0.01,0,0,0,0,p
2026-04-04 21:30,0.034,0.011,1,0,0,0,p
2026-04-04 21:36,0.017,0.015,0,0,0,0,p
2026-04-04 21:42,0.005,0.014,1,0,0,0,p
2026-04-04 21:48,-0.011,0.013,1,0,0,0,p
2026-04-04 21:54,-0.022,0.012,1,0,0,0,p
2026-04-04 22:00,-0.033,0.011,1,0,0,0,p
2026-04-04 22:06,-0.041,0.014,1,0,0,0,p
2026-04-04 22:12,-0.05,0.011,1,0,0,0,p
2026-04-04 22:18,-0.053,0.012,1,0,0,0,p
2026-04-04 22:24,-0.055,0.012,1,0,0,0,p
2026-04-04 22:30,-0.053,0.01,1,0,0,0,p
2026-04-04 22:36,-0.052,0.011,1,0,0,0,p
2026-04-04 22:42,-0.047,0.011,1,0,0,0,p
2026-04-04 22:48,-0.034,0.012,1,0,0,0,p
2026-04-04 22:54,-0.015,0.012,1,0,0,0,p
2026-04-04 23:00,0.011,0.015,1,0,0,0,p
2026-04-04 23:06,0.044,0.016,1,0,0,0,p
2026-04-04 23:12,0.08,0.014,0,0,0,0,p
2026-04-04 23:18,0.117,0.016,0,0,0,0,p
2026-04-04 23:24,0.156,0.016,0,0,0,0,p
2026-04-04 23:30,0.196,0.018,1,0,0,0,p
2026-04-04 23:36,0.243,0.017,1,0,0,0,p
2026-04-04 23:42,0.285,0.016,0,0,0,0,p
2026-04-04 23:48,0.33,0.016,0,0,0,0,p
2026-04-04 23:54,0.375,0.016,0,0,0,0,p
2026-04-05 0:00,0.423,0.016,0,0,0,0,p
2026-04-05 0:06,0.473,0.017,1,0,0,0,p
2026-04-05 0:12,0.522,0.016,0,0,0,0,p
2026-04-05 0:18,0.569,0.014,0,0,0,0,p
2026-04-05 0:24,0.613,0.012,0,0,0,0,p
2026-04-05 0:30,0.655,0.014,0,0,0,0,p
2026-04-05 0:36,0.696,0.012,0,0,0,0,p
2026-04-05 0:42,0.736,0.012,0,0,0,0,p
2026-04-05 0:48,0.774,0.012,0,0,0,0,p
2026-04-05 0:54,0.812,0.011,0,0,0,0,p
2026-04-05 1:00,0.846,0.01,0,0,0,0,p
2026-04-05 1:06,0.879,0.009,1,0,0,0,p
2026-04-05 1:12,0.911,0.013,1,0,0,0,p
2026-04-05 1:18,0.947,0.011,0,0,0,0,p
2026-04-05 1:24,0.98,0.008,0,0,0,0,p
2026-04-05 1:30,1.01,0.01,0,0,0,0,p
2026-04-05 1:36,1.04,0.009,0,0,0,0,p
2026-04-05 1:42,1.068,0.008,1,0,0,0,p
2026-04-05 1:48,1.097,0.012,1,0,0,0,p
2026-04-05 1:54,1.126,0.009,0,0,0,0,p
2026-04-05 2:00,1.155,0.008,0,0,0,0,p
2026-04-05 2:06,1.181,0.007,0,0,0,0,p
2026-04-05 2:12,1.205,0.008,0,0,0,0,p
2026-04-05 2:18,1.224,0.004,0,0,0,0,p
2026-04-05 2:24,1.247,0.01,0,0,0,0,p
2026-04-05 2:30,1.264,0.003,0,0,0,0,p
2026-04-05 2:36,1.292,0.011,0,0,0,0,p
2026-04-05 2:42,1.306,0.006,0,0,0,0,p
2026-04-05 2:48,1.325,0.004,0,0,0,0,p
2026-04-05 2:54,1.34,0.007,0,0,0,0,p
2026-04-05 3:00,1.354,0.004,0,0,0,0,p
2026-04-05 3:06,1.374,0.005,0,0,0,0,p
2026-04-05 3:12,1.383,0.004,0,0,0,0,p
2026-04-05 3:18,1.399,0.003,1,0,0,0,p
2026-04-05 3:24,1.41,0.005,0,0,0,0,p
2026-04-05 3:30,1.42,0.001,1,0,0,0,p
2026-04-05 3:36,1.432,0.005,1,0,0,0,p
2026-04-05 3:42,1.443,0.002,0,0,0,0,p
2026-04-05 3:48,1.452,0.003,0,0,0,0,p
2026-04-05 3:54,1.458,0.001,1,0,0,0,p
2026-04-05 4:00,1.462,0.003,0,0,0,0,p
2026-04-05 4:06,1.468,0.002,1,0,0,0,p
2026-04-05 4:12,1.472,0.002,1,0,0,0,p
2026-04-05 4:18,1.475,0.001,1,0,0,0,p
2026-04-05 4:24,1.475,0.002,1,0,0,0,p
2026-04-05 4:30,1.473,0.001,1,0,0,0,p
2026-04-05 4:36,1.473,0.001,1,0,0,0,p
2026-04-05 4:42,1.471,0.002,1,0,0,0,p
2026-04-05 4:48,1.466,0.003,0,0,0,0,p
2026-04-05 4:54,1.456,0.004,1,0,0,0,p
2026-04-05 5:00,1.445,0.005,0,0,0,0,p
2026-04-05 5:06,1.432,0.004,1,0,0,0,p
2026-04-05 5:12,1.419,0.006,1,0,0,0,p
2026-04-05 5:18,1.402,0.005,1,0,0,0,p
2026-04-05 5:24,1.384,0.006,1,0,0,0,p
2026-04-05 5:30,1.366,0.006,0,0,0,0,p
2026-04-05 5:36,1.346,0.006,0,0,0,0,p
2026-04-05 5:42,1.325,0.007,0,0,0,0,p
2026-04-05 5:48,1.302,0.007,0,0,0,0,p
2026-04-05 5:54,1.275,0.009,0,0,0,0,p
2026-04-05 6:00,1.244,0.009,0,0,0,0,p
2026-04-05 6:06,1.214,0.009,0,0,0,0,p
2026-04-05 6:12,1.182,0.01,0,0,0,0,p
2026-04-05 6:18,1.15,0.01,0,0,0,0,p
2026-04-05 6:24,1.115,0.011,0,0,0,0,p
2026-04-05 6:30,1.08,0.011,0,0,0,0,p
2026-04-05 6:36,1.047,0.01,0,0,0,0,p
2026-04-05 6:42,1.016,0.01,1,0,0,0,p
2026-04-05 6:48,0.982,0.011,0,0,0,0,p
2026-04-05 6:54,0.949,0.012,0,0,0,0,p
2026-04-05 7:00,0.911,0.012,0,0,0,0,p
2026-04-05 7:06,0.876,0.011,0,0,0,0,p
2026-04-05 7:12,0.843,0.011,0,0,0,0,p
2026-04-05 7:18,0.811,0.009,0,0,0,0,p
2026-04-05 7:24,0.783,0.01,0,0,0,0,p
2026-04-05 7:30,0.752,0.01,0,0,0,0,p
2026-04-05 7:36,0.722,0.01,0,0,0,0,p
2026-04-05 7:42,0.691,0.01,0,0,0,0,p
2026-04-05 7:48,0.661,0.01,0,0,0,0,p
2026-04-05 7:54,0.631,0.009,0,0,0,0,p
2026-04-05 8:00,0.605,0.008,1,0,0,0,p
2026-04-05 8:06,0.577,0.009,0,0,0,0,p
2026-04-05 8:12,0.549,0.01,0,0,0,0,p
2026-04-05 8:18,0.522,0.009,0,0,0,0,p
2026-04-05 8:24,0.499,0.008,0,0,0,0,p
2026-04-05 8:30,0.475,0.009,0,0,0,0,p
2026-04-05 8:36,0.448,0.012,0,0,0,0,p
2026-04-05 8:42,0.421,0.009,1,0,0,0,p
2026-04-05 8:48,0.397,0.009,1,0,0,0,p
2026-04-05 8:54,0.375,0.01,0,0,0,0,p
2026-04-05 9:00,0.35,0.01,0,0,0,0,p
2026-04-05 9:06,0.324,0.01,1,0,0,0,p
2026-04-05 9:12,0.3,0.011,1,0,0,0,p
2026-04-05 9:18,0.282,0.009,1,0,0,0,p
2026-04-05 9:24,0.26,0.009,1,0,0,0,p
2026-04-05 9:30,0.239,0.01,0,0,0,0,p
2026-04-05 9:36,0.217,0.009,0,0,0,0,p
2026-04-05 9:42,0.198,0.009,0,0,0,0,p
2026-04-05 9:48,0.18,0.009,1,0,0,0,p
2026-04-05 9:54,0.159,0.008,1,0,0,0,p
2026-04-05 10:00,0.142,0.009,0,0,0,0,p
2026-04-05 10:06,0.126,0.008,0,0,0,0,p
2026-04-05 10:12,0.108,0.009,0,0,0,0,p
2026-04-05 10:18,0.093,0.009,1,0,0,0,p
2026-04-05 10:24,0.08,0.008,1,0,0,0,p
2026-04-05 10:30,0.066,0.008,1,0,0,0,p
2026-04-05 10:36,0.054,0.009,0,0,0,0,p
2026-04-05 10:42,0.045,0.007,0,0,0,0,p
2026-04-05 10:48,0.039,0.006,1,0,0,0,p
2026-04-05 10:54,0.035,0.007,1,0,0,0,p
2026-04-05 11:00,0.032,0.007,1,0,0,0,p
2026-04-05 11:06,0.03,0.007,0,0,0,0,p
2026-04-05 11:12,0.033,0.007,1,0,0,0,p
2026-04-05 11:18,0.039,0.006,1,0,0,0,p
2026-04-05 11:24,0.048,0.007,1,0,0,0,p
2026-04-05 11:30,0.06,0.007,1,0,0,0,p
2026-04-05 11:36,0.077,0.007,0,0,0,0,p
2026-04-05 11:42,0.098,0.008,1,0,0,0,p
2026-04-05 11:48,0.121,0.008,0,0,0,0,p
2026-04-05 11:54,0.148,0.009,0,0,0,0,p
2026-04-05 12:00,0.178,0.011,0,0,0,0,p
2026-04-05 12:06,0.211,0.011,0,0,0,0,p
2026-04-05 12:12,0.247,0.012,0,0,0,0,p
2026-04-05 12:18,0.283,0.011,0,0,0,0,p
2026-04-05 12:24,0.32,0.012,0,0,0,0,p
2026-04-05 12:30,0.359,0.014,0,0,0,0,p
2026-04-05 12:36,0.396,0.013,0,0,0,0,p
2026-04-05 12:42,0.44,0.015,0,0,0,0,p
2026-04-05 12:48,0.477,0.011,0,0,0,0,p
2026-04-05 12:54,0.522,0.017,0,0,0,0,p
2026-04-05 13:00,0.562,0.012,0,0,0,0,p
2026-04-05 13:06,0.6,0.019,0,0,0,0,p
2026-04-05 13:12,0.636,0.009,0,0,0,0,p
2026-04-05 13:18,0.673,0.01,1,0,0,0,p
2026-04-05 13:24,0.707,0.016,0,0,0,0,p
2026-04-05 13:30,0.738,0.011,1,0,0,0,p
2026-04-05 13:36,0.766,0.013,0,0,0,0,p
2026-04-05 13:42,0.805,0.01,0,0,0,0,p
2026-04-05 13:48,0.84,0.016,0,0,0,0,p
2026-04-05 13:54,0.876,0.007,1,0,0,0,p
2026-04-05 14:00,0.871,0.006,0,0,0,0,p
2026-04-05 14:06,0.899,0.02,0,0,0,0,p
2026-04-05 14:12,0.932,0.007,1,0,0,0,p
2026-04-05 14:18,0.964,0.012,1,0,0,0,p
2026-04-05 14:24,0.985,0.01,0,0,0,0,p
2026-04-05 14:30,1.013,0.011,0,0,0,0,p
2026-04-05 14:36,1.018,0.01,0,0,0,0,p
2026-04-05 14:42,1.042,0.012,0,0,0,0,p
2026-04-05 14:48,1.064,0.011,0,0,0,0,p
2026-04-05 14:54,1.082,0.009,1,0,0,0,p
2026-04-05 15:00,1.072,0.009,0,0,0,0,p
2026-04-05 15:06,1.106,0.021,1,0,0,0,p
2026-04-05 15:12,1.119,0.012,0,0,0,0,p
2026-04-05 15:18,1.15,0.006,1,0,0,0,p
2026-04-05 15:24,1.149,0.008,1,0,0,0,p
2026-04-05 15:30,1.165,0.01,1,0,0,0,p
2026-04-05 15:36,1.168,0.013,0,0,0,0,p
2026-04-05 15:42,1.185,0.007,0,0,0,0,p
2026-04-05 15:48,1.193,0.008,1,0,0,0,p
2026-04-05 15:54,1.202,0.012,1,0,0,0,p
2026-04-05 16:00,1.206,0.008,1,0,0,0,p
2026-04-05 16:06,1.213,0.007,0,0,0,0,p
2026-04-05 16:12,1.219,0.006,1,0,0,0,p
2026-04-05 16:18,1.219,0.006,1,0,0,0,p
2026-04-05 16:24,1.22,0.007,1,0,0,0,p
2026-04-05 16:30,1.22,0.008,1,0,0,0,p
2026-04-05 16:36,1.219,0.008,1,0,0,0,p
2026-04-05 16:42,1.217,0.007,1,0,0,0,p
2026-04-05 16:48,1.217,0.006,1,0,0,0,p
2026-04-05 16:54,1.212,0.006,1,0,0,0,p
2026-04-05 17:00,1.207,0.006,1,0,0,0,p
2026-04-05 17:06,1.198,0.007,1,0,0,0,p
2026-04-05 17:12,1.191,0.007,1,0,0,0,p
2026-04-05 17:18,1.18,0.009,0,0,0,0,p
2026-04-05 17:24,1.165,0.008,1,0,0,0,p
2026-04-05 17:30,1.148,0.009,1,0,0,0,p
2026-04-05 17:36,1.131,0.009,1,0,0,0,p
2026-04-05 17:42,1.113,0.011,1,0,0,0,p
2026-04-05 17:48,1.097,0.011,0,0,0,0,p
2026-04-05 17:54,1.077,0.01,0,0,0,0,p
2026-04-05 18:00,1.056,0.011,1,0,0,0,p
2026-04-05 18:06,1.035,0.012,1,0,0,0,p
2026-04-05 18:12,1.012,0.009,1,0,0,0,p
2026-04-05 18:18,0.99,0.013,1,0,0,0,p
2026-04-05 18:24,0.969,0.012,1,0,0,0,p
2026-04-05 18:30,0.938,0.017,0,0,0,0,p
2026-04-05 18:36,0.909,0.013,1,0,0,0,p
2026-04-05 18:42,0.885,0.013,1,0,0,0,p
2026-04-05 18:48,0.864,0.013,1,0,0,0,p
2026-04-05 18:54,0.841,0.014,1,0,0,0,p
2026-04-05 19:00,0.815,0.016,1,0,0,0,p
2026-04-05 19:06,0.787,0.017,1,0,0,0,p
2026-04-05 19:12,0.762,0.016,0,0,0,0,p
2026-04-05 19:18,0.739,0.015,1,0,0,0,p
2026-04-05 19:24,0.722,0.018,0,0,0,0,p
2026-04-05 19:30,0.697,0.018,1,0,0,0,p
2026-04-05 19:36,0.672,0.019,1,0,0,0,p
2026-04-05 19:42,0.653,0.016,1,0,0,0,p
2026-04-05 19:48,0.629,0.017,1,0,0,0,p
2026-04-05 19:54,0.604,0.019,0,0,0,0,p
2026-04-05 20:00,0.58,0.017,1,0,0,0,p
2026-04-05 20:06,0.557,0.019,1,0,0,0,p
2026-04-05 20:12,0.537,0.016,1,0,0,0,p
2026-04-05 20:18,0.519,0.017,1,0,0,0,p
2026-04-05 20:24,0.494,0.018,1,0,0,0,p
2026-04-05 20:30,0.467,0.018,1,0,0,0,p
2026-04-05 20:36,0.452,0.018,0,0,0,0,p
2026-04-05 20:42,0.429,0.016,1,0,0,0,p
2026-04-05 20:48,0.41,0.02,1,0,0,0,p
2026-04-05 20:54,0.386,0.015,1,0,0,0,p
2026-04-05 21:00,0.368,0.015,1,0,0,0,p
2026-04-05 21:06,0.349,0.014,1,0,0,0,p
2026-04-05 21:12,0.336,0.016,1,0,0,0,p
2026-04-05 21:18,0.316,0.017,1,0,0,0,p
2026-04-05 21:24,0.297,0.016,1,0,0,0,p
2026-04-05 21:30,0.282,0.016,1,0,0,0,p
2026-04-05 21:36,0.26,0.015,1,0,0,0,p
2026-04-05 21:42,0.246,0.016,0,0,0,0,p
2026-04-05 21:48,0.236,0.015,1,0,0,0,p
2026-04-05 21:54,0.215,0.013,1,0,0,0,p
2026-04-05 22:00,0.2,0.011,1,0,0,0,p
2026-04-05 22:06,0.178,0.014,1,0,0,0,p
2026-04-05 22:12,0.162,0.011,1,0,0,0,p
2026-04-05 22:18,0.148,0.011,1,0,0,0,p
2026-04-05 22:24,0.131,0.01,1,0,0,0,p
2026-04-05 22:30,0.127,0.009,0,0,0,0,p
2026-04-05 22:36,0.125,0.008,0,0,0,0,p
2026-04-05 22:42,0.124,0.009,1,0,0,0,p
2026-04-05 22:48,0.101,0.008,1,0,0,0,p
2026-04-05 22:54,0.097,0.005,1,0,0,0,p
2026-04-05 23:00,0.097,0.005,1,0,0,0,p
2026-04-05 23:06,0.098,0.007,1,0,0,0,p
2026-04-05 23:12,0.104,0.005,1,0,0,0,p
2026-04-05 23:18,0.107,0.005,1,0,0,0,p
2026-04-05 23:24,0.113,0.006,1,0,0,0,p
2026-04-05 23:30,0.124,0.006,0,0,0,0,p
2026-04-05 23:36,0.138,0.007,1,0,0,0,p
2026-04-05 23:42,0.161,0.009,0,0,0,0,p
2026-04-05 23:48,0.184,0.01,0,0,0,0,p
2026-04-05 23:54,0.206,0.009,0,0,0,0,p
2026-04-06 0:00,0.228,0.011,1,0,0,0,p
2026-04-06 0:06,0.257,0.011,0,0,0,0,p
2026-04-06 0:12,0.289,0.014,0,0,0,0,p
2026-04-06 0:18,0.325,0.014,0,0,0,0,p
2026-04-06 0:24,0.367,0.015,0,0,0,0,p
2026-04-06 0:30,0.408,0.018,0,0,0,0,p
2026-04-06 0:36,0.452,0.016,0,0,0,0,p
2026-04-06 0:42,0.495,0.016,0,0,0,0,p
2026-04-06 0:48,0.538,0.015,0,0,0,0,p
2026-04-06 0:54,0.581,0.018,0,0,0,0,p
2026-04-06 1:00,0.623,0.015,0,0,0,0,p
2026-04-06 1:06,0.662,0.016,0,0,0,0,p
2026-04-06 1:12,0.703,0.014,0,0,0,0,p
2026-04-06 1:18,0.743,0.015,0,0,0,0,p
2026-04-06 1:24,0.786,0.014,0,0,0,0,p
2026-04-06 1:30,0.826,0.013,0,0,0,0,p
2026-04-06 1:36,0.862,0.011,0,0,0,0,p
2026-04-06 1:42,0.895,0.011,0,0,0,0,p
2026-04-06 1:48,0.926,0.01,0,0,0,0,p
2026-04-06 1:54,0.954,0.011,0,0,0,0,p
2026-04-06 2:00,0.983,0.01,0,0,0,0,p
2026-04-06 2:06,1.01,0.008,1,0,0,0,p
2026-04-06 2:12,1.034,0.009,0,0,0,0,p
2026-04-06 2:18,1.062,0.01,0,0,0,0,p
2026-04-06 2:24,1.09,0.009,0,0,0,0,p
2026-04-06 2:30,1.117,0.009,0,0,0,0,p
2026-04-06 2:36,1.141,0.008,0,0,0,0,p
2026-04-06 2:42,1.162,0.007,0,0,0,0,p
2026-04-06 2:48,1.178,0.004,1,0,0,0,p
2026-04-06 2:54,1.195,0.008,1,0,0,0,p
2026-04-06 3:00,1.208,0.006,1,0,0,0,p
2026-04-06 3:06,1.23,0.007,1,0,0,0,p
2026-04-06 3:12,1.242,0.007,0,0,0,0,p
2026-04-06 3:18,1.258,0.006,1,0,0,0,p
2026-04-06 3:24,1.269,0.006,1,0,0,0,p
2026-04-06 3:30,1.286,0.005,1,0,0,0,p
2026-04-06 3:36,1.297,0.005,1,0,0,0,p
2026-04-06 3:42,1.311,0.006,1,0,0,0,p
2026-04-06 3:48,1.324,0.005,0,0,0,0,p
2026-04-06 3:54,1.336,0.003,1,0,0,0,p
2026-04-06 4:00,1.343,0.003,1,0,0,0,p
2026-04-06 4:06,1.35,0.003,1,0,0,0,p
2026-04-06 4:12,1.359,0.003,0,0,0,0,p
2026-04-06 4:18,1.365,0.002,1,0,0,0,p
2026-04-06 4:24,1.371,0.003,1,0,0,0,p
2026-04-06 4:30,1.375,0.002,1,0,0,0,p
2026-04-06 4:36,1.375,0.002,1,0,0,0,p
2026-04-06 4:42,1.377,0.002,1,0,0,0,p
2026-04-06 4:48,1.376,0.003,0,0,0,0,p
2026-04-06 4:54,1.377,0.002,1,0,0,0,p
2026-04-06 5:00,1.379,0.002,0,0,0,0,p
2026-04-06 5:06,1.379,0.002,1,0,0,0,p
2026-04-06 5:12,1.374,0.003,1,0,0,0,p
2026-04-06 5:18,1.37,0.002,1,0,0,0,p
2026-04-06 5:24,1.363,0.003,1,0,0,0,p
2026-04-06 5:30,1.356,0.002,1,0,0,0,p
2026-04-06 5:36,1.349,0.003,0,0,0,0,p
2026-04-06 5:42,1.34,0.003,0,0,0,0,p
2026-04-06 5:48,1.332,0.003,0,0,0,0,p
2026-04-06 5:54,1.322,0.004,0,0,0,0,p
2026-04-06 6:00,1.31,0.004,0,0,0,0,p
2026-04-06 6:06,1.295,0.005,0,0,0,0,p
2026-04-06 6:12,1.274,0.008,1,0,0,0,p
2026-04-06 6:18,1.247,0.01,1,0,0,0,p
2026-04-06 6:24,1.22,0.01,0,0,0,0,p
2026-04-06 6:30,1.197,0.009,0,0,0,0,p
2026-04-06 6:36,1.177,0.008,1,0,0,0,p
2026-04-06 6:42,1.155,0.013,1,0,0,0,p
2026-04-06 6:48,1.072,0.035,0,0,0,0,p
2026-04-06 6:54,1.068,0.011,0,0,0,0,p
2026-04-06 7:00,1.02,0.02,0,0,0,0,p
2026-04-06 7:06,1.007,0.01,1,0,0,0,p
2026-04-06 7:12,0.968,0.013,1,0,0,0,p
2026-04-06 7:18,0.945,0.016,1,0,0,0,p
2026-04-06 7:24,0.893,0.012,1,0,0,0,p
2026-04-06 7:30,0.86,0.013,0,0,0,0,p
2026-04-06 7:36,0.824,0.012,0,0,0,0,p
2026-04-06 7:42,0.785,0.017,0,0,0,0,p
2026-04-06 7:48,0.75,0.012,0,0,0,0,p
2026-04-06 7:54,0.718,0.015,1,0,0,0,p
2026-04-06 8:00,0.686,0.01,0,0,0,0,p
2026-04-06 8:06,0.651,0.014,0,0,0,0,p
2026-04-06 8:12,0.615,0.01,1,0,0,0,p
2026-04-06 8:18,0.588,0.011,1,0,0,0,p
2026-04-06 8:24,0.56,0.009,1,0,0,0,p
2026-04-06 8:30,0.532,0.009,1,0,0,0,p
2026-04-06 8:36,0.505,0.012,0,0,0,0,p
2026-04-06 8:42,0.478,0.008,1,0,0,0,p
2026-04-06 8:48,0.459,0.008,1,0,0,0,p
2026-04-06 8:54,0.429,0.009,0,0,0,0,p
2026-04-06 9:00,0.401,0.01,1,0,0,0,p
2026-04-06 9:06,0.381,0.008,0,0,0,0,p
2026-04-06 9:12,0.351,0.011,1,0,0,0,p
2026-04-06 9:18,0.325,0.009,1,0,0,0,p
2026-04-06 9:24,0.305,0.008,0,0,0,0,p
2026-04-06 9:30,0.274,0.01,0,0,0,0,p
2026-04-06 9:36,0.248,0.01,0,0,0,0,p
2026-04-06 9:42,0.224,0.008,1,0,0,0,p
2026-04-06 9:48,0.201,0.009,0,0,0,0,p
2026-04-06 9:54,0.179,0.006,1,0,0,0,p
2026-04-06 10:00,0.157,0.009,1,0,0,0,p
2026-04-06 10:06,0.137,0.008,1,0,0,0,p
2026-04-06 10:12,0.116,0.006,1,0,0,0,p
2026-04-06 10:18,0.093,0.008,0,0,0,0,p
2026-04-06 10:24,0.071,0.007,0,0,0,0,p
2026-04-06 10:30,0.05,0.009,0,0,0,0,p
2026-04-06 10:36,0.03,0.007,1,0,0,0,p
2026-04-06 10:42,0.012,0.007,0,0,0,0,p
2026-04-06 10:48,-0.006,0.006,1,0,0,0,p
2026-04-06 10:54,-0.022,0.006,0,0,0,0,p
2026-04-06 11:00,-0.039,0.006,0,0,0,0,p
2026-04-06 11:06,-0.056,0.006,0,0,0,0,p
2026-04-06 11:12,-0.072,0.006,0,0,0,0,p
2026-04-06 11:18,-0.092,0.006,1,0,0,0,p
2026-04-06 11:24,-0.103,0.005,1,0,0,0,p
2026-04-06 11:30,-0.112,0.003,1,0,0,0,p
2026-04-06 11:36,-0.12,0.004,1,0,0,0,p
2026-04-06 11:42,-0.128,0.004,1,0,0,0,p
2026-04-06 11:48,-0.135,0.004,1,0,0,0,p
2026-04-06 11:54,-0.136,0.003,1,0,0,0,p
2026-04-06 12:00,-0.142,0.003,1,0,0,0,p
2026-04-06 12:06,-0.146,0.004,1,0,0,0,p
2026-04-06 12:12,-0.146,0.005,1,0,0,0,p
2026-04-06 12:18,-0.139,0.006,1,0,0,0,p
2026-04-06 12:24,-0.132,0.005,1,0,0,0,p
2026-04-06 12:30,-0.126,0.006,1,0,0,0,p
2026-04-06 12:36,-0.12,0.005,1,0,0,0,p
2026-04-06 12:42,-0.106,0.008,1,0,0,0,p
2026-04-06 12:48,-0.091,0.006,1,0,0,0,p
2026-04-06 12:54,-0.085,0.009,1,0,0,0,p
2026-04-06 13:00,-0.065,0.01,0,0,0,0,p
2026-04-06 13:06,-0.038,0.011,1,0,0,0,p
2026-04-06 13:12,-0.006,0.015,0,0,0,0,p
2026-04-06 13:18,0.036,0.015,0,0,0,0,p
2026-04-06 13:24,0.076,0.014,0,0,0,0,p
2026-04-06 13:30,0.126,0.015,0,0,0,0,p
2026-04-06 13:36,0.162,0.013,1,0,0,0,p
2026-04-06 13:42,0.206,0.016,0,0,0,0,p
2026-04-06 13:48,0.251,0.016,0,0,0,0,p
2026-04-06 13:54,0.296,0.016,0,0,0,0,p
2026-04-06 14:00,0.341,0.012,0,0,0,0,p
2026-04-06 14:06,0.381,0.017,0,0,0,0,p
2026-04-06 14:12,0.423,0.013,0,0,0,0,p
2026-04-06 14:18,0.469,0.019,0,0,0,0,p
2026-04-06 14:24,0.518,0.018,0,0,0,0,p
2026-04-06 14:30,0.574,0.016,0,0,0,0,p
2026-04-06 14:36,0.615,0.012,0,0,0,0,p
2026-04-06 14:42,0.641,0.011,1,0,0,0,p
2026-04-06 14:48,0.643,0.013,0,0,0,0,p
2026-04-06 14:54,0.71,0.019,0,0,0,0,p
2026-04-06 15:00,0.725,0.015,0,0,0,0,p
2026-04-06 15:06,0.78,0.018,0,0,0,0,p
2026-04-06 15:12,0.794,0.014,0,0,0,0,p
2026-04-06 15:18,0.835,0.007,1,0,0,0,p
2026-04-06 15:24,0.849,0.014,0,0,0,0,p
2026-04-06 15:30,0.881,0.009,1,0,0,0,p
2026-04-06 15:36,0.907,0.019,0,0,0,0,p
2026-04-06 15:42,0.929,0.009,0,0,0,0,p
2026-04-06 15:48,0.953,0.016,0,0,0,0,p
2026-04-06 15:54,0.97,0.007,1,0,0,0,p
2026-04-06 16:00,0.996,0.011,1,0,0,0,p
2026-04-06 16:06,1.003,0.007,0,0,0,0,p
2026-04-06 16:12,1.032,0.01,0,0,0,0,p
2026-04-06 16:18,1.042,0.008,1,0,0,0,p
2026-04-06 16:24,1.072,0.009,1,0,0,0,p
2026-04-06 16:30,1.1,0.011,0,0,0,0,p
2026-04-06 16:36,1.09,0.014,1,0,0,0,p
2026-04-06 16:42,1.076,0.025,1,0,0,0,p
2026-04-06 16:48,1.108,0.007,0,0,0,0,p
2026-04-06 16:54,1.121,0.017,0,0,0,0,p
2026-04-06 17:00,1.139,0.01,0,0,0,0,p
2026-04-06 17:06,1.145,0.008,0,0,0,0,p
2026-04-06 17:12,1.14,0.005,1,0,0,0,p
2026-04-06 17:18,1.152,0.006,1,0,0,0,p
2026-04-06 17:24,1.157,0.003,1,0,0,0,p
2026-04-06 17:30,1.157,0.006,1,0,0,0,p
2026-04-06 17:36,1.146,0.004,1,0,0,0,p
2026-04-06 17:42,1.133,0.006,0,0,0,0,p
2026-04-06 17:48,1.124,0.003,1,0,0,0,p
2026-04-06 17:54,1.123,0.004,1,0,0,0,p
2026-04-06 18:00,1.112,0.005,1,0,0,0,p
2026-04-06 18:06,1.102,0.003,0,0,0,0,p
2026-04-06 18:12,1.089,0.005,0,0,0,0,p
2026-04-06 18:18,1.072,0.007,1,0,0,0,p
2026-04-06 18:24,1.054,0.006,1,0,0,0,p
2026-04-06 18:30,1.037,0.007,0,0,0,0,p
2026-04-06 18:36,1.014,0.007,1,0,0,0,p
2026-04-06 18:42,0.991,0.009,0,0,0,0,p
2026-04-06 18:48,0.967,0.008,0,0,0,0,p
2026-04-06 18:54,0.944,0.011,0,0,0,0,p
2026-04-06 19:00,0.915,0.008,0,0,0,0,p
2026-04-06 19:06,0.89,0.01,0,0,0,0,p
2026-04-06 19:12,0.863,0.005,1,0,0,0,p
2026-04-06 19:18,0.84,0.009,0,0,0,0,p
2026-04-06 19:24,0.807,0.011,0,0,0,0,p
2026-04-06 19:30,0.776,0.01,0,0,0,0,p
2026-04-06 19:36,0.748,0.008,0,0,0,0,p
2026-04-06 19:42,0.723,0.008,0,0,0,0,p
2026-04-06 19:48,0.695,0.009,0,0,0,0,p
2026-04-06 19:54,0.666,0.008,0,0,0,0,p
2026-04-06 20:00,0.642,0.007,0,0,0,0,p
2026-04-06 20:06,0.615,0.009,0,0,0,0,p
2026-04-06 20:12,0.586,0.008,0,0,0,0,p
2026-04-06 20:18,0.56,0.007,0,0,0,0,p
2026-04-06 20:24,0.536,0.007,0,0,0,0,p
2026-04-06 20:30,0.514,0.006,0,0,0,0,p
2026-04-06 20:36,0.494,0.006,0,0,0,0,p
2026-04-06 20:42,0.473,0.007,0,0,0,0,p
2026-04-06 20:48,0.451,0.006,0,0,0,0,p
2026-04-06 20:54,0.43,0.006,0,0,0,0,p
2026-04-06 21:00,0.41,0.005,0,0,0,0,p
2026-04-06 21:06,0.394,0.005,0,0,0,0,p
2026-04-06 21:12,0.377,0.005,0,0,0,0,p
2026-04-06 21:18,0.361,0.004,0,0,0,0,p
2026-04-06 21:24,0.344,0.006,0,0,0,0,p
2026-04-06 21:30,0.326,0.006,0,0,0,0,p
2026-04-06 21:36,0.308,0.005,0,0,0,0,p
2026-04-06 21:42,0.289,0.005,0,0,0,0,p
2026-04-06 21:48,0.271,0.005,0,0,0,0,p
2026-04-06 21:54,0.255,0.005,0,0,0,0,p
2026-04-06 22:00,0.239,0.005,0,0,0,0,p
2026-04-06 22:06,0.226,0.004,0,0,0,0,p
2026-04-06 22:12,0.215,0.003,0,0,0,0,p
2026-04-06 22:18,0.205,0.003,0,0,0,0,p
2026-04-06 22:24,0.198,0.002,1,0,0,0,p
2026-04-06 22:30,0.193,0.002,1,0,0,0,p
2026-04-06 22:36,0.188,0.002,1,0,0,0,p
2026-04-06 22:42,0.182,0.002,1,0,0,0,p
2026-04-06 22:48,0.177,0.001,1,0,0,0,p
2026-04-06 22:54,0.177,0.001,1,0,0,0,p
2026-04-06 23:00,0.177,0.001,0,0,0,0,p
2026-04-06 23:06,0.178,0.001,1,0,0,0,p
2026-04-06 23:12,0.18,0.002,1,0,0,0,p
2026-04-06 23:18,0.186,0.003,1,0,0,0,p
2026-04-06 23:24,0.196,0.003,0,0,0,0,p
2026-04-06 23:30,0.21,0.004,0,0,0,0,p
2026-04-06 23:36,0.226,0.005,0,0,0,0,p
2026-04-06 23:42,0.246,0.006,0,0,0,0,p
2026-04-06 23:48,0.267,0.007,0,0,0,0,p
2026-04-06 23:54,0.291,0.007,0,0,0,0,p
2026-04-07 0:00,0.315,0.007,0,0,0,0,p
2026-04-07 0:06,0.341,0.009,0,0,0,0,p
2026-04-07 0:12,0.371,0.009,0,0,0,0,p
2026-04-07 0:18,0.401,0.009,0,0,0,0,p
2026-04-07 0:24,0.431,0.009,0,0,0,0,p
2026-04-07 0:30,0.461,0.009,0,0,0,0,p
2026-04-07 0:36,0.492,0.009,0,0,0,0,p
2026-04-07 0:42,0.521,0.009,0,0,0,0,p
2026-04-07 0:48,0.55,0.008,0,0,0,0,p
2026-04-07 0:54,0.583,0.011,0,0,0,0,p
2026-04-07 1:00,0.616,0.011,0,0,0,0,p
2026-04-07 1:06,0.649,0.01,0,0,0,0,p
2026-04-07 1:12,0.683,0.01,0,0,0,0,p
2026-04-07 1:18,0.714,0.009,0,0,0,0,p
2026-04-07 1:24,0.745,0.01,0,0,0,0,p
2026-04-07 1:30,0.774,0.008,0,0,0,0,p
2026-04-07 1:36,0.803,0.01,1,0,0,0,p
2026-04-07 1:42,0.829,0.009,0,0,0,0,p
2026-04-07 1:48,0.857,0.008,0,0,0,0,p
2026-04-07 1:54,0.887,0.009,0,0,0,0,p
2026-04-07 2:00,0.916,0.008,0,0,0,0,p
2026-04-07 2:06,0.942,0.009,0,0,0,0,p
2026-04-07 2:12,0.97,0.008,0,0,0,0,p
2026-04-07 2:18,0.998,0.008,0,0,0,0,p
2026-04-07 2:24,1.024,0.007,0,0,0,0,p
2026-04-07 2:30,1.05,0.008,0,0,0,0,p
2026-04-07 2:36,1.076,0.008,0,0,0,0,p
2026-04-07 2:42,1.1,0.007,0,0,0,0,p
2026-04-07 2:48,1.123,0.006,0,0,0,0,p
2026-04-07 2:54,1.143,0.005,0,0,0,0,p
2026-04-07 3:00,1.161,0.006,0,0,0,0,p
2026-04-07 3:06,1.178,0.004,0,0,0,0,p
2026-04-07 3:12,1.193,0.005,0,0,0,0,p
2026-04-07 3:18,1.209,0.004,0,0,0,0,p
2026-04-07 3:24,1.225,0.005,0,0,0,0,p
2026-04-07 3:30,1.241,0.004,0,0,0,0,p
2026-04-07 3:36,1.258,0.005,0,0,0,0,p
2026-04-07 3:42,1.276,0.006,0,0,0,0,p
2026-04-07 3:48,1.294,0.006,0,0,0,0,p
2026-04-07 3:54,1.312,0.006,0,0,0,0,p
2026-04-07 4:00,1.326,0.004,1,0,0,0,p
2026-04-07 4:06,1.342,0.002,1,0,0,0,p
2026-04-07 4:12,1.353,0.006,0,0,0,0,p
2026-04-07 4:18,1.367,0.002,0,0,0,0,p
2026-04-07 4:24,1.378,0.006,0,0,0,0,p
2026-04-07 4:30,1.39,0.004,0,0,0,0,p
2026-04-07 4:36,1.403,0.005,0,0,0,0,p
2026-04-07 4:42,1.416,0.003,0,0,0,0,p
2026-04-07 4:48,1.423,0.003,1,0,0,0,p
2026-04-07 4:54,1.431,0.003,0,0,0,0,p
2026-04-07 5:00,1.436,0.003,0,0,0,0,p
2026-04-07 5:06,1.445,0.003,0,0,0,0,p
2026-04-07 5:12,1.453,0.003,0,0,0,0,p
2026-04-07 5:18,1.46,0.001,1,0,0,0,p
2026-04-07 5:24,1.467,0.004,1,0,0,0,p
2026-04-07 5:30,1.471,0.002,1,0,0,0,p
2026-04-07 5:36,1.474,0.004,1,0,0,0,p
2026-04-07 5:42,1.465,0.002,0,0,0,0,p
2026-04-07 5:48,1.471,0.004,0,0,0,0,p
2026-04-07 5:54,1.469,0.006,0,0,0,0,p
2026-04-07 6:00,1.471,0.005,0,0,0,0,p
2026-04-07 6:06,1.466,0.005,0,0,0,0,p
2026-04-07 6:12,1.465,0.009,0,0,0,0,p
2026-04-07 6:18,1.456,0.004,0,0,0,0,p
2026-04-07 6:24,1.446,0.001,1,0,0,0,p
2026-04-07 6:30,1.44,0.006,0,0,0,0,p
2026-04-07 6:36,1.427,0.001,0,0,0,0,p
2026-04-07 6:42,1.413,0.009,0,0,0,0,p
2026-04-07 6:48,1.398,0.002,1,0,0,0,p
2026-04-07 6:54,1.383,0.005,1,0,0,0,p
2026-04-07 7:00,1.374,0.004,0,0,0,0,p
2026-04-07 7:06,1.35,0.008,0,0,0,0,p
2026-04-07 7:12,1.332,0.006,0,0,0,0,p
2026-04-07 7:18,1.307,0.007,0,0,0,0,p
2026-04-07 7:24,1.283,0.009,0,0,0,0,p
2026-04-07 7:30,1.257,0.007,0,0,0,0,p
2026-04-07 7:36,1.226,0.011,0,0,0,0,p
2026-04-07 7:42,1.193,0.009,0,0,0,0,p
2026-04-07 7:48,1.162,0.009,0,0,0,0,p
2026-04-07 7:54,1.133,0.008,0,0,0,0,p
2026-04-07 8:00,1.104,0.009,0,0,0,0,p
2026-04-07 8:06,1.072,0.011,0,0,0,0,p
2026-04-07 8:12,1.037,0.009,0,0,0,0,p
2026-04-07 8:18,1.005,0.009,0,0,0,0,p
2026-04-07 8:24,0.975,0.011,0,0,0,0,p
2026-04-07 8:30,0.943,0.009,0,0,0,0,p
2026-04-07 8:36,0.909,0.01,0,0,0,0,p
2026-04-07 8:42,0.88,0.01,0,0,0,0,p
2026-04-07 8:48,0.845,0.009,0,0,0,0,p
2026-04-07 8:54,0.813,0.011,0,0,0,0,p
2026-04-07 9:00,0.785,0.005,0,0,0,0,p
2026-04-07 9:06,0.759,0.009,0,0,0,0,p
2026-04-07 9:12,0.732,0.009,1,0,0,0,p
2026-04-07 9:18,0.707,0.01,1,0,0,0,p
2026-04-07 9:24,0.68,0.01,0,0,0,0,p
2026-04-07 9:30,0.656,0.006,1,0,0,0,p
2026-04-07 9:36,0.632,0.008,0,0,0,0,p
2026-04-07 9:42,0.603,0.011,0,0,0,0,p
2026-04-07 9:48,0.577,0.013,0,0,0,0,p
2026-04-07 9:54,0.554,0.01,1,0,0,0,p
2026-04-07 10:00,0.526,0.012,0,0,0,0,p
2026-04-07 10:06,0.504,0.006,1,0,0,0,p
2026-04-07 10:12,0.478,0.012,0,0,0,0,p
2026-04-07 10:18,0.456,0.005,0,0,0,0,p
2026-04-07 10:24,0.431,0.01,0,0,0,0,p
2026-04-07 10:30,0.408,0.007,0,0,0,0,p
2026-04-07 10:36,0.389,0.011,0,0,0,0,p
2026-04-07 10:42,0.369,0.003,0,0,0,0,p
2026-04-07 10:48,0.346,0.007,0,0,0,0,p
2026-04-07 10:54,0.331,0.008,0,0,0,0,p
2026-04-07 11:00,0.308,0.005,0,0,0,0,p
2026-04-07 11:06,0.288,0.004,0,0,0,0,p
2026-04-07 11:12,0.275,0.008,0,0,0,0,p
2026-04-07 11:18,0.258,0.002,1,0,0,0,p
2026-04-07 11:24,0.244,0.004,1,0,0,0,p
2026-04-07 11:30,0.229,0.006,0,0,0,0,p
2026-04-07 11:36,0.216,0.005,0,0,0,0,p
2026-04-07 11:42,0.202,0.004,1,0,0,0,p
2026-04-07 11:48,0.194,0.005,1,0,0,0,p
2026-04-07 11:54,0.186,0.003,1,0,0,0,p
2026-04-07 12:00,0.18,0.004,1,0,0,0,p
2026-04-07 12:06,0.18,0.005,1,0,0,0,p
2026-04-07 12:12,0.189,0.002,1,0,0,0,p
2026-04-07 12:18,0.192,0.002,0,0,0,0,p
2026-04-07 12:24,0.198,0.002,0,0,0,0,p
2026-04-07 12:30,0.208,0.004,0,0,0,0,p
2026-04-07 12:36,0.219,0.004,1,0,0,0,p
2026-04-07 12:42,0.238,0.007,1,0,0,0,p
2026-04-07 12:48,0.263,0.008,0,0,0,0,p
2026-04-07 12:54,0.289,0.008,0,0,0,0,p
2026-04-07 13:00,0.316,0.008,0,0,0,0,p
2026-04-07 13:06,0.344,0.009,0,0,0,0,p
2026-04-07 13:12,0.372,0.008,0,0,0,0,p
2026-04-07 13:18,0.399,0.009,0,0,0,0,p
2026-04-07 13:24,0.429,0.009,0,0,0,0,p
2026-04-07 13:30,0.461,0.01,0,0,0,0,p
2026-04-07 13:36,0.495,0.01,0,0,0,0,p
2026-04-07 13:42,0.53,0.011,0,0,0,0,p
2026-04-07 13:48,0.567,0.011,0,0,0,0,p
2026-04-07 13:54,0.603,0.011,0,0,0,0,p
2026-04-07 14:00,0.64,0.012,0,0,0,0,p
2026-04-07 14:06,0.676,0.011,0,0,0,0,p
2026-04-07 14:12,0.709,0.009,0,0,0,0,p
2026-04-07 14:18,0.74,0.009,0,0,0,0,p
2026-04-07 14:24,0.769,0.009,0,0,0,0,p
2026-04-07 14:30,0.8,0.01,0,0,0,0,p
2026-04-07 14:36,0.83,0.01,0,0,0,0,p
2026-04-07 14:42,0.849,0.006,1,0,0,0,p
2026-04-07 14:48,0.864,0.009,1,0,0,0,p
2026-04-07 14:54,0.898,0.006,1,0,0,0,p
2026-04-07 15:00,0.919,0.011,0,0,0,0,p
2026-04-07 15:06,0.944,0.005,1,0,0,0,p
2026-04-07 15:12,0.961,0.007,0,0,0,0,p
2026-04-07 15:18,0.977,0.004,1,0,0,0,p
2026-04-07 15:24,0.994,0.008,0,0,0,0,p
2026-04-07 15:30,1.01,0.004,1,0,0,0,p
2026-04-07 15:36,1.025,0.004,1,0,0,0,p
2026-04-07 15:42,1.04,0.005,1,0,0,0,p
2026-04-07 15:48,1.052,0.004,0,0,0,0,p
2026-04-07 15:54,1.062,0.004,1,0,0,0,p
2026-04-07 16:00,1.077,0.01,1,0,0,0,p
2026-04-07 16:06,1.086,0.006,1,0,0,0,p
2026-04-07 16:12,1.096,0.005,1,0,0,0,p
2026-04-07 16:18,1.106,0.004,0,0,0,0,p
2026-04-07 16:24,1.116,0.003,1,0,0,0,p
2026-04-07 16:30,1.122,0.002,0,0,0,0,p
2026-04-07 16:36,1.131,0.004,0,0,0,0,p
2026-04-07 16:42,1.139,0.003,1,0,0,0,p
2026-04-07 16:48,1.147,0.003,1,0,0,0,p
2026-04-07 16:54,1.154,0.003,1,0,0,0,p
2026-04-07 17:00,1.16,0.003,1,0,0,0,p
2026-04-07 17:06,1.164,0.003,1,0,0,0,p
2026-04-07 17:12,1.167,0.003,1,0,0,0,p
2026-04-07 17:18,1.169,0.003,1,0,0,0,p
2026-04-07 17:24,1.171,0.002,1,0,0,0,p
2026-04-07 17:30,1.171,0.002,1,0,0,0,p
2026-04-07 17:36,1.17,0.002,1,0,0,0,p
2026-04-07 17:42,1.167,0.004,1,0,0,0,p
2026-04-07 17:48,1.163,0.005,1,0,0,0,p
2026-04-07 17:54,1.16,0.007,1,0,0,0,p
2026-04-07 18:00,1.155,0.006,1,0,0,0,p
2026-04-07 18:06,1.15,0.006,1,0,0,0,p
2026-04-07 18:12,1.143,0.005,1,0,0,0,p
2026-04-07 18:18,1.131,0.007,1,0,0,0,p
2026-04-07 18:24,1.123,0.005,1,0,0,0,p
2026-04-07 18:30,1.112,0.005,1,0,0,0,p
2026-04-07 18:36,1.1,0.007,1,0,0,0,p
2026-04-07 18:42,1.085,0.007,1,0,0,0,p
2026-04-07 18:48,1.072,0.007,1,0,0,0,p
2026-04-07 18:54,1.061,0.005,1,0,0,0,p
2026-04-07 19:00,1.064,0.007,1,0,0,0,p
2026-04-07 19:06,1.013,0.034,0,0,0,0,p
2026-04-07 19:12,0.987,0.016,0,0,0,0,p
2026-04-07 19:18,0.976,0.018,0,0,0,0,p
2026-04-07 19:24,0.963,0.006,1,0,0,0,p
2026-04-07 19:30,0.945,0.013,1,0,0,0,p
2026-04-07 19:36,0.938,0.007,0,0,0,0,p
2026-04-07 19:42,0.899,0.013,0,0,0,0,p
2026-04-07 19:48,0.88,0.01,0,0,0,0,p
2026-04-07 19:54,0.861,0.007,0,0,0,0,p
2026-04-07 20:00,0.844,0.01,1,0,0,0,p
2026-04-07 20:06,0.814,0.005,1,0,0,0,p
2026-04-07 20:12,0.798,0.011,0,0,0,0,p
2026-04-07 20:18,0.773,0.006,0,0,0,0,p
2026-04-07 20:24,0.757,0.006,1,0,0,0,p
2026-04-07 20:30,0.736,0.008,0,0,0,0,p
2026-04-07 20:36,0.715,0.009,0,0,0,0,p
2026-04-07 20:42,0.691,0.007,1,0,0,0,p
2026-04-07 20:48,0.668,0.01,0,0,0,0,p
2026-04-07 20:54,0.65,0.007,0,0,0,0,p
2026-04-07 21:00,0.63,0.008,0,0,0,0,p
2026-04-07 21:06,0.608,0.007,0,0,0,0,p
2026-04-07 21:12,0.588,0.006,1,0,0,0,p
2026-04-07 21:18,0.567,0.007,0,0,0,0,p
2026-04-07 21:24,0.546,0.008,0,0,0,0,p
2026-04-07 21:30,0.524,0.008,0,0,0,0,p
2026-04-07 21:36,0.502,0.006,0,0,0,0,p
2026-04-07 21:42,0.486,0.005,0,0,0,0,p
2026-04-07 21:48,0.468,0.007,0,0,0,0,p
2026-04-07 21:54,0.446,0.006,0,0,0,0,p
2026-04-07 22:00,0.426,0.006,0,0,0,0,p
2026-04-07 22:06,0.406,0.006,0,0,0,0,p
2026-04-07 22:12,0.387,0.007,0,0,0,0,p
2026-04-07 22:18,0.366,0.005,0,0,0,0,p
2026-04-07 22:24,0.348,0.006,0,0,0,0,p
2026-04-07 22:30,0.329,0.005,0,0,0,0,p
2026-04-07 22:36,0.311,0.005,0,0,0,0,p
2026-04-07 22:42,0.293,0.005,0,0,0,0,p
2026-04-07 22:48,0.276,0.005,0,0,0,0,p
2026-04-07 22:54,0.26,0.005,0,0,0,0,p
2026-04-07 23:00,0.244,0.004,0,0,0,0,p
2026-04-07 23:06,0.229,0.004,0,0,0,0,p
2026-04-07 23:12,0.214,0.004,0,0,0,0,p
2026-04-07 23:18,0.203,0.003,0,0,0,0,p
2026-04-07 23:24,0.193,0.003,0,0,0,0,p
2026-04-07 23:30,0.185,0.002,0,0,0,0,p
2026-04-07 23:36,0.179,0.002,1,0,0,0,p
2026-04-07 23:42,0.175,0.001,1,0,0,0,p
2026-04-07 23:48,0.172,0.002,1,0,0,0,p
2026-04-07 23:54,0.172,0.002,1,0,0,0,p
2026-04-08 0:00,0.174,0.003,1,0,0,0,p
2026-04-08 0:06,0.178,0.002,1,0,0,0,p
2026-04-08 0:12,0.185,0.003,1,0,0,0,p
2026-04-08 0:18,0.192,0.005,0,0,0,0,p
2026-04-08 0:24,0.208,0.004,1,0,0,0,p
2026-04-08 0:30,0.22,0.005,1,0,0,0,p
2026-04-08 0:36,0.24,0.007,0,0,0,0,p
2026-04-08 0:42,0.265,0.008,1,0,0,0,p
2026-04-08 0:48,0.294,0.009,0,0,0,0,p
2026-04-08 0:54,0.323,0.008,0,0,0,0,p
2026-04-08 1:00,0.353,0.009,0,0,0,0,p
2026-04-08 1:06,0.383,0.011,0,0,0,0,p
2026-04-08 1:12,0.419,0.012,0,0,0,0,p
2026-04-08 1:18,0.454,0.011,0,0,0,0,p
2026-04-08 1:24,0.49,0.012,0,0,0,0,p
2026-04-08 1:30,0.53,0.012,0,0,0,0,p
2026-04-08 1:36,0.567,0.012,0,0,0,0,p
2026-04-08 1:42,0.603,0.011,0,0,0,0,p
2026-04-08 1:48,0.638,0.011,0,0,0,0,p
2026-04-08 1:54,0.671,0.013,0,0,0,0,p
2026-04-08 2:00,0.711,0.012,0,0,0,0,p
2026-04-08 2:06,0.742,0.013,0,0,0,0,p
2026-04-08 2:12,0.776,0.009,1,0,0,0,p
2026-04-08 2:18,0.802,0.01,0,0,0,0,p
2026-04-08 2:24,0.832,0.01,0,0,0,0,p
2026-04-08 2:30,0.859,0.009,0,0,0,0,p
2026-04-08 2:36,0.89,0.009,0,0,0,0,p
2026-04-08 2:42,0.918,0.008,0,0,0,0,p
2026-04-08 2:48,0.944,0.008,0,0,0,0,p
2026-04-08 2:54,0.966,0.007,0,0,0,0,p
2026-04-08 3:00,0.993,0.009,0,0,0,0,p
2026-04-08 3:06,1.019,0.008,0,0,0,0,p
2026-04-08 3:12,1.044,0.008,1,0,0,0,p
2026-04-08 3:18,1.067,0.009,1,0,0,0,p
2026-04-08 3:24,1.091,0.004,1,0,0,0,p
2026-04-08 3:30,1.109,0.007,0,0,0,0,p
2026-04-08 3:36,1.13,0.006,1,0,0,0,p
2026-04-08 3:42,1.143,0.01,0,0,0,0,p
2026-04-08 3:48,1.162,0.006,1,0,0,0,p
2026-04-08 3:54,1.154,0.005,1,0,0,0,p
2026-04-08 4:00,1.186,0.007,1,0,0,0,p
2026-04-08 4:06,1.195,0.009,0,0,0,0,p
2026-04-08 4:12,1.221,0.005,0,0,0,0,p
2026-04-08 4:18,1.227,0.004,1,0,0,0,p
2026-04-08 4:24,1.24,0.007,0,0,0,0,p
2026-04-08 4:30,1.24,0.005,1,0,0,0,p
2026-04-08 4:36,1.25,0.01,0,0,0,0,p
2026-04-08 4:42,1.26,0.004,1,0,0,0,p
2026-04-08 4:48,1.275,0.004,1,0,0,0,p
2026-04-08 4:54,1.279,0.006,1,0,0,0,p
2026-04-08 5:00,1.296,0.003,1,0,0,0,p
2026-04-08 5:06,1.299,0.005,0,0,0,0,p
2026-04-08 5:12,1.309,0.003,0,0,0,0,p
2026-04-08 5:18,1.311,0.003,1,0,0,0,p
2026-04-08 5:24,1.318,0.003,1,0,0,0,p
2026-04-08 5:30,1.322,0.003,1,0,0,0,p
2026-04-08 5:36,1.325,0.002,1,0,0,0,p
2026-04-08 5:42,1.326,0.003,1,0,0,0,p
2026-04-08 5:48,1.328,0.003,1,0,0,0,p
2026-04-08 5:54,1.33,0.002,1,0,0,0,p
2026-04-08 6:00,1.331,0.003,1,0,0,0,p
2026-04-08 6:06,1.335,0.003,1,0,0,0,p
2026-04-08 6:12,1.336,0.002,1,0,0,0,p
2026-04-08 6:18,1.334,0.003,1,0,0,0,p
2026-04-08 6:24,1.332,0.003,1,0,0,0,p
2026-04-08 6:30,1.332,0.003,1,0,0,0,p
2026-04-08 6:36,1.333,0.002,1,0,0,0,p
2026-04-08 6:42,1.332,0.002,1,0,0,0,p
2026-04-08 6:48,1.328,0.003,1,0,0,0,p
2026-04-08 6:54,1.322,0.004,1,0,0,0,p
2026-04-08 7:00,1.314,0.004,1,0,0,0,p
2026-04-08 7:06,1.308,0.005,1,0,0,0,p
2026-04-08 7:12,1.303,0.005,1,0,0,0,p
2026-04-08 7:18,1.3,0.005,1,0,0,0,p
2026-04-08 7:24,1.289,0.005,1,0,0,0,p
2026-04-08 7:30,1.28,0.006,1,0,0,0,p
2026-04-08 7:36,1.269,0.005,1,0,0,0,p
2026-04-08 7:42,1.255,0.008,1,0,0,0,p
2026-04-08 7:48,1.239,0.007,1,0,0,0,p
2026-04-08 7:54,1.222,0.007,0,0,0,0,p
2026-04-08 8:00,1.205,0.007,1,0,0,0,p
2026-04-08 8:06,1.188,0.007,1,0,0,0,p
2026-04-08 8:12,1.172,0.008,1,0,0,0,p
2026-04-08 8:18,1.15,0.008,1,0,0,0,p
2026-04-08 8:24,1.131,0.007,1,0,0,0,p
2026-04-08 8:30,1.112,0.007,1,0,0,0,p
2026-04-08 8:36,1.09,0.01,1,0,0,0,p
2026-04-08 8:42,1.066,0.009,0,0,0,0,p
2026-04-08 8:48,1.039,0.01,1,0,0,0,p
2026-04-08 8:54,1.011,0.01,1,0,0,0,p
2026-04-08 9:00,0.984,0.009,1,0,0,0,p
2026-04-08 9:06,0.959,0.008,0,0,0,0,p
2026-04-08 9:12,0.935,0.007,0,0,0,0,p
2026-04-08 9:18,0.91,0.009,0,0,0,0,p
2026-04-08 9:24,0.879,0.01,0,0,0,0,p
2026-04-08 9:30,0.851,0.009,0,0,0,0,p
2026-04-08 9:36,0.825,0.01,1,0,0,0,p
2026-04-08 9:42,0.797,0.009,1,0,0,0,p
2026-04-08 9:48,0.772,0.008,1,0,0,0,p
2026-04-08 9:54,0.746,0.009,1,0,0,0,p
2026-04-08 10:00,0.727,0.007,1,0,0,0,p
2026-04-08 10:06,0.707,0.008,1,0,0,0,p
2026-04-08 10:12,0.69,0.004,1,0,0,0,p
2026-04-08 10:18,0.674,0.006,1,0,0,0,p
2026-04-08 10:24,0.654,0.006,1,0,0,0,p
2026-04-08 10:30,0.634,0.007,0,0,0,0,p
2026-04-08 10:36,0.617,0.006,0,0,0,0,p
2026-04-08 10:42,0.601,0.005,1,0,0,0,p
2026-04-08 10:48,0.584,0.004,1,0,0,0,p
2026-04-08 10:54,0.568,0.007,0,0,0,0,p
2026-04-08 11:00,0.551,0.005,1,0,0,0,p
2026-04-08 11:06,0.534,0.005,1,0,0,0,p
2026-04-08 11:12,0.515,0.006,1,0,0,0,p
2026-04-08 11:18,0.499,0.005,1,0,0,0,p
2026-04-08 11:24,0.482,0.005,1,0,0,0,p
2026-04-08 11:30,0.471,0.005,1,0,0,0,p
2026-04-08 11:36,0.452,0.004,1,0,0,0,p
2026-04-08 11:42,0.44,0.005,1,0,0,0,p
2026-04-08 11:48,0.425,0.009,1,0,0,0,p
2026-04-08 11:54,0.414,0.004,1,0,0,0,p
2026-04-08 12:00,0.393,0.008,0,0,0,0,p
2026-04-08 12:06,0.379,0.006,0,0,0,0,p
2026-04-08 12:12,0.366,0.008,1,0,0,0,p
2026-04-08 12:18,0.357,0.007,1,0,0,0,p
2026-04-08 12:24,0.345,0.007,1,0,0,0,p
2026-04-08 12:30,0.337,0.008,1,0,0,0,p
2026-04-08 12:36,0.326,0.006,1,0,0,0,p
2026-04-08 12:42,0.319,0.006,1,0,0,0,p
2026-04-08 12:48,0.308,0.007,1,0,0,0,p
2026-04-08 12:54,0.308,0.006,1,0,0,0,p
2026-04-08 13:00,0.31,0.007,1,0,0,0,p
2026-04-08 13:06,0.317,0.007,1,0,0,0,p
2026-04-08 13:12,0.316,0.006,0,0,0,0,p
2026-04-08 13:18,0.323,0.006,1,0,0,0,p
2026-04-08 13:24,0.329,0.005,1,0,0,0,p
2026-04-08 13:30,0.333,0.006,1,0,0,0,p
2026-04-08 13:36,0.342,0.007,1,0,0,0,p
2026-04-08 13:42,0.357,0.009,0,0,0,0,p
2026-04-08 13:48,0.377,0.007,1,0,0,0,p
2026-04-08 13:54,0.394,0.006,1,0,0,0,p
2026-04-08 14:00,0.409,0.01,1,0,0,0,p
2026-04-08 14:06,0.432,0.007,1,0,0,0,p
2026-04-08 14:12,0.451,0.01,1,0,0,0,p
2026-04-08 14:18,0.471,0.007,1,0,0,0,p
2026-04-08 14:24,0.495,0.013,0,0,0,0,p
2026-04-08 14:30,0.525,0.007,1,0,0,0,p
2026-04-08 14:36,0.551,0.014,1,0,0,0,p
2026-04-08 14:42,0.578,0.009,0,0,0,0,p
2026-04-08 14:48,0.606,0.009,1,0,0,0,p
2026-04-08 14:54,0.641,0.013,1,0,0,0,p
2026-04-08 15:00,0.662,0.01,1,0,0,0,p
2026-04-08 15:06,0.686,0.011,0,0,0,0,p
2026-04-08 15:12,0.716,0.011,1,0,0,0,p
2026-04-08 15:18,0.745,0.012,1,0,0,0,p
2026-04-08 15:24,0.785,0.014,0,0,0,0,p
2026-04-08 15:30,0.802,0.01,1,0,0,0,p
2026-04-08 15:36,0.79,0.019,1,0,0,0,p
2026-04-08 15:42,0.835,0.012,1,0,0,0,p
2026-04-08 15:48,0.85,0.012,0,0,0,0,p
2026-04-08 15:54,0.885,0.013,0,0,0,0,p
2026-04-08 16:00,0.914,0.012,1,0,0,0,p
2026-04-08 16:06,0.932,0.009,1,0,0,0,p
2026-04-08 16:12,0.942,0.009,0,0,0,0,p
2026-04-08 16:18,0.957,0.012,1,0,0,0,p
2026-04-08 16:24,0.976,0.01,1,0,0,0,p
2026-04-08 16:30,0.99,0.009,0,0,0,0,p
2026-04-08 16:36,1.012,0.008,1,0,0,0,p
2026-04-08 16:42,1.023,0.008,1,0,0,0,p
2026-04-08 16:48,1.04,0.011,1,0,0,0,p
2026-04-08 16:54,1.06,0.01,0,0,0,0,p
2026-04-08 17:00,1.078,0.009,1,0,0,0,p
2026-04-08 17:06,1.09,0.006,1,0,0,0,p
2026-04-08 17:12,1.097,0.007,1,0,0,0,p
2026-04-08 17:18,1.107,0.008,1,0,0,0,p
2026-04-08 17:24,1.115,0.009,0,0,0,0,p
2026-04-08 17:30,1.128,0.007,1,0,0,0,p
2026-04-08 17:36,1.141,0.006,1,0,0,0,p
2026-04-08 17:42,1.147,0.007,1,0,0,0,p
2026-04-08 17:48,1.155,0.005,1,0,0,0,p
2026-04-08 17:54,1.166,0.005,1,0,0,0,p
2026-04-08 18:00,1.173,0.003,1,0,0,0,p
2026-04-08 18:06,1.179,0.003,1,0,0,0,p
2026-04-08 18:12,1.179,0.003,1,0,0,0,p
2026-04-08 18:18,1.171,0.006,1,0,0,0,p
2026-04-08 18:24,1.181,0.005,1,0,0,0,p
2026-04-08 18:30,1.185,0.006,0,0,0,0,p
2026-04-08 18:36,1.186,0.005,0,0,0,0,p
2026-04-08 18:42,1.186,0.004,1,0,0,0,p
2026-04-08 18:48,1.185,0.005,0,0,0,0,p
2026-04-08 18:54,1.19,0.005,1,0,0,0,p
2026-04-08 19:00,1.192,0.005,1,0,0,0,p
2026-04-08 19:06,1.192,0.006,1,0,0,0,p
2026-04-08 19:12,1.185,0.005,1,0,0,0,p
2026-04-08 19:18,1.177,0.007,0,0,0,0,p
2026-04-08 19:24,1.171,0.006,1,0,0,0,p
2026-04-08 19:30,1.16,0.007,1,0,0,0,p
2026-04-08 19:36,1.148,0.007,1,0,0,0,p
2026-04-08 19:42,1.137,0.006,1,0,0,0,p
2026-04-08 19:48,1.126,0.006,1,0,0,0,p
2026-04-08 19:54,1.121,0.005,1,0,0,0,p
2026-04-08 20:00,1.11,0.006,0,0,0,0,p
2026-04-08 20:06,1.093,0.007,1,0,0,0,p
2026-04-08 20:12,1.075,0.007,1,0,0,0,p
2026-04-08 20:18,1.058,0.007,1,0,0,0,p
2026-04-08 20:24,1.037,0.007,0,0,0,0,p
2026-04-08 20:30,1.017,0.009,1,0,0,0,p
2026-04-08 20:36,0.996,0.01,0,0,0,0,p
2026-04-08 20:42,0.977,0.008,1,0,0,0,p
2026-04-08 20:48,0.959,0.008,1,0,0,0,p
2026-04-08 20:54,0.936,0.01,1,0,0,0,p
2026-04-08 21:00,0.913,0.009,1,0,0,0,p
2026-04-08 21:06,0.891,0.007,1,0,0,0,p
2026-04-08 21:12,0.868,0.009,1,0,0,0,p
2026-04-08 21:18,0.843,0.009,0,0,0,0,p
2026-04-08 21:24,0.82,0.007,1,0,0,0,p
2026-04-08 21:30,0.798,0.01,0,0,0,0,p
2026-04-08 21:36,0.774,0.01,1,0,0,0,p
2026-04-08 21:42,0.749,0.009,0,0,0,0,p
2026-04-08 21:48,0.728,0.008,0,0,0,0,p
2026-04-08 21:54,0.705,0.009,0,0,0,0,p
2026-04-08 22:00,0.687,0.007,0,0,0,0,p
2026-04-08 22:06,0.672,0.006,1,0,0,0,p
2026-04-08 22:12,0.649,0.009,0,0,0,0,p
2026-04-08 22:18,0.621,0.01,0,0,0,0,p
2026-04-08 22:24,0.596,0.009,1,0,0,0,p
2026-04-08 22:30,0.57,0.01,1,0,0,0,p
2026-04-08 22:36,0.551,0.008,1,0,0,0,p
2026-04-08 22:42,0.529,0.008,1,0,0,0,p
2026-04-08 22:48,0.513,0.006,1,0,0,0,p
2026-04-08 22:54,0.5,0.007,0,0,0,0,p
2026-04-08 23:00,0.485,0.006,0,0,0,0,p
2026-04-08 23:06,0.471,0.007,1,0,0,0,p
2026-04-08 23:12,0.454,0.006,1,0,0,0,p
2026-04-08 23:18,0.44,0.005,1,0,0,0,p
2026-04-08 23:24,0.429,0.005,0,0,0,0,p
2026-04-08 23:30,0.415,0.005,0,0,0,0,p
2026-04-08 23:36,0.404,0.005,0,0,0,0,p
2026-04-08 23:42,0.389,0.005,1,0,0,0,p
2026-04-08 23:48,0.379,0.005,1,0,0,0,p
2026-04-08 23:54,0.37,0.005,1,0,0,0,p
2026-04-09 0:00,0.36,0.006,1,0,0,0,p
2026-04-09 0:06,0.351,0.004,1,0,0,0,p
2026-04-09 0:12,0.344,0.004,1,0,0,0,p
2026-04-09 0:18,0.338,0.003,1,0,0,0,p
2026-04-09 0:24,0.334,0.003,1,0,0,0,p
2026-04-09 0:30,0.333,0.004,1,0,0,0,p
2026-04-09 0:36,0.332,0.004,1,0,0,0,p
2026-04-09 0:42,0.332,0.003,1,0,0,0,p
2026-04-09 0:48,0.335,0.003,1,0,0,0,p
2026-04-09 0:54,0.337,0.004,1,0,0,0,p
2026-04-09 1:00,0.343,0.002,1,0,0,0,p
2026-04-09 1:06,0.349,0.002,1,0,0,0,p
2026-04-09 1:12,0.355,0.003,1,0,0,0,p
2026-04-09 1:18,0.362,0.003,1,0,0,0,p
2026-04-09 1:24,0.371,0.004,0,0,0,0,p
2026-04-09 1:30,0.382,0.005,1,0,0,0,p
2026-04-09 1:36,0.397,0.006,0,0,0,0,p
2026-04-09 1:42,0.412,0.005,1,0,0,0,p
2026-04-09 1:48,0.431,0.008,1,0,0,0,p
2026-04-09 1:54,0.452,0.006,1,0,0,0,p
2026-04-09 2:00,0.472,0.007,1,0,0,0,p
2026-04-09 2:06,0.494,0.008,1,0,0,0,p
2026-04-09 2:12,0.52,0.011,0,0,0,0,p
2026-04-09 2:18,0.545,0.009,1,0,0,0,p
2026-04-09 2:24,0.572,0.011,0,0,0,0,p
2026-04-09 2:30,0.6,0.008,1,0,0,0,p
2026-04-09 2:36,0.627,0.01,0,0,0,0,p
2026-04-09 2:42,0.655,0.01,0,0,0,0,p
2026-04-09 2:48,0.685,0.012,0,0,0,0,p
2026-04-09 2:54,0.719,0.011,0,0,0,0,p
2026-04-09 3:00,0.751,0.01,1,0,0,0,p
2026-04-09 3:06,0.777,0.008,0,0,0,0,p
2026-04-09 3:12,0.802,0.011,0,0,0,0,p
2026-04-09 3:18,0.826,0.009,0,0,0,0,p
2026-04-09 3:24,0.85,0.009,0,0,0,0,p
2026-04-09 3:30,0.878,0.009,1,0,0,0,p
2026-04-09 3:36,0.901,0.009,1,0,0,0,p
2026-04-09 3:42,0.921,0.007,1,0,0,0,p
2026-04-09 3:48,0.944,0.009,1,0,0,0,p
2026-04-09 3:54,0.964,0.009,1,0,0,0,p
2026-04-09 4:00,0.987,0.012,1,0,0,0,p
2026-04-09 4:06,1.014,0.01,0,0,0,0,p
2026-04-09 4:12,1.039,0.01,0,0,0,0,p
2026-04-09 4:18,1.064,0.008,1,0,0,0,p
2026-04-09 4:24,1.083,0.008,1,0,0,0,p
2026-04-09 4:30,1.103,0.009,1,0,0,0,p
2026-04-09 4:36,1.129,0.007,0,0,0,0,p
2026-04-09 4:42,1.143,0.007,1,0,0,0,p
2026-04-09 4:48,1.161,0.008,1,0,0,0,p
2026-04-09 4:54,1.175,0.008,1,0,0,0,p
2026-04-09 5:00,1.195,0.006,1,0,0,0,p
2026-04-09 5:06,1.214,0.01,0,0,0,0,p
2026-04-09 5:12,1.228,0.006,1,0,0,0,p
2026-04-09 5:18,1.243,0.006,1,0,0,0,p
2026-04-09 5:24,1.26,0.007,0,0,0,0,p
2026-04-09 5:30,1.266,0.007,1,0,0,0,p
2026-04-09 5:36,1.29,0.009,1,0,0,0,p
2026-04-09 5:42,1.289,0.009,0,0,0,0,p
2026-04-09 5:48,1.315,0.005,0,0,0,0,p
2026-04-09 5:54,1.32,0.006,0,0,0,0,p
2026-04-09 6:00,1.334,0.004,1,0,0,0,p
2026-04-09 6:06,1.344,0.007,0,0,0,0,p
2026-04-09 6:12,1.361,0.005,1,0,0,0,p
2026-04-09 6:18,1.365,0.007,1,0,0,0,p
2026-04-09 6:24,1.371,0.005,1,0,0,0,p
2026-04-09 6:30,1.38,0.006,0,0,0,0,p
2026-04-09 6:36,1.384,0.005,1,0,0,0,p
2026-04-09 6:42,1.391,0.007,0,0,0,0,p
2026-04-09 6:48,1.392,0.005,0,0,0,0,p
2026-04-09 6:54,1.401,0.007,0,0,0,0,p
2026-04-09 7:00,1.398,0.006,1,0,0,0,p
2026-04-09 7:06,1.403,0.005,1,0,0,0,p
2026-04-09 7:12,1.406,0.006,1,0,0,0,p
2026-04-09 7:18,1.403,0.006,1,0,0,0,p
2026-04-09 7:24,1.405,0.004,1,0,0,0,p
2026-04-09 7:30,1.403,0.004,1,0,0,0,p
2026-04-09 7:36,1.403,0.005,1,0,0,0,p
2026-04-09 7:42,1.402,0.004,1,0,0,0,p
2026-04-09 7:48,1.392,0.006,1,0,0,0,p
2026-04-09 7:54,1.387,0.005,1,0,0,0,p
2026-04-09 8:00,1.379,0.004,1,0,0,0,p
2026-04-09 8:06,1.369,0.006,1,0,0,0,p
2026-04-09 8:12,1.356,0.007,0,0,0,0,p
2026-04-09 8:18,1.345,0.005,1,0,0,0,p
2026-04-09 8:24,1.336,0.005,0,0,0,0,p
2026-04-09 8:30,1.309,0.015,1,0,0,0,p
2026-04-09 8:36,1.276,0.008,1,0,0,0,p
2026-04-09 8:42,1.267,0.012,1,0,0,0,p
2026-04-09 8:48,1.252,0.006,1,0,0,0,p
2026-04-09 8:54,1.238,0.01,0,0,0,0,p
2026-04-09 9:00,1.221,0.005,1,0,0,0,p
2026-04-09 9:06,1.193,0.014,0,0,0,0,p
2026-04-09 9:12,1.163,0.008,1,0,0,0,p
2026-04-09 9:18,1.138,0.01,1,0,0,0,p
2026-04-09 9:24,1.119,0.005,1,0,0,0,p
2026-04-09 9:30,1.102,0.009,0,0,0,0,p
2026-04-09 9:36,1.079,0.007,1,0,0,0,p
2026-04-09 9:42,1.045,0.011,1,0,0,0,p
2026-04-09 9:48,1.019,0.01,0,0,0,0,p
2026-04-09 9:54,0.988,0.01,1,0,0,0,p
2026-04-09 10:00,0.967,0.006,1,0,0,0,p
2026-04-09 10:06,0.939,0.009,1,0,0,0,p
2026-04-09 10:12,0.91,0.011,1,0,0,0,p
2026-04-09 10:18,0.88,0.009,0,0,0,0,p
2026-04-09 10:24,0.851,0.011,0,0,0,0,p
2026-04-09 10:30,0.824,0.008,1,0,0,0,p
2026-04-09 10:36,0.799,0.008,1,0,0,0,p
2026-04-09 10:42,0.773,0.009,1,0,0,0,p
2026-04-09 10:48,0.748,0.008,0,0,0,0,p
2026-04-09 10:54,0.735,0.004,1,0,0,0,p
2026-04-09 11:00,0.719,0.008,0,0,0,0,p
2026-04-09 11:06,0.697,0.005,0,0,0,0,p
2026-04-09 11:12,0.674,0.01,0,0,0,0,p
2026-04-09 11:18,0.648,0.006,1,0,0,0,p
2026-04-09 11:24,0.632,0.004,1,0,0,0,p
2026-04-09 11:30,0.613,0.007,0,0,0,0,p
2026-04-09 11:36,0.593,0.005,0,0,0,0,p
2026-04-09 11:42,0.577,0.006,0,0,0,0,p
2026-04-09 11:48,0.554,0.007,0,0,0,0,p
2026-04-09 11:54,0.535,0.006,0,0,0,0,p
2026-04-09 12:00,0.515,0.006,0,0,0,0,p
2026-04-09 12:06,0.494,0.008,1,0,0,0,p
2026-04-09 12:12,0.478,0.005,1,0,0,0,p
2026-04-09 12:18,0.464,0.004,1,0,0,0,p
2026-04-09 12:24,0.447,0.007,1,0,0,0,p
2026-04-09 12:30,0.428,0.005,1,0,0,0,p
2026-04-09 12:36,0.412,0.006,1,0,0,0,p
2026-04-09 12:42,0.396,0.006,1,0,0,0,p
2026-04-09 12:48,0.383,0.006,1,0,0,0,p
2026-04-09 12:54,0.365,0.006,1,0,0,0,p
2026-04-09 13:00,0.353,0.004,1,0,0,0,p
2026-04-09 13:06,0.338,0.005,0,0,0,0,p
2026-04-09 13:12,0.33,0.004,1,0,0,0,p
2026-04-09 13:18,0.322,0.005,1,0,0,0,p
2026-04-09 13:24,0.317,0.005,1,0,0,0,p
2026-04-09 13:30,0.303,0.005,1,0,0,0,p
2026-04-09 13:36,0.299,0.005,1,0,0,0,p
2026-04-09 13:42,0.292,0.005,1,0,0,0,p
2026-04-09 13:48,0.292,0.005,1,0,0,0,p
2026-04-09 13:54,0.297,0.005,1,0,0,0,p
2026-04-09 14:00,0.304,0.005,1,0,0,0,p
2026-04-09 14:06,0.308,0.004,1,0,0,0,p
2026-04-09 14:12,0.315,0.005,1,0,0,0,p
2026-04-09 14:18,0.321,0.004,1,0,0,0,p
2026-04-09 14:24,0.328,0.005,1,0,0,0,p
2026-04-09 14:30,0.34,0.005,1,0,0,0,p
2026-04-09 14:36,0.354,0.007,1,0,0,0,p
2026-04-09 14:42,0.375,0.009,0,0,0,0,p
2026-04-09 14:48,0.4,0.008,1,0,0,0,p
2026-04-09 14:54,0.424,0.007,0,0,0,0,p
2026-04-09 15:00,0.448,0.008,1,0,0,0,p
2026-04-09 15:06,0.474,0.008,0,0,0,0,p
2026-04-09 15:12,0.498,0.008,1,0,0,0,p
2026-04-09 15:18,0.526,0.009,1,0,0,0,p
2026-04-09 15:24,0.553,0.01,0,0,0,0,p
2026-04-09 15:30,0.58,0.01,0,0,0,0,p
2026-04-09 15:36,0.609,0.009,1,0,0,0,p
2026-04-09 15:42,0.635,0.009,0,0,0,0,p
2026-04-09 15:48,0.661,0.011,0,0,0,0,p
2026-04-09 15:54,0.689,0.009,1,0,0,0,p
2026-04-09 16:00,0.721,0.011,0,0,0,0,p
2026-04-09 16:06,0.749,0.01,0,0,0,0,p
2026-04-09 16:12,0.777,0.01,0,0,0,0,p
2026-04-09 16:18,0.807,0.01,0,0,0,0,p
2026-04-09 16:24,0.834,0.008,0,0,0,0,p
2026-04-09 16:30,0.86,0.011,0,0,0,0,p
2026-04-09 16:36,0.884,0.011,0,0,0,0,p
2026-04-09 16:42,0.913,0.008,1,0,0,0,p
2026-04-09 16:48,0.931,0.008,0,0,0,0,p
2026-04-09 16:54,0.952,0.007,1,0,0,0,p
2026-04-09 17:00,0.971,0.012,1,0,0,0,p
2026-04-09 17:06,0.991,0.005,1,0,0,0,p
2026-04-09 17:12,1.007,0.011,0,0,0,0,p
2026-04-09 17:18,1.027,0.008,0,0,0,0,p
2026-04-09 17:24,1.041,0.009,1,0,0,0,p
2026-04-09 17:30,1.055,0.007,1,0,0,0,p
2026-04-09 17:36,1.07,0.007,1,0,0,0,p
2026-04-09 17:42,1.081,0.012,0,0,0,0,p
2026-04-09 17:48,1.093,0.007,0,0,0,0,p
2026-04-09 17:54,1.099,0.013,0,0,0,0,p
2026-04-09 18:00,1.117,0.004,1,0,0,0,p
2026-04-09 18:06,1.129,0.006,0,0,0,0,p
2026-04-09 18:12,1.129,0.004,1,0,0,0,p
2026-04-09 18:18,1.147,0.006,1,0,0,0,p
2026-04-09 18:24,1.148,0.003,1,0,0,0,p
2026-04-09 18:30,1.163,0.004,1,0,0,0,p
2026-04-09 18:36,1.167,0.002,0,0,0,0,p
2026-04-09 18:42,1.177,0.002,1,0,0,0,p
2026-04-09 18:48,1.177,0.002,1,0,0,0,p
2026-04-09 18:54,1.181,0.003,1,0,0,0,p
2026-04-09 19:00,1.187,0.005,1,0,0,0,p
2026-04-09 19:06,1.192,0.003,1,0,0,0,p
2026-04-09 19:12,1.196,0.002,1,0,0,0,p
2026-04-09 19:18,1.201,0.004,1,0,0,0,p
2026-04-09 19:24,1.208,0.003,1,0,0,0,p
2026-04-09 19:30,1.206,0.003,1,0,0,0,p
2026-04-09 19:36,1.2,0.003,1,0,0,0,p
2026-04-09 19:42,1.195,0.004,1,0,0,0,p
2026-04-09 19:48,1.189,0.003,1,0,0,0,p
2026-04-09 19:54,1.186,0.005,1,0,0,0,p
2026-04-09 20:00,1.181,0.005,1,0,0,0,p
2026-04-09 20:06,1.179,0.004,1,0,0,0,p
2026-04-09 20:12,1.172,0.002,0,0,0,0,p
2026-04-09 20:18,1.162,0.004,1,0,0,0,p
2026-04-09 20:24,1.152,0.005,1,0,0,0,p
2026-04-09 20:30,1.137,0.006,1,0,0,0,p
2026-04-09 20:36,1.116,0.006,1,0,0,0,p
2026-04-09 20:42,1.103,0.005,1,0,0,0,p
2026-04-09 20:48,1.086,0.005,0,0,0,0,p
2026-04-09 20:54,1.071,0.005,0,0,0,0,p
2026-04-09 21:00,1.054,0.006,0,0,0,0,p
2026-04-09 21:06,1.033,0.007,0,0,0,0,p
2026-04-09 21:12,1.009,0.007,1,0,0,0,p
2026-04-09 21:18,0.987,0.007,1,0,0,0,p
2026-04-09 21:24,0.958,0.009,1,0,0,0,p
2026-04-09 21:30,0.931,0.01,0,0,0,0,p
2026-04-09 21:36,0.909,0.007,1,0,0,0,p
2026-04-09 21:42,0.884,0.009,1,0,0,0,p
2026-04-09 21:48,0.858,0.007,0,0,0,0,p
2026-04-09 21:54,0.837,0.007,0,0,0,0,p
2026-04-09 22:00,0.814,0.008,0,0,0,0,p
2026-04-09 22:06,0.786,0.009,0,0,0,0,p
2026-04-09 22:12,0.764,0.008,0,0,0,0,p
2026-04-09 22:18,0.745,0.008,0,0,0,0,p
2026-04-09 22:24,0.727,0.005,1,0,0,0,p
2026-04-09 22:30,0.708,0.007,0,0,0,0,p
2026-04-09 22:36,0.684,0.008,0,0,0,0,p
2026-04-09 22:42,0.662,0.008,0,0,0,0,p
2026-04-09 22:48,0.642,0.005,1,0,0,0,p
2026-04-09 22:54,0.627,0.005,1,0,0,0,p
2026-04-09 23:00,0.61,0.007,0,0,0,0,p
2026-04-09 23:06,0.592,0.003,0,0,0,0,p
2026-04-09 23:12,0.578,0.006,0,0,0,0,p
2026-04-09 23:18,0.56,0.005,0,0,0,0,p
2026-04-09 23:24,0.542,0.005,0,0,0,0,p
2026-04-09 23:30,0.531,0.005,1,0,0,0,p
2026-04-09 23:36,0.516,0.005,1,0,0,0,p
2026-04-09 23:42,0.513,0.002,1,0,0,0,p
2026-04-09 23:48,0.514,0.003,1,0,0,0,p
2026-04-09 23:54,0.479,0.032,0,0,0,0,p
2026-04-10 0:00,0.451,0.016,0,0,0,0,p
2026-04-10 0:06,0.445,0.013,1,0,0,0,p
2026-04-10 0:12,0.435,0.004,1,0,0,0,p
2026-04-10 0:18,0.436,0.002,1,0,0,0,p
2026-04-10 0:24,0.432,0.003,1,0,0,0,p
2026-04-10 0:30,0.427,0.01,0,0,0,0,p
2026-04-10 0:36,0.405,0.002,0,0,0,0,p
2026-04-10 0:42,0.393,0.006,0,0,0,0,p
2026-04-10 0:48,0.392,0.004,1,0,0,0,p
2026-04-10 0:54,0.388,0.004,1,0,0,0,p
2026-04-10 1:00,0.386,0.003,1,0,0,0,p
2026-04-10 1:06,0.387,0.005,1,0,0,0,p
2026-04-10 1:12,0.384,0.005,1,0,0,0,p
2026-04-10 1:18,0.384,0.003,1,0,0,0,p
2026-04-10 1:24,0.391,0.003,1,0,0,0,p
2026-04-10 1:30,0.39,0.007,1,0,0,0,p
2026-04-10 1:36,0.393,0.006,1,0,0,0,p
2026-04-10 1:42,0.402,0.003,1,0,0,0,p
2026-04-10 1:48,0.406,0.005,0,0,0,0,p
2026-04-10 1:54,0.419,0.005,1,0,0,0,p
2026-04-10 2:00,0.434,0.007,1,0,0,0,p
2026-04-10 2:06,0.456,0.007,0,0,0,0,p
2026-04-10 2:12,0.465,0.003,1,0,0,0,p
2026-04-10 2:18,0.487,0.01,1,0,0,0,p
2026-04-10 2:24,0.494,0.008,0,0,0,0,p
2026-04-10 2:30,0.514,0.003,1,0,0,0,p
2026-04-10 2:36,0.538,0.01,1,0,0,0,p
2026-04-10 2:42,0.554,0.005,1,0,0,0,p
2026-04-10 2:48,0.572,0.014,1,0,0,0,p
2026-04-10 2:54,0.6,0.004,1,0,0,0,p
2026-04-10 3:00,0.625,0.011,0,0,0,0,p
2026-04-10 3:06,0.647,0.008,1,0,0,0,p
2026-04-10 3:12,0.673,0.01,1,0,0,0,p
2026-04-10 3:18,0.692,0.003,1,0,0,0,p
2026-04-10 3:24,0.712,0.009,1,0,0,0,p
2026-04-10 3:30,0.732,0.009,1,0,0,0,p
2026-04-10 3:36,0.756,0.014,0,0,0,0,p
2026-04-10 3:42,0.787,0.006,0,0,0,0,p
2026-04-10 3:48,0.807,0.008,0,0,0,0,p
2026-04-10 3:54,0.824,0.008,0,0,0,0,p
2026-04-10 4:00,0.846,0.006,0,0,0,0,p
2026-04-10 4:06,0.866,0.007,1,0,0,0,p
2026-04-10 4:12,0.888,0.006,1,0,0,0,p
2026-04-10 4:18,0.913,0.011,0,0,0,0,p
2026-04-10 4:24,0.935,0.003,1,0,0,0,p
2026-04-10 4:30,0.956,0.008,0,0,0,0,p
2026-04-10 4:36,0.978,0.007,0,0,0,0,p
2026-04-10 4:42,1.003,0.006,0,0,0,0,p
2026-04-10 4:48,1.035,0.013,0,0,0,0,p
2026-04-10 4:54,1.052,0.006,1,0,0,0,p
2026-04-10 5:00,1.041,0.014,1,0,0,0,p
2026-04-10 5:06,1.082,0.004,1,0,0,0,p
2026-04-10 5:12,1.099,0.011,0,0,0,0,p
2026-04-10 5:18,1.13,0.003,1,0,0,0,p
2026-04-10 5:24,1.152,0.011,0,0,0,0,p
2026-04-10 5:30,1.167,0.002,1,0,0,0,p
2026-04-10 5:36,1.184,0.008,0,0,0,0,p
2026-04-10 5:42,1.203,0.006,0,0,0,0,p
2026-04-10 5:48,1.228,0.006,0,0,0,0,p
2026-04-10 5:54,1.241,0.004,1,0,0,0,p
2026-04-10 6:00,1.253,0.003,1,0,0,0,p
2026-04-10 6:06,1.265,0.006,1,0,0,0,p
2026-04-10 6:12,1.284,0.006,1,0,0,0,p
2026-04-10 6:18,1.297,0.003,0,0,0,0,p
2026-04-10 6:24,1.312,0.004,0,0,0,0,p
2026-04-10 6:30,1.324,0.006,0,0,0,0,p
2026-04-10 6:36,1.338,0.004,1,0,0,0,p
2026-04-10 6:42,1.347,0.003,0,0,0,0,p
2026-04-10 6:48,1.36,0.004,0,0,0,0,p
2026-04-10 6:54,1.374,0.004,0,0,0,0,p
2026-04-10 7:00,1.383,0.002,0,0,0,0,p
2026-04-10 7:06,1.392,0.002,1,0,0,0,p
2026-04-10 7:12,1.399,0.002,1,0,0,0,p
2026-04-10 7:18,1.407,0.003,0,0,0,0,p
2026-04-10 7:24,1.416,0.003,0,0,0,0,p
2026-04-10 7:30,1.425,0.003,0,0,0,0,p
2026-04-10 7:36,1.431,0.001,0,0,0,0,p
2026-04-10 7:42,1.435,0.001,0,0,0,0,p
2026-04-10 7:48,1.438,0.001,1,0,0,0,p
2026-04-10 7:54,1.439,0.001,1,0,0,0,p
2026-04-10 8:00,1.44,0.002,1,0,0,0,p
2026-04-10 8:06,1.443,0.001,1,0,0,0,p
2026-04-10 8:12,1.443,0.001,1,0,0,0,p
2026-04-10 8:18,1.441,0.001,1,0,0,0,p
2026-04-10 8:24,1.438,0.002,1,0,0,0,p
2026-04-10 8:30,1.435,0.002,1,0,0,0,p
2026-04-10 8:36,1.429,0.003,1,0,0,0,p
2026-04-10 8:42,1.421,0.003,1,0,0,0,p
2026-04-10 8:48,1.413,0.003,1,0,0,0,p
2026-04-10 8:54,1.404,0.003,0,0,0,0,p
2026-04-10 9:00,1.395,0.004,1,0,0,0,p
2026-04-10 9:06,1.383,0.005,1,0,0,0,p
2026-04-10 9:12,1.371,0.005,1,0,0,0,p
2026-04-10 9:18,1.359,0.005,0,0,0,0,p
2026-04-10 9:24,1.343,0.005,1,0,0,0,p
2026-04-10 9:30,1.327,0.007,0,0,0,0,p
2026-04-10 9:36,1.303,0.008,0,0,0,0,p
2026-04-10 9:42,1.283,0.007,1,0,0,0,p
2026-04-10 9:48,1.26,0.008,0,0,0,0,p
2026-04-10 9:54,1.238,0.008,0,0,0,0,p
2026-04-10 10:00,1.212,0.007,0,0,0,0,p
2026-04-10 10:06,1.187,0.009,0,0,0,0,p
2026-04-10 10:12,1.162,0.006,0,0,0,0,p
2026-04-10 10:18,1.14,0.007,0,0,0,0,p
2026-04-10 10:24,1.115,0.008,0,0,0,0,p
2026-04-10 10:30,1.086,0.009,0,0,0,0,p
2026-04-10 10:36,1.057,0.009,0,0,0,0,p
2026-04-10 10:42,1.027,0.008,0,0,0,0,p
2026-04-10 10:48,1.002,0.008,0,0,0,0,p
2026-04-10 10:54,0.974,0.009,0,0,0,0,p
2026-04-10 11:00,0.946,0.007,0,0,0,0,p
2026-04-10 11:06,0.917,0.01,0,0,0,0,p
2026-04-10 11:12,0.888,0.007,0,0,0,0,p
2026-04-10 11:18,0.862,0.008,0,0,0,0,p
2026-04-10 11:24,0.838,0.007,0,0,0,0,p
2026-04-10 11:30,0.815,0.006,1,0,0,0,p
2026-04-10 11:36,0.791,0.008,0,0,0,0,p
2026-04-10 11:42,0.772,0.005,0,0,0,0,p
2026-04-10 11:48,0.751,0.007,0,0,0,0,p
2026-04-10 11:54,0.728,0.005,0,0,0,0,p
2026-04-10 12:00,0.707,0.008,0,0,0,0,p
2026-04-10 12:06,0.683,0.006,0,0,0,0,p
2026-04-10 12:12,0.67,0.005,0,0,0,0,p
2026-04-10 12:18,0.648,0.007,0,0,0,0,p
2026-04-10 12:24,0.633,0.003,0,0,0,0,p
2026-04-10 12:30,0.619,0.005,1,0,0,0,p
2026-04-10 12:36,0.601,0.006,0,0,0,0,p
2026-04-10 12:42,0.581,0.005,0,0,0,0,p
2026-04-10 12:48,0.562,0.006,0,0,0,0,p
2026-04-10 12:54,0.543,0.005,0,0,0,0,p
2026-04-10 13:00,0.525,0.006,1,0,0,0,p
2026-04-10 13:06,0.504,0.006,1,0,0,0,p
2026-04-10 13:12,0.486,0.006,0,0,0,0,p
2026-04-10 13:18,0.468,0.005,1,0,0,0,p
2026-04-10 13:24,0.451,0.006,1,0,0,0,p
2026-04-10 13:30,0.437,0.006,1,0,0,0,p
2026-04-10 13:36,0.427,0.005,1,0,0,0,p
2026-04-10 13:42,0.415,0.006,1,0,0,0,p
2026-04-10 13:48,0.404,0.005,1,0,0,0,p
2026-04-10 13:54,0.389,0.004,0,0,0,0,p
2026-04-10 14:00,0.379,0.005,0,0,0,0,p
2026-04-10 14:06,0.368,0.004,1,0,0,0,p
2026-04-10 14:12,0.357,0.003,1,0,0,0,p
2026-04-10 14:18,0.349,0.003,1,0,0,0,p
2026-04-10 14:24,0.342,0.002,1,0,0,0,p
2026-04-10 14:30,0.337,0.002,1,0,0,0,p
2026-04-10 14:36,0.334,0.002,1,0,0,0,p
2026-04-10 14:42,0.332,0.002,1,0,0,0,p
2026-04-10 14:48,0.333,0.001,1,0,0,0,p
2026-04-10 14:54,0.335,0.002,1,0,0,0,p
2026-04-10 15:00,0.345,0.005,0,0,0,0,p
2026-04-10 15:06,0.379,0.017,0,0,0,0,p
2026-04-10 15:12,0.374,0.041,0,0,0,0,p
2026-04-10 15:18,0.327,0.018,0,0,0,0,p
2026-04-10 15:24,0.36,0.015,0,0,0,0,p
2026-04-10 15:30,0.365,0.012,0,0,0,0,p
2026-04-10 15:36,0.399,0.008,1,0,0,0,p
2026-04-10 15:42,0.43,0.014,0,0,0,0,p
2026-04-10 15:48,0.464,0.006,0,0,0,0,p
2026-04-10 15:54,0.465,0.008,0,0,0,0,p
2026-04-10 16:00,0.484,0.003,1,0,0,0,p
2026-04-10 16:06,0.515,0.016,0,0,0,0,p
2026-04-10 16:12,0.543,0.004,1,0,0,0,p
2026-04-10 16:18,0.566,0.011,1,0,0,0,p
2026-04-10 16:24,0.595,0.006,1,0,0,0,p
2026-04-10 16:30,0.625,0.012,0,0,0,0,p
2026-04-10 16:36,0.652,0.012,0,0,0,0,p
2026-04-10 16:42,0.685,0.008,0,0,0,0,p
2026-04-10 16:48,0.707,0.008,0,0,0,0,p
2026-04-10 16:54,0.739,0.01,0,0,0,0,p
2026-04-10 17:00,0.762,0.007,0,0,0,0,p
2026-04-10 17:06,0.785,0.007,0,0,0,0,p
2026-04-10 17:12,0.807,0.009,0,0,0,0,p
2026-04-10 17:18,0.832,0.007,1,0,0,0,p
2026-04-10 17:24,0.853,0.009,1,0,0,0,p
2026-04-10 17:30,0.874,0.008,1,0,0,0,p
2026-04-10 17:36,0.897,0.007,1,0,0,0,p
2026-04-10 17:42,0.917,0.007,0,0,0,0,p
2026-04-10 17:48,0.936,0.007,0,0,0,0,p
2026-04-10 17:54,0.956,0.006,0,0,0,0,p
2026-04-10 18:00,0.977,0.006,0,0,0,0,p
2026-04-10 18:06,0.993,0.005,1,0,0,0,p
2026-04-10 18:12,1.007,0.004,0,0,0,0,p
2026-04-10 18:18,1.022,0.006,1,0,0,0,p
2026-04-10 18:24,1.031,0.004,1,0,0,0,p
2026-04-10 18:30,1.047,0.007,1,0,0,0,p
2026-04-10 18:36,1.062,0.004,1,0,0,0,p
2026-04-10 18:42,1.074,0.01,1,0,0,0,p
2026-04-10 18:48,1.086,0.008,1,0,0,0,p
2026-04-10 18:54,1.099,0.005,1,0,0,0,p
2026-04-10 19:00,1.109,0.005,1,0,0,0,p
2026-04-10 19:06,1.123,0.005,1,0,0,0,p
2026-04-10 19:12,1.14,0.008,0,0,0,0,p
2026-04-10 19:18,1.146,0.011,0,0,0,0,p
2026-04-10 19:24,1.129,0.015,0,0,0,0,p
2026-04-10 19:30,1.15,0.007,0,0,0,0,p
2026-04-10 19:36,1.149,0.012,0,0,0,0,p
2026-04-10 19:42,1.167,0.007,0,0,0,0,p
2026-04-10 19:48,1.171,0.01,0,0,0,0,p
2026-04-10 19:54,1.169,0.005,0,0,0,0,p
2026-04-10 20:00,1.171,0.002,0,0,0,0,p
2026-04-10 20:06,1.172,0.002,1,0,0,0,p
2026-04-10 20:12,1.175,0.002,1,0,0,0,p
2026-04-10 20:18,1.171,0.002,1,0,0,0,p
2026-04-10 20:24,1.171,0.005,1,0,0,0,p
2026-04-10 20:30,1.166,0.005,1,0,0,0,p
2026-04-10 20:36,1.169,0.002,1,0,0,0,p
2026-04-10 20:42,1.165,0.001,0,0,0,0,p
2026-04-10 20:48,1.165,0.002,1,0,0,0,p
2026-04-10 20:54,1.157,0.003,1,0,0,0,p
2026-04-10 21:00,1.151,0.005,1,0,0,0,p
2026-04-10 21:06,1.14,0.005,1,0,0,0,p
2026-04-10 21:12,1.131,0.005,1,0,0,0,p
2026-04-10 21:18,1.119,0.004,1,0,0,0,p
2026-04-10 21:24,1.107,0.005,0,0,0,0,p
2026-04-10 21:30,1.092,0.004,0,0,0,0,p
2026-04-10 21:36,1.075,0.007,0,0,0,0,p
2026-04-10 21:42,1.059,0.005,1,0,0,0,p
2026-04-10 21:48,1.043,0.007,0,0,0,0,p
2026-04-10 21:54,1.024,0.006,0,0,0,0,p
2026-04-10 22:00,1.004,0.006,0,0,0,0,p
2026-04-10 22:06,0.986,0.006,0,0,0,0,p
2026-04-10 22:12,0.964,0.007,0,0,0,0,p
2026-04-10 22:18,0.945,0.006,0,0,0,0,p
2026-04-10 22:24,0.923,0.006,0,0,0,0,p
2026-04-10 22:30,0.905,0.005,0,0,0,0,p
2026-04-10 22:36,0.885,0.006,0,0,0,0,p
2026-04-10 22:42,0.864,0.01,0,0,0,0,p
2026-04-10 22:48,0.839,0.006,0,0,0,0,p
2026-04-10 22:54,0.818,0.009,0,0,0,0,p
2026-04-10 23:00,0.795,0.005,1,0,0,0,p
2026-04-10 23:06,0.776,0.011,0,0,0,0,p
2026-04-10 23:12,0.752,0.013,1,0,0,0,p
2026-04-10 23:18,0.74,0.011,0,0,0,0,p
2026-04-10 23:24,0.723,0.006,0,0,0,0,p
2026-04-10 23:30,0.704,0.011,0,0,0,0,p
2026-04-10 23:36,0.685,0.003,1,0,0,0,p
2026-04-10 23:42,0.66,0.009,0,0,0,0,p
2026-04-10 23:48,0.648,0.007,1,0,0,0,p
2026-04-10 23:54,0.611,0.013,1,0,0,0,p
2026-04-11 0:00,0.602,0.003,1,0,0,0,p
2026-04-11 0:06,0.579,0.011,0,0,0,0,p
2026-04-11 0:12,0.565,0.004,0,0,0,0,p
2026-04-11 0:18,0.539,0.008,0,0,0,0,p
2026-04-11 0:24,0.527,0.006,0,0,0,0,p
2026-04-11 0:30,0.507,0.004,1,0,0,0,p
2026-04-11 0:36,0.493,0.012,0,0,0,0,p
2026-04-11 0:42,0.474,0.009,1,0,0,0,p
2026-04-11 0:48,0.46,0.002,0,0,0,0,p
2026-04-11 0:54,0.443,0.005,0,0,0,0,p
2026-04-11 1:00,0.435,0.007,0,0,0,0,p
2026-04-11 1:06,0.419,0.006,0,0,0,0,p
2026-04-11 1:12,0.405,0.002,0,0,0,0,p
2026-04-11 1:18,0.387,0.008,0,0,0,0,p
2026-04-11 1:24,0.38,0.003,0,0,0,0,p
2026-04-11 1:30,0.366,0.006,0,0,0,0,p
2026-04-11 1:36,0.354,0.003,0,0,0,0,p
2026-04-11 1:42,0.344,0.004,0,0,0,0,p
2026-04-11 1:48,0.337,0.001,0,0,0,0,p
2026-04-11 1:54,0.327,0.006,0,0,0,0,p
2026-04-11 2:00,0.319,0.002,1,0,0,0,p
2026-04-11 2:06,0.308,0.002,1,0,0,0,p
2026-04-11 2:12,0.311,0.003,0,0,0,0,p
2026-04-11 2:18,0.306,0.002,1,0,0,0,p
2026-04-11 2:24,0.304,0.005,1,0,0,0,p
2026-04-11 2:30,0.306,0.003,0,0,0,0,p
2026-04-11 2:36,0.309,0.003,0,0,0,0,p
2026-04-11 2:42,0.313,0.001,1,0,0,0,p
2026-04-11 2:48,0.318,0.004,0,0,0,0,p
2026-04-11 2:54,0.326,0.001,0,0,0,0,p
2026-04-11 3:00,0.334,0.004,0,0,0,0,p
2026-04-11 3:06,0.339,0.002,0,0,0,0,p
2026-04-11 3:12,0.346,0.004,0,0,0,0,p
2026-04-11 3:18,0.359,0.003,0,0,0,0,p
2026-04-11 3:24,0.372,0.005,0,0,0,0,p
2026-04-11 3:30,0.388,0.004,0,0,0,0,p
2026-04-11 3:36,0.406,0.005,0,0,0,0,p
2026-04-11 3:42,0.424,0.006,0,0,0,0,p
2026-04-11 3:48,0.443,0.005,0,0,0,0,p
2026-04-11 3:54,0.463,0.008,0,0,0,0,p
2026-04-11 4:00,0.489,0.007,0,0,0,0,p
2026-04-11 4:06,0.511,0.006,0,0,0,0,p
2026-04-11 4:12,0.534,0.007,0,0,0,0,p
2026-04-11 4:18,0.557,0.007,0,0,0,0,p
2026-04-11 4:24,0.582,0.007,0,0,0,0,p
2026-04-11 4:30,0.607,0.009,0,0,0,0,p
2026-04-11 4:36,0.635,0.007,0,0,0,0,p
2026-04-11 4:42,0.659,0.008,0,0,0,0,p
2026-04-11 4:48,0.684,0.008,0,0,0,0,p
2026-04-11 4:54,0.712,0.009,0,0,0,0,p
2026-04-11 5:00,0.739,0.008,0,0,0,0,p
2026-04-11 5:06,0.767,0.008,0,0,0,0,p
2026-04-11 5:12,0.793,0.007,0,0,0,0,p
2026-04-11 5:18,0.816,0.007,0,0,0,0,p
2026-04-11 5:24,0.84,0.007,0,0,0,0,p
2026-04-11 5:30,0.865,0.008,0,0,0,0,p
2026-04-11 5:36,0.89,0.007,0,0,0,0,p
2026-04-11 5:42,0.916,0.008,0,0,0,0,p
2026-04-11 5:48,0.941,0.006,0,0,0,0,p
2026-04-11 5:54,0.97,0.011,0,0,0,0,p
2026-04-11 6:00,0.99,0.006,0,0,0,0,p
2026-04-11 6:06,1.019,0.011,0,0,0,0,p
2026-04-11 6:12,1.038,0.006,0,0,0,0,p
2026-04-11 6:18,1.069,0.008,0,0,0,0,p
2026-04-11 6:24,1.089,0.009,0,0,0,0,p
2026-04-11 6:30,1.113,0.009,0,0,0,0,p
2026-04-11 6:36,1.129,0.011,0,0,0,0,p
2026-04-11 6:42,1.152,0.005,0,0,0,0,p
2026-04-11 6:48,1.166,0.009,0,0,0,0,p
2026-04-11 6:54,1.199,0.006,0,0,0,0,p
2026-04-11 7:00,1.207,0.013,0,0,0,0,p
2026-04-11 7:06,1.228,0.006,0,0,0,0,p
2026-04-11 7:12,1.242,0.003,0,0,0,0,p
2026-04-11 7:18,1.263,0.011,0,0,0,0,p
2026-04-11 7:24,1.27,0.004,0,0,0,0,p
2026-04-11 7:30,1.285,0.011,0,0,0,0,p
2026-04-11 7:36,1.295,0.006,0,0,0,0,p
2026-04-11 7:42,1.313,0.002,0,0,0,0,p
2026-04-11 7:48,1.318,0.007,0,0,0,0,p
2026-04-11 7:54,1.332,0.004,0,0,0,0,p
2026-04-11 8:00,1.336,0.007,0,0,0,0,p
2026-04-11 8:06,1.35,0.003,0,0,0,0,p
2026-04-11 8:12,1.354,0.006,0,0,0,0,p
2026-04-11 8:18,1.362,0.002,0,0,0,0,p
2026-04-11 8:24,1.365,0.002,0,0,0,0,p
2026-04-11 8:30,1.366,0.001,0,0,0,0,p
2026-04-11 8:36,1.369,0.001,1,0,0,0,p
2026-04-11 8:42,1.368,0.001,1,0,0,0,p
2026-04-11 8:48,1.373,0.002,1,0,0,0,p
2026-04-11 8:54,1.38,0.002,0,0,0,0,p
2026-04-11 9:00,1.379,0.002,0,0,0,0,p
2026-04-11 9:06,1.372,0.002,0,0,0,0,p
2026-04-11 9:12,1.365,0.003,0,0,0,0,p
2026-04-11 9:18,1.359,0.001,1,0,0,0,p
2026-04-11 9:24,1.356,0.001,1,0,0,0,p
2026-04-11 9:30,1.35,0.003,0,0,0,0,p
2026-04-11 9:36,1.34,0.003,0,0,0,0,p
2026-04-11 9:42,1.327,0.005,0,0,0,0,p
2026-04-11 9:48,1.312,0.004,0,0,0,0,p
2026-04-11 9:54,1.297,0.004,0,0,0,0,p
2026-04-11 10:00,1.284,0.004,0,0,0,0,p
2026-04-11 10:06,1.272,0.003,0,0,0,0,p
2026-04-11 10:12,1.265,0.004,1,0,0,0,p
2026-04-11 10:18,1.222,0.022,1,0,0,0,p
2026-04-11 10:24,1.193,0.006,0,0,0,0,p
2026-04-11 10:30,1.174,0.014,0,0,0,0,p
2026-04-11 10:36,1.155,0.002,1,0,0,0,p
2026-04-11 10:42,1.125,0.013,1,0,0,0,p
2026-04-11 10:48,1.105,0.009,0,0,0,0,p
2026-04-11 10:54,1.066,0.009,0,0,0,0,p
2026-04-11 11:00,1.042,0.008,0,0,0,0,p
2026-04-11 11:06,1.019,0.005,0,0,0,0,p
2026-04-11 11:12,0.997,0.01,0,0,0,0,p
2026-04-11 11:18,0.969,0.006,0,0,0,0,p
2026-04-11 11:24,0.939,0.011,0,0,0,0,p
2026-04-11 11:30,0.908,0.009,0,0,0,0,p
2026-04-11 11:36,0.882,0.009,0,0,0,0,p
2026-04-11 11:42,0.851,0.009,0,0,0,0,p
2026-04-11 11:48,0.821,0.009,0,0,0,0,p
2026-04-11 11:54,0.793,0.009,0,0,0,0,p
2026-04-11 12:00,0.763,0.008,0,0,0,0,p
2026-04-11 12:06,0.737,0.008,0,0,0,0,p
2026-04-11 12:12,0.716,0.006,0,0,0,0,p
2026-04-11 12:18,0.696,0.006,0,0,0,0,p
2026-04-11 12:24,0.674,0.006,0,0,0,0,p
2026-04-11 12:30,0.653,0.007,0,0,0,0,p
2026-04-11 12:36,0.629,0.006,0,0,0,0,p
2026-04-11 12:42,0.608,0.006,0,0,0,0,p
2026-04-11 12:48,0.589,0.005,0,0,0,0,p
2026-04-11 12:54,0.569,0.007,0,0,0,0,p
2026-04-11 13:00,0.55,0.005,1,0,0,0,p
2026-04-11 13:06,0.534,0.006,0,0,0,0,p
2026-04-11 13:12,0.515,0.007,0,0,0,0,p
2026-04-11 13:18,0.494,0.006,0,0,0,0,p
2026-04-11 13:24,0.472,0.006,0,0,0,0,p
2026-04-11 13:30,0.451,0.007,0,0,0,0,p
2026-04-11 13:36,0.43,0.006,0,0,0,0,p
2026-04-11 13:42,0.408,0.007,0,0,0,0,p
2026-04-11 13:48,0.389,0.005,0,0,0,0,p
2026-04-11 13:54,0.367,0.008,0,0,0,0,p
2026-04-11 14:00,0.347,0.004,0,0,0,0,p
2026-04-11 14:06,0.332,0.004,0,0,0,0,p
2026-04-11 14:12,0.317,0.005,0,0,0,0,p
2026-04-11 14:18,0.302,0.004,0,0,0,0,p
2026-04-11 14:24,0.287,0.005,0,0,0,0,p
2026-04-11 14:30,0.273,0.005,0,0,0,0,p
2026-04-11 14:36,0.259,0.004,1,0,0,0,p
2026-04-11 14:42,0.245,0.005,0,0,0,0,p
2026-04-11 14:48,0.233,0.004,0,0,0,0,p
2026-04-11 14:54,0.224,0.003,0,0,0,0,p
2026-04-11 15:00,0.217,0.002,1,0,0,0,p
2026-04-11 15:06,0.204,0.006,0,0,0,0,p
2026-04-11 15:12,0.197,0.002,1,0,0,0,p
2026-04-11 15:18,0.195,0.002,1,0,0,0,p
2026-04-11 15:24,0.194,0.002,0,0,0,0,p
2026-04-11 15:30,0.196,0.002,1,0,0,0,p
2026-04-11 15:36,0.198,0.002,1,0,0,0,p
2026-04-11 15:42,0.201,0.003,0,0,0,0,p
2026-04-11 15:48,0.205,0.003,1,0,0,0,p
2026-04-11 15:54,0.21,0.004,1,0,0,0,p
2026-04-11 16:00,0.22,0.006,0,0,0,0,p
2026-04-11 16:06,0.236,0.006,0,0,0,0,p
2026-04-11 16:12,0.255,0.008,0,0,0,0,p
2026-04-11 16:18,0.282,0.009,0,0,0,0,p
2026-04-11 16:24,0.264,0.007,0,0,0,0,p
2026-04-11 16:30,0.283,0.007,0,0,0,0,p
2026-04-11 16:36,0.308,0.009,0,0,0,0,p
2026-04-11 16:42,0.321,0.017,0,0,0,0,p
2026-04-11 16:48,0.355,0.007,0,0,0,0,p
2026-04-11 16:54,0.384,0.011,0,0,0,0,p
2026-04-11 17:00,0.409,0.007,0,0,0,0,p
2026-04-11 17:06,0.429,0.012,0,0,0,0,p
2026-04-11 17:12,0.455,0.008,0,0,0,0,p
2026-04-11 17:18,0.493,0.015,0,0,0,0,p
2026-04-11 17:24,0.523,0.009,1,0,0,0,p
2026-04-11 17:30,0.552,0.014,0,0,0,0,p
2026-04-11 17:36,0.582,0.008,1,0,0,0,p
2026-04-11 17:42,0.614,0.009,1,0,0,0,p
2026-04-11 17:48,0.641,0.014,1,0,0,0,p
2026-04-11 17:54,0.674,0.012,1,0,0,0,p
2026-04-11 18:00,0.703,0.011,0,0,0,0,p
2026-04-11 18:06,0.737,0.01,0,0,0,0,p
2026-04-11 18:12,0.765,0.009,1,0,0,0,p
2026-04-11 18:18,0.794,0.01,0,0,0,0,p
2026-04-11 18:24,0.817,0.011,1,0,0,0,p
2026-04-11 18:30,0.845,0.022,1,0,0,0,p
2026-04-11 18:36,0.873,0.012,1,0,0,0,p
2026-04-11 18:42,0.896,0.01,0,0,0,0,p
2026-04-11 18:48,0.918,0.01,1,0,0,0,p
2026-04-11 18:54,0.941,0.009,0,0,0,0,p
2026-04-11 19:00,0.963,0.007,1,0,0,0,p
2026-04-11 19:06,0.982,0.007,1,0,0,0,p
2026-04-11 19:12,1.003,0.011,1,0,0,0,p
2026-04-11 19:18,1.023,0.01,1,0,0,0,p
2026-04-11 19:24,1.042,0.01,1,0,0,0,p
2026-04-11 19:30,1.06,0.011,1,0,0,0,p
2026-04-11 19:36,1.076,0.012,1,0,0,0,p
2026-04-11 19:42,1.093,0.012,0,0,0,0,p
2026-04-11 19:48,1.11,0.009,1,0,0,0,p
2026-04-11 19:54,1.126,0.006,1,0,0,0,p
2026-04-11 20:00,1.139,0.007,1,0,0,0,p
2026-04-11 20:06,1.15,0.011,1,0,0,0,p
2026-04-11 20:12,1.161,0.008,0,0,0,0,p
2026-04-11 20:18,1.171,0.006,1,0,0,0,p
2026-04-11 20:24,1.18,0.009,1,0,0,0,p
2026-04-11 20:30,1.188,0.008,1,0,0,0,p
2026-04-11 20:36,1.194,0.007,0,0,0,0,p
2026-04-11 20:42,1.203,0.009,1,0,0,0,p
2026-04-11 20:48,1.211,0.009,1,0,0,0,p
2026-04-11 20:54,1.21,0.012,1,0,0,0,p
2026-04-11 21:00,1.216,0.01,1,0,0,0,p
2026-04-11 21:06,1.217,0.011,0,0,0,0,p
2026-04-11 21:12,1.218,0.009,1,0,0,0,p
2026-04-11 21:18,1.215,0.006,0,0,0,0,p
2026-04-11 21:24,1.217,0.01,0,0,0,0,p
2026-04-11 21:30,1.211,0.005,0,0,0,0,p
2026-04-11 21:36,1.206,0.004,1,0,0,0,p
2026-04-11 21:42,1.202,0.006,0,0,0,0,p
2026-04-11 21:48,1.195,0.005,1,0,0,0,p
2026-04-11 21:54,1.183,0.009,1,0,0,0,p
2026-04-11 22:00,1.174,0.005,1,0,0,0,p
2026-04-11 22:06,1.161,0.006,1,0,0,0,p
2026-04-11 22:12,1.153,0.007,0,0,0,0,p
2026-04-11 22:18,1.131,0.004,1,0,0,0,p
2026-04-11 22:24,1.123,0.007,1,0,0,0,p
2026-04-11 22:30,1.099,0.006,1,0,0,0,p
2026-04-11 22:36,1.086,0.008,0,0,0,0,p
2026-04-11 22:42,1.064,0.008,0,0,0,0,p
2026-04-11 22:48,1.043,0.007,0,0,0,0,p
2026-04-11 22:54,1.017,0.007,0,0,0,0,p
2026-04-11 23:00,0.991,0.009,0,0,0,0,p
2026-04-11 23:06,0.966,0.008,1,0,0,0,p
2026-04-11 23:12,0.939,0.014,0,0,0,0,p
2026-04-11 23:18,0.917,0.008,0,0,0,0,p
2026-04-11 23:24,0.893,0.006,0,0,0,0,p
2026-04-11 23:30,0.873,0.008,0,0,0,0,p
2026-04-11 23:36,0.85,0.011,1,0,0,0,p
2026-04-11 23:42,0.827,0.008,0,0,0,0,p
2026-04-11 23:48,0.801,0.008,0,0,0,0,p
2026-04-11 23:54,0.775,0.009,0,0,0,0,p
2026-04-12 0:00,0.751,0.008,0,0,0,0,p
2026-04-12 0:06,0.731,0.006,0,0,0,0,p
2026-04-12 0:12,0.708,0.006,0,0,0,0,p
2026-04-12 0:18,0.687,0.006,0,0,0,0,p
2026-04-12 0:24,0.667,0.007,0,0,0,0,p
2026-04-12 0:30,0.641,0.009,0,0,0,0,p
2026-04-12 0:36,0.615,0.007,0,0,0,0,p
2026-04-12 0:42,0.594,0.006,0,0,0,0,p
2026-04-12 0:48,0.577,0.005,0,0,0,0,p
2026-04-12 0:54,0.559,0.006,0,0,0,0,p
2026-04-12 1:00,0.539,0.005,0,0,0,0,p
2026-04-12 1:06,0.522,0.005,0,0,0,0,p
2026-04-12 1:12,0.504,0.006,0,0,0,0,p
2026-04-12 1:18,0.487,0.005,0,0,0,0,p
2026-04-12 1:24,0.471,0.005,0,0,0,0,p
2026-04-12 1:30,0.452,0.006,0,0,0,0,p
2026-04-12 1:36,0.432,0.007,0,0,0,0,p
2026-04-12 1:42,0.414,0.007,0,0,0,0,p
2026-04-12 1:48,0.395,0.007,0,0,0,0,p
2026-04-12 1:54,0.378,0.005,0,0,0,0,p
2026-04-12 2:00,0.364,0.004,0,0,0,0,p
2026-04-12 2:06,0.352,0.004,0,0,0,0,p
2026-04-12 2:12,0.338,0.004,0,0,0,0,p
2026-04-12 2:18,0.324,0.004,0,0,0,0,p
2026-04-12 2:24,0.309,0.004,0,0,0,0,p
2026-04-12 2:30,0.295,0.005,0,0,0,0,p
2026-04-12 2:36,0.28,0.004,0,0,0,0,p
2026-04-12 2:42,0.264,0.004,0,0,0,0,p
2026-04-12 2:48,0.252,0.003,0,0,0,0,p
2026-04-12 2:54,0.241,0.003,0,0,0,0,p
2026-04-12 3:00,0.231,0.004,1,0,0,0,p
2026-04-12 3:06,0.221,0.003,0,0,0,0,p
2026-04-12 3:12,0.213,0.002,1,0,0,0,p
2026-04-12 3:18,0.206,0.003,1,0,0,0,p
2026-04-12 3:24,0.199,0.002,1,0,0,0,p
2026-04-12 3:30,0.195,0.002,1,0,0,0,p
2026-04-12 3:36,0.194,0.001,1,0,0,0,p
2026-04-12 3:42,0.196,0.001,1,0,0,0,p
2026-04-12 3:48,0.199,0.001,1,0,0,0,p
2026-04-12 3:54,0.203,0.002,1,0,0,0,p
2026-04-12 4:00,0.208,0.002,1,0,0,0,p
2026-04-12 4:06,0.214,0.002,0,0,0,0,p
2026-04-12 4:12,0.221,0.003,0,0,0,0,p
2026-04-12 4:18,0.232,0.003,0,0,0,0,p
2026-04-12 4:24,0.246,0.004,0,0,0,0,p
2026-04-12 4:30,0.26,0.005,0,0,0,0,p
2026-04-12 4:36,0.277,0.005,0,0,0,0,p
2026-04-12 4:42,0.295,0.005,0,0,0,0,p
2026-04-12 4:48,0.315,0.007,0,0,0,0,p
2026-04-12 4:54,0.338,0.007,0,0,0,0,p
2026-04-12 5:00,0.362,0.007,0,0,0,0,p
2026-04-12 5:06,0.385,0.007,0,0,0,0,p
2026-04-12 5:12,0.41,0.008,0,0,0,0,p
2026-04-12 5:18,0.437,0.008,0,0,0,0,p
2026-04-12 5:24,0.467,0.009,0,0,0,0,p
2026-04-12 5:30,0.498,0.009,0,0,0,0,p
2026-04-12 5:36,0.527,0.009,0,0,0,0,p
2026-04-12 5:42,0.557,0.008,0,0,0,0,p
2026-04-12 5:48,0.586,0.009,1,0,0,0,p
2026-04-12 5:54,0.618,0.01,1,0,0,0,p
2026-04-12 6:00,0.65,0.01,0,0,0,0,p
2026-04-12 6:06,0.683,0.01,0,0,0,0,p
2026-04-12 6:12,0.714,0.01,0,0,0,0,p
2026-04-12 6:18,0.745,0.009,0,0,0,0,p
2026-04-12 6:24,0.775,0.008,0,0,0,0,p
2026-04-12 6:30,0.803,0.008,0,0,0,0,p
2026-04-12 6:36,0.832,0.009,0,0,0,0,p
2026-04-12 6:42,0.861,0.008,0,0,0,0,p
2026-04-12 6:48,0.889,0.008,0,0,0,0,p
2026-04-12 6:54,0.916,0.008,0,0,0,0,p
2026-04-12 7:00,0.943,0.007,0,0,0,0,p
2026-04-12 7:06,0.968,0.008,0,0,0,0,p
2026-04-12 7:12,0.994,0.008,0,0,0,0,p
2026-04-12 7:18,1.019,0.007,0,0,0,0,p
2026-04-12 7:24,1.043,0.007,0,0,0,0,p
2026-04-12 7:30,1.067,0.007,0,0,0,0,p
2026-04-12 7:36,1.089,0.006,0,0,0,0,p
2026-04-12 7:42,1.109,0.006,0,0,0,0,p
2026-04-12 7:48,1.129,0.006,0,0,0,0,p
2026-04-12 7:54,1.15,0.006,0,0,0,0,p
2026-04-12 8:00,1.169,0.005,0,0,0,0,p
2026-04-12 8:06,1.186,0.005,0,0,0,0,p
2026-04-12 8:12,1.201,0.004,0,0,0,0,p
2026-04-12 8:18,1.217,0.005,0,0,0,0,p
2026-04-12 8:24,1.231,0.004,0,0,0,0,p
2026-04-12 8:30,1.244,0.004,0,0,0,0,p
2026-04-12 8:36,1.258,0.004,0,0,0,0,p
2026-04-12 8:42,1.27,0.003,0,0,0,0,p
2026-04-12 8:48,1.281,0.003,0,0,0,0,p
2026-04-12 8:54,1.29,0.002,0,0,0,0,p
2026-04-12 9:00,1.3,0.003,0,0,0,0,p
2026-04-12 9:06,1.308,0.002,1,0,0,0,p
2026-04-12 9:12,1.315,0.002,0,0,0,0,p
2026-04-12 9:18,1.321,0.002,0,0,0,0,p
2026-04-12 9:24,1.327,0.002,0,0,0,0,p
2026-04-12 9:30,1.332,0.001,0,0,0,0,p
2026-04-12 9:36,1.337,0.002,0,0,0,0,p
2026-04-12 9:42,1.341,0.001,0,0,0,0,p
2026-04-12 9:48,1.344,0.001,1,0,0,0,p
2026-04-12 9:54,1.345,0.001,1,0,0,0,p
2026-04-12 10:00,1.343,0.001,1,0,0,0,p
2026-04-12 10:06,1.341,0.001,1,0,0,0,p
2026-04-12 10:12,1.337,0.001,1,0,0,0,p
2026-04-12 10:18,1.332,0.001,1,0,0,0,p
2026-04-12 10:24,1.328,0.001,1,0,0,0,p
2026-04-12 10:30,1.321,0.002,0,0,0,0,p
2026-04-12 10:36,1.312,0.003,1,0,0,0,p
2026-04-12 10:42,1.299,0.005,0,0,0,0,p
2026-04-12 10:48,1.286,0.004,0,0,0,0,p
2026-04-12 10:54,1.271,0.005,0,0,0,0,p
2026-04-12 11:00,1.256,0.005,1,0,0,0,p
2026-04-12 11:06,1.242,0.006,0,0,0,0,p
2026-04-12 11:12,1.224,0.005,0,0,0,0,p
2026-04-12 11:18,1.205,0.008,0,0,0,0,p
2026-04-12 11:24,1.184,0.008,1,0,0,0,p
2026-04-12 11:30,1.159,0.008,0,0,0,0,p
2026-04-12 11:36,1.134,0.008,0,0,0,0,p
2026-04-12 11:42,1.108,0.009,0,0,0,0,p
2026-04-12 11:48,1.081,0.008,0,0,0,0,p
2026-04-12 11:54,1.054,0.008,0,0,0,0,p
2026-04-12 12:00,1.027,0.009,0,0,0,0,p
2026-04-12 12:06,1.001,0.008,0,0,0,0,p
2026-04-12 12:12,0.974,0.008,0,0,0,0,p
2026-04-12 12:18,0.947,0.008,0,0,0,0,p
2026-04-12 12:24,0.919,0.009,0,0,0,0,p
2026-04-12 12:30,0.891,0.008,0,0,0,0,p
2026-04-12 12:36,0.862,0.009,0,0,0,0,p
2026-04-12 12:42,0.833,0.009,0,0,0,0,p
2026-04-12 12:48,0.807,0.007,0,0,0,0,p
2026-04-12 12:54,0.781,0.008,0,0,0,0,p
2026-04-12 13:00,0.753,0.008,1,0,0,0,p
2026-04-12 13:06,0.726,0.007,0,0,0,0,p
2026-04-12 13:12,0.697,0.012,1,0,0,0,p
2026-04-12 13:18,0.672,0.007,1,0,0,0,p
2026-04-12 13:24,0.651,0.008,1,0,0,0,p
2026-04-12 13:30,0.631,0.007,1,0,0,0,p
2026-04-12 13:36,0.614,0.007,0,0,0,0,p
2026-04-12 13:42,0.593,0.007,1,0,0,0,p
2026-04-12 13:48,0.569,0.008,1,0,0,0,p
2026-04-12 13:54,0.551,0.008,1,0,0,0,p
2026-04-12 14:00,0.527,0.008,1,0,0,0,p
2026-04-12 14:06,0.506,0.006,1,0,0,0,p
2026-04-12 14:12,0.489,0.008,1,0,0,0,p
2026-04-12 14:18,0.468,0.008,1,0,0,0,p
2026-04-12 14:24,0.45,0.007,1,0,0,0,p
2026-04-12 14:30,0.43,0.008,1,0,0,0,p
2026-04-12 14:36,0.41,0.009,1,0,0,0,p
2026-04-12 14:42,0.397,0.005,1,0,0,0,p
2026-04-12 14:48,0.378,0.008,1,0,0,0,p
2026-04-12 14:54,0.358,0.007,0,0,0,0,p
2026-04-12 15:00,0.335,0.008,1,0,0,0,p
2026-04-12 15:06,0.314,0.007,0,0,0,0,p
2026-04-12 15:12,0.297,0.007,1,0,0,0,p
2026-04-12 15:18,0.282,0.005,1,0,0,0,p
2026-04-12 15:24,0.268,0.006,1,0,0,0,p
2026-04-12 15:30,0.249,0.008,0,0,0,0,p
2026-04-12 15:36,0.233,0.005,1,0,0,0,p
2026-04-12 15:42,0.22,0.007,0,0,0,0,p
2026-04-12 15:48,0.207,0.006,1,0,0,0,p
2026-04-12 15:54,0.193,0.006,1,0,0,0,p
2026-04-12 16:00,0.184,0.006,0,0,0,0,p
2026-04-12 16:06,0.173,0.005,0,0,0,0,p
2026-04-12 16:12,0.166,0.005,1,0,0,0,p
2026-04-12 16:18,0.158,0.005,1,0,0,0,p
2026-04-12 16:24,0.152,0.006,1,0,0,0,p
2026-04-12 16:30,0.148,0.005,1,0,0,0,p
2026-04-12 16:36,0.146,0.005,1,0,0,0,p
2026-04-12 16:42,0.149,0.005,1,0,0,0,p
2026-04-12 16:48,0.155,0.005,1,0,0,0,p
2026-04-12 16:54,0.162,0.005,1,0,0,0,p
2026-04-12 17:00,0.169,0.006,1,0,0,0,p
2026-04-12 17:06,0.181,0.009,1,0,0,0,p
2026-04-12 17:12,0.197,0.013,1,0,0,0,p
2026-04-12 17:18,0.213,0.01,1,0,0,0,p
2026-04-12 17:24,0.238,0.009,0,0,0,0,p
2026-04-12 17:30,0.255,0.008,1,0,0,0,p
2026-04-12 17:36,0.277,0.008,0,0,0,0,p
2026-04-12 17:42,0.3,0.013,0,0,0,0,p
2026-04-12 17:48,0.332,0.013,1,0,0,0,p
2026-04-12 17:54,0.367,0.012,0,0,0,0,p
2026-04-12 18:00,0.394,0.01,1,0,0,0,p
2026-04-12 18:06,0.422,0.011,1,0,0,0,p
2026-04-12 18:12,0.452,0.014,1,0,0,0,p
2026-04-12 18:18,0.486,0.016,1,0,0,0,p
2026-04-12 18:24,0.52,0.011,0,0,0,0,p
2026-04-12 18:30,0.55,0.016,0,0,0,0,p
2026-04-12 18:36,0.587,0.012,0,0,0,0,p
2026-04-12 18:42,0.622,0.019,1,0,0,0,p
2026-04-12 18:48,0.657,0.014,1,0,0,0,p
2026-04-12 18:54,0.691,0.016,1,0,0,0,p
2026-04-12 19:00,0.725,0.017,0,0,0,0,p
2026-04-12 19:06,0.757,0.01,1,0,0,0,p
2026-04-12 19:12,0.79,0.014,1,0,0,0,p
2026-04-12 19:18,0.823,0.011,0,0,0,0,p
2026-04-12 19:24,0.849,0.016,1,0,0,0,p
2026-04-12 19:30,0.876,0.01,1,0,0,0,p
2026-04-12 19:36,0.902,0.011,1,0,0,0,p
2026-04-12 19:42,0.928,0.007,1,0,0,0,p
2026-04-12 19:48,0.953,0.011,0,0,0,0,p
2026-04-12 19:54,0.977,0.011,1,0,0,0,p
2026-04-12 20:00,1,0.01,1,0,0,0,p
2026-04-12 20:06,1.022,0.008,1,0,0,0,p
2026-04-12 20:12,1.041,0.008,1,0,0,0,p
2026-04-12 20:18,1.059,0.008,1,0,0,0,p
2026-04-12 20:24,1.073,0.01,1,0,0,0,p
2026-04-12 20:30,1.093,0.009,1,0,0,0,p
2026-04-12 20:36,1.107,0.008,1,0,0,0,p
2026-04-12 20:42,1.125,0.007,1,0,0,0,p
2026-04-12 20:48,1.138,0.008,0,0,0,0,p
2026-04-12 20:54,1.153,0.008,1,0,0,0,p
2026-04-12 21:00,1.165,0.006,1,0,0,0,p
2026-04-12 21:06,1.175,0.007,1,0,0,0,p
2026-04-12 21:12,1.188,0.007,1,0,0,0,p
2026-04-12 21:18,1.2,0.006,1,0,0,0,p
2026-04-12 21:24,1.208,0.006,1,0,0,0,p
2026-04-12 21:30,1.212,0.006,1,0,0,0,p
2026-04-12 21:36,1.216,0.007,1,0,0,0,p
2026-04-12 21:42,1.22,0.007,1,0,0,0,p
2026-04-12 21:48,1.225,0.006,1,0,0,0,p
2026-04-12 21:54,1.23,0.005,1,0,0,0,p
2026-04-12 22:00,1.234,0.005,1,0,0,0,p
2026-04-12 22:06,1.234,0.005,1,0,0,0,p
2026-04-12 22:12,1.234,0.007,1,0,0,0,p
2026-04-12 22:18,1.233,0.006,1,0,0,0,p
2026-04-12 22:24,1.231,0.005,0,0,0,0,p
2026-04-12 22:30,1.225,0.005,1,0,0,0,p
2026-04-12 22:36,1.217,0.009,1,0,0,0,p
2026-04-12 22:42,1.209,0.007,1,0,0,0,p
2026-04-12 22:48,1.2,0.007,1,0,0,0,p
2026-04-12 22:54,1.189,0.005,1,0,0,0,p
2026-04-12 23:00,1.177,0.005,1,0,0,0,p
2026-04-12 23:06,1.162,0.009,1,0,0,0,p
2026-04-12 23:12,1.148,0.008,1,0,0,0,p
2026-04-12 23:18,1.136,0.008,1,0,0,0,p
2026-04-12 23:24,1.119,0.006,1,0,0,0,p
2026-04-12 23:30,1.104,0.005,1,0,0,0,p
2026-04-12 23:36,1.087,0.008,0,0,0,0,p
2026-04-12 23:42,1.067,0.007,0,0,0,0,p
2026-04-12 23:48,1.044,0.007,0,0,0,0,p
2026-04-12 23:54,1.018,0.009,0,0,0,0,p
2026-04-13 0:00,0.995,0.009,0,0,0,0,p
2026-04-13 0:06,0.969,0.007,1,0,0,0,p
2026-04-13 0:12,0.946,0.005,1,0,0,0,p
2026-04-13 0:18,0.927,0.006,1,0,0,0,p
2026-04-13 0:24,0.906,0.007,0,0,0,0,p
2026-04-13 0:30,0.883,0.007,0,0,0,0,p
2026-04-13 0:36,0.859,0.008,0,0,0,0,p
2026-04-13 0:42,0.834,0.007,0,0,0,0,p
2026-04-13 0:48,0.812,0.007,0,0,0,0,p
2026-04-13 0:54,0.788,0.008,0,0,0,0,p
2026-04-13 1:00,0.763,0.007,0,0,0,0,p
2026-04-13 1:06,0.741,0.007,0,0,0,0,p
2026-04-13 1:12,0.719,0.007,0,0,0,0,p
2026-04-13 1:18,0.696,0.006,0,0,0,0,p
2026-04-13 1:24,0.673,0.007,0,0,0,0,p
2026-04-13 1:30,0.648,0.007,0,0,0,0,p
2026-04-13 1:36,0.627,0.006,0,0,0,0,p
2026-04-13 1:42,0.606,0.007,0,0,0,0,p
2026-04-13 1:48,0.585,0.005,0,0,0,0,p
2026-04-13 1:54,0.565,0.006,0,0,0,0,p
2026-04-13 2:00,0.545,0.006,0,0,0,0,p
2026-04-13 2:06,0.527,0.006,0,0,0,0,p
2026-04-13 2:12,0.509,0.006,1,0,0,0,p
2026-04-13 2:18,0.487,0.007,0,0,0,0,p
2026-04-13 2:24,0.47,0.005,0,0,0,0,p
2026-04-13 2:30,0.456,0.005,0,0,0,0,p
2026-04-13 2:36,0.439,0.005,0,0,0,0,p
2026-04-13 2:42,0.419,0.007,1,0,0,0,p
2026-04-13 2:48,0.398,0.006,0,0,0,0,p
2026-04-13 2:54,0.384,0.004,0,0,0,0,p
2026-04-13 3:00,0.367,0.005,0,0,0,0,p
2026-04-13 3:06,0.349,0.005,0,0,0,0,p
2026-04-13 3:12,0.332,0.005,0,0,0,0,p
2026-04-13 3:18,0.312,0.006,0,0,0,0,p
2026-04-13 3:24,0.294,0.006,0,0,0,0,p
2026-04-13 3:30,0.275,0.006,0,0,0,0,p
2026-04-13 3:36,0.257,0.006,1,0,0,0,p
2026-04-13 3:42,0.239,0.006,0,0,0,0,p
2026-04-13 3:48,0.221,0.006,1,0,0,0,p
2026-04-13 3:54,0.206,0.005,0,0,0,0,p
2026-04-13 4:00,0.194,0.003,1,0,0,0,p
2026-04-13 4:06,0.18,0.005,1,0,0,0,p
2026-04-13 4:12,0.166,0.004,1,0,0,0,p
2026-04-13 4:18,0.154,0.004,0,0,0,0,p
2026-04-13 4:24,0.142,0.003,0,0,0,0,p
2026-04-13 4:30,0.133,0.003,0,0,0,0,p
2026-04-13 4:36,0.126,0.002,0,0,0,0,p
2026-04-13 4:42,0.12,0.001,0,0,0,0,p
2026-04-13 4:48,0.117,0.002,0,0,0,0,p
2026-04-13 4:54,0.115,0.001,1,0,0,0,p
2026-04-13 5:00,0.117,0.002,1,0,0,0,p
2026-04-13 5:06,0.123,0.003,1,0,0,0,p
2026-04-13 5:12,0.129,0.003,0,0,0,0,p
2026-04-13 5:18,0.139,0.003,1,0,0,0,p
2026-04-13 5:24,0.15,0.005,1,0,0,0,p
2026-04-13 5:30,0.165,0.006,1,0,0,0,p
2026-04-13 5:36,0.182,0.006,0,0,0,0,p
2026-04-13 5:42,0.203,0.007,0,0,0,0,p
2026-04-13 5:48,0.228,0.008,0,0,0,0,p
2026-04-13 5:54,0.255,0.008,0,0,0,0,p
2026-04-13 6:00,0.284,0.009,0,0,0,0,p
2026-04-13 6:06,0.315,0.009,0,0,0,0,p
2026-04-13 6:12,0.345,0.009,0,0,0,0,p
2026-04-13 6:18,0.375,0.009,0,0,0,0,p
2026-04-13 6:24,0.406,0.01,0,0,0,0,p
2026-04-13 6:30,0.438,0.01,0,0,0,0,p
2026-04-13 6:36,0.47,0.01,0,0,0,0,p
2026-04-13 6:42,0.502,0.01,0,0,0,0,p
2026-04-13 6:48,0.536,0.01,0,0,0,0,p
2026-04-13 6:54,0.57,0.011,0,0,0,0,p
2026-04-13 7:00,0.606,0.011,0,0,0,0,p
2026-04-13 7:06,0.641,0.011,0,0,0,0,p
2026-04-13 7:12,0.676,0.01,0,0,0,0,p
2026-04-13 7:18,0.711,0.01,0,0,0,0,p
2026-04-13 7:24,0.744,0.01,0,0,0,0,p
2026-04-13 7:30,0.775,0.009,0,0,0,0,p
2026-04-13 7:36,0.806,0.009,0,0,0,0,p
2026-04-13 7:42,0.836,0.009,0,0,0,0,p
2026-04-13 7:48,0.867,0.009,0,0,0,0,p
2026-04-13 7:54,0.896,0.008,0,0,0,0,p
2026-04-13 8:00,0.925,0.009,0,0,0,0,p
2026-04-13 8:06,0.954,0.008,0,0,0,0,p
2026-04-13 8:12,0.982,0.008,0,0,0,0,p
2026-04-13 8:18,1.009,0.008,0,0,0,0,p
2026-04-13 8:24,1.035,0.008,0,0,0,0,p
2026-04-13 8:30,1.06,0.007,0,0,0,0,p
2026-04-13 8:36,1.084,0.007,0,0,0,0,p
2026-04-13 8:42,1.107,0.007,0,0,0,0,p
2026-04-13 8:48,1.131,0.007,0,0,0,0,p
2026-04-13 8:54,1.152,0.006,0,0,0,0,p
2026-04-13 9:00,1.171,0.006,0,0,0,0,p
2026-04-13 9:06,1.191,0.006,0,0,0,0,p
2026-04-13 9:12,1.208,0.005,0,0,0,0,p
2026-04-13 9:18,1.225,0.004,0,0,0,0,p
2026-04-13 9:24,1.239,0.005,0,0,0,0,p
2026-04-13 9:30,1.253,0.004,0,0,0,0,p
2026-04-13 9:36,1.266,0.004,0,0,0,0,p
2026-04-13 9:42,1.28,0.004,0,0,0,0,p
2026-04-13 9:48,1.293,0.004,0,0,0,0,p
2026-04-13 9:54,1.306,0.003,0,0,0,0,p
2026-04-13 10:00,1.316,0.003,0,0,0,0,p
2026-04-13 10:06,1.325,0.003,0,0,0,0,p
2026-04-13 10:12,1.334,0.002,0,0,0,0,p
2026-04-13 10:18,1.341,0.002,0,0,0,0,p
2026-04-13 10:24,1.346,0.003,1,0,0,0,p
2026-04-13 10:30,1.349,0.003,1,0,0,0,p
2026-04-13 10:36,1.353,0.002,1,0,0,0,p
2026-04-13 10:42,1.355,0.001,0,0,0,0,p
2026-04-13 10:48,1.356,0.001,1,0,0,0,p
2026-04-13 10:54,1.356,0.001,1,0,0,0,p
2026-04-13 11:00,1.355,0.001,0,0,0,0,p
2026-04-13 11:06,1.353,0.001,0,0,0,0,p
2026-04-13 11:12,1.349,0.002,1,0,0,0,p
2026-04-13 11:18,1.344,0.009,1,0,0,0,p
2026-04-13 11:24,1.336,0.004,1,0,0,0,p
2026-04-13 11:30,1.326,0.004,0,0,0,0,p
2026-04-13 11:36,1.313,0.004,0,0,0,0,p
2026-04-13 11:42,1.298,0.005,0,0,0,0,p
2026-04-13 11:48,1.281,0.005,0,0,0,0,p
2026-04-13 11:54,1.264,0.005,0,0,0,0,p
2026-04-13 12:00,1.247,0.005,0,0,0,0,p
2026-04-13 12:06,1.229,0.006,0,0,0,0,p
2026-04-13 12:12,1.207,0.007,0,0,0,0,p
2026-04-13 12:18,1.183,0.008,0,0,0,0,p
2026-04-13 12:24,1.157,0.008,0,0,0,0,p
2026-04-13 12:30,1.13,0.009,0,0,0,0,p
2026-04-13 12:36,1.1,0.009,0,0,0,0,p
2026-04-13 12:42,1.068,0.01,0,0,0,0,p
2026-04-13 12:48,1.036,0.009,0,0,0,0,p
2026-04-13 12:54,1.005,0.009,0,0,0,0,p
2026-04-13 13:00,0.977,0.008,0,0,0,0,p
2026-04-13 13:06,0.95,0.008,0,0,0,0,p
2026-04-13 13:12,0.921,0.009,0,0,0,0,p
2026-04-13 13:18,0.891,0.009,0,0,0,0,p
2026-04-13 13:24,0.862,0.01,0,0,0,0,p
2026-04-13 13:30,0.829,0.011,0,0,0,0,p
2026-04-13 13:36,0.8,0.009,0,0,0,0,p
2026-04-13 13:42,0.77,0.01,0,0,0,0,p
2026-04-13 13:48,0.738,0.009,0,0,0,0,p
2026-04-13 13:54,0.708,0.01,0,0,0,0,p
2026-04-13 14:00,0.68,0.008,0,0,0,0,p
2026-04-13 14:06,0.655,0.008,0,0,0,0,p
2026-04-13 14:12,0.631,0.008,0,0,0,0,p
2026-04-13 14:18,0.608,0.007,0,0,0,0,p
2026-04-13 14:24,0.585,0.008,0,0,0,0,p
2026-04-13 14:30,0.559,0.008,0,0,0,0,p
2026-04-13 14:36,0.536,0.008,0,0,0,0,p
2026-04-13 14:42,0.512,0.008,0,0,0,0,p
2026-04-13 14:48,0.487,0.008,0,0,0,0,p
2026-04-13 14:54,0.465,0.007,0,0,0,0,p
2026-04-13 15:00,0.443,0.007,0,0,0,0,p
2026-04-13 15:06,0.421,0.007,0,0,0,0,p
2026-04-13 15:12,0.398,0.007,0,0,0,0,p
2026-04-13 15:18,0.378,0.007,0,0,0,0,p
2026-04-13 15:24,0.357,0.008,0,0,0,0,p
2026-04-13 15:30,0.333,0.008,0,0,0,0,p
2026-04-13 15:36,0.311,0.008,1,0,0,0,p
2026-04-13 15:42,0.29,0.007,0,0,0,0,p
2026-04-13 15:48,0.269,0.007,0,0,0,0,p
2026-04-13 15:54,0.249,0.009,0,0,0,0,p
2026-04-13 16:00,0.226,0.008,0,0,0,0,p
2026-04-13 16:06,0.206,0.008,1,0,0,0,p
2026-04-13 16:12,0.187,0.007,0,0,0,0,p
2026-04-13 16:18,0.169,0.006,0,0,0,0,p
2026-04-13 16:24,0.152,0.006,0,0,0,0,p
2026-04-13 16:30,0.133,0.009,0,0,0,0,p
2026-04-13 16:36,0.117,0.005,1,0,0,0,p
2026-04-13 16:42,0.101,0.006,0,0,0,0,p
2026-04-13 16:48,0.087,0.006,1,0,0,0,p
2026-04-13 16:54,0.072,0.004,1,0,0,0,p
2026-04-13 17:00,0.063,0.004,1,0,0,0,p
2026-04-13 17:06,0.051,0.011,1,0,0,0,p
2026-04-13 17:12,0.041,0.009,0,0,0,0,p
2026-04-13 17:18,0.035,0.004,1,0,0,0,p
2026-04-13 17:24,0.029,0.004,1,0,0,0,p
2026-04-13 17:30,0.026,0.004,1,0,0,0,p
2026-04-13 17:36,0.028,0.004,0,0,0,0,p
2026-04-13 17:42,0.029,0.004,1,0,0,0,p
2026-04-13 17:48,0.033,0.006,1,0,0,0,p
2026-04-13 17:54,0.038,0.005,1,0,0,0,p
2026-04-13 18:00,0.047,0.006,1,0,0,0,p
2026-04-13 18:06,0.058,0.006,1,0,0,0,p
2026-04-13 18:12,0.071,0.008,1,0,0,0,p
2026-04-13 18:18,0.095,0.01,0,0,0,0,p
2026-04-13 18:24,0.111,0.011,1,0,0,0,p
2026-04-13 18:30,0.138,0.013,1,0,0,0,p
2026-04-13 18:36,0.167,0.011,1,0,0,0,p
2026-04-13 18:42,0.197,0.013,1,0,0,0,p
2026-04-13 18:48,0.226,0.013,1,0,0,0,p
2026-04-13 18:54,0.259,0.014,0,0,0,0,p
2026-04-13 19:00,0.293,0.013,1,0,0,0,p
2026-04-13 19:06,0.335,0.014,0,0,0,0,p
2026-04-13 19:12,0.373,0.013,0,0,0,0,p
2026-04-13 19:18,0.413,0.016,0,0,0,0,p
2026-04-13 19:24,0.456,0.013,0,0,0,0,p
2026-04-13 19:30,0.496,0.015,0,0,0,0,p
2026-04-13 19:36,0.537,0.014,0,0,0,0,p
2026-04-13 19:42,0.576,0.014,0,0,0,0,p
2026-04-13 19:48,0.618,0.014,0,0,0,0,p
2026-04-13 19:54,0.657,0.013,0,0,0,0,p
2026-04-13 20:00,0.695,0.013,0,0,0,0,p
2026-04-13 20:06,0.732,0.014,0,0,0,0,p
2026-04-13 20:12,0.768,0.012,0,0,0,0,p
2026-04-13 20:18,0.801,0.014,0,0,0,0,p
2026-04-13 20:24,0.834,0.01,0,0,0,0,p
2026-04-13 20:30,0.864,0.013,1,0,0,0,p
2026-04-13 20:36,0.894,0.011,1,0,0,0,p
2026-04-13 20:42,0.923,0.01,0,0,0,0,p
2026-04-13 20:48,0.949,0.009,1,0,0,0,p
2026-04-13 20:54,0.975,0.011,1,0,0,0,p
2026-04-13 21:00,1.002,0.009,0,0,0,0,p
2026-04-13 21:06,1.028,0.009,1,0,0,0,p
2026-04-13 21:12,1.05,0.009,1,0,0,0,p
2026-04-13 21:18,1.075,0.008,1,0,0,0,p
2026-04-13 21:24,1.096,0.008,1,0,0,0,p
2026-04-13 21:30,1.117,0.007,1,0,0,0,p
2026-04-13 21:36,1.136,0.008,0,0,0,0,p
2026-04-13 21:42,1.158,0.007,0,0,0,0,p
2026-04-13 21:48,1.178,0.006,0,0,0,0,p
2026-04-13 21:54,1.195,0.006,0,0,0,0,p
2026-04-13 22:00,1.21,0.005,1,0,0,0,p
2026-04-13 22:06,1.224,0.004,1,0,0,0,p
2026-04-13 22:12,1.235,0.005,1,0,0,0,p
2026-04-13 22:18,1.248,0.004,1,0,0,0,p
2026-04-13 22:24,1.259,0.003,1,0,0,0,p
2026-04-13 22:30,1.267,0.004,1,0,0,0,p
2026-04-13 22:36,1.277,0.004,1,0,0,0,p
2026-04-13 22:42,1.285,0.003,1,0,0,0,p
2026-04-13 22:48,1.291,0.003,1,0,0,0,p
2026-04-13 22:54,1.296,0.002,1,0,0,0,p
2026-04-13 23:00,1.299,0.003,1,0,0,0,p
2026-04-13 23:06,1.301,0.002,1,0,0,0,p
2026-04-13 23:12,1.3,0.009,1,0,0,0,p
2026-04-13 23:18,1.3,0.007,1,0,0,0,p
2026-04-13 23:24,1.3,0.003,1,0,0,0,p
2026-04-13 23:30,1.296,0.003,1,0,0,0,p
2026-04-13 23:36,1.293,0.003,1,0,0,0,p
2026-04-13 23:42,1.288,0.004,1,0,0,0,p
2026-04-13 23:48,1.282,0.004,1,0,0,0,p
2026-04-13 23:54,1.272,0.004,0,0,0,0,p
2026-04-14 0:00,1.261,0.003,0,0,0,0,p
2026-04-14 0:06,1.249,0.005,1,0,0,0,p
2026-04-14 0:12,1.235,0.004,0,0,0,0,p
2026-04-14 0:18,1.22,0.005,0,0,0,0,p
2026-04-14 0:24,1.204,0.005,0,0,0,0,p
2026-04-14 0:30,1.184,0.006,0,0,0,0,p
2026-04-14 0:36,1.162,0.007,1,0,0,0,p
2026-04-14 0:42,1.141,0.007,0,0,0,0,p
2026-04-14 0:48,1.119,0.007,0,0,0,0,p
2026-04-14 0:54,1.096,0.007,0,0,0,0,p
2026-04-14 1:00,1.07,0.009,0,0,0,0,p
2026-04-14 1:06,1.042,0.009,0,0,0,0,p
2026-04-14 1:12,1.011,0.009,0,0,0,0,p
2026-04-14 1:18,0.981,0.009,0,0,0,0,p
2026-04-14 1:24,0.951,0.009,0,0,0,0,p
2026-04-14 1:30,0.922,0.009,0,0,0,0,p
2026-04-14 1:36,0.894,0.009,0,0,0,0,p
2026-04-14 1:42,0.865,0.009,0,0,0,0,p
2026-04-14 1:48,0.836,0.009,0,0,0,0,p
2026-04-14 1:54,0.807,0.009,0,0,0,0,p
2026-04-14 2:00,0.777,0.008,0,0,0,0,p
2026-04-14 2:06,0.747,0.01,0,0,0,0,p
2026-04-14 2:12,0.716,0.009,0,0,0,0,p
2026-04-14 2:18,0.686,0.009,0,0,0,0,p
2026-04-14 2:24,0.658,0.009,0,0,0,0,p
2026-04-14 2:30,0.63,0.009,0,0,0,0,p
2026-04-14 2:36,0.604,0.008,0,0,0,0,p
2026-04-14 2:42,0.579,0.007,0,0,0,0,p
2026-04-14 2:48,0.557,0.007,0,0,0,0,p
2026-04-14 2:54,0.535,0.007,0,0,0,0,p
2026-04-14 3:00,0.513,0.007,0,0,0,0,p
2026-04-14 3:06,0.491,0.008,0,0,0,0,p
2026-04-14 3:12,0.466,0.008,0,0,0,0,p
2026-04-14 3:18,0.442,0.008,0,0,0,0,p
2026-04-14 3:24,0.418,0.007,0,0,0,0,p
2026-04-14 3:30,0.394,0.007,0,0,0,0,p
2026-04-14 3:36,0.372,0.007,0,0,0,0,p
2026-04-14 3:42,0.353,0.006,0,0,0,0,p
2026-04-14 3:48,0.332,0.007,0,0,0,0,p
2026-04-14 3:54,0.31,0.007,0,0,0,0,p
2026-04-14 4:00,0.288,0.007,0,0,0,0,p
2026-04-14 4:06,0.269,0.007,0,0,0,0,p
2026-04-14 4:12,0.248,0.007,0,0,0,0,p
2026-04-14 4:18,0.229,0.007,0,0,0,0,p
2026-04-14 4:24,0.208,0.007,0,0,0,0,p
2026-04-14 4:30,0.188,0.006,1,0,0,0,p
2026-04-14 4:36,0.169,0.006,0,0,0,0,p
2026-04-14 4:42,0.15,0.006,0,0,0,0,p
2026-04-14 4:48,0.133,0.005,0,0,0,0,p
2026-04-14 4:54,0.115,0.006,0,0,0,0,p
2026-04-14 5:00,0.098,0.006,0,0,0,0,p
2026-04-14 5:06,0.081,0.005,0,0,0,0,p
2026-04-14 5:12,0.066,0.005,0,0,0,0,p
2026-04-14 5:18,0.053,0.004,1,0,0,0,p
2026-04-14 5:24,0.041,0.004,0,0,0,0,p
2026-04-14 5:30,0.031,0.004,0,0,0,0,p
2026-04-14 5:36,0.023,0.003,1,0,0,0,p
2026-04-14 5:42,0.017,0.003,0,0,0,0,p
2026-04-14 5:48,0.013,0.003,1,0,0,0,p
2026-04-14 5:54,0.011,0.002,1,0,0,0,p
2026-04-14 6:00,0.013,0.002,1,0,0,0,p
2026-04-14 6:06,0.017,0.002,1,0,0,0,p
2026-04-14 6:12,0.024,0.003,0,0,0,0,p
2026-04-14 6:18,0.036,0.005,0,0,0,0,p
2026-04-14 6:24,0.053,0.006,0,0,0,0,p
2026-04-14 6:30,0.075,0.008,0,0,0,0,p
2026-04-14 6:36,0.101,0.009,0,0,0,0,p
2026-04-14 6:42,0.131,0.009,0,0,0,0,p
2026-04-14 6:48,0.161,0.01,0,0,0,0,p
2026-04-14 6:54,0.194,0.011,0,0,0,0,p
2026-04-14 7:00,0.228,0.011,0,0,0,0,p
2026-04-14 7:06,0.263,0.011,0,0,0,0,p
2026-04-14 7:12,0.301,0.012,0,0,0,0,p
2026-04-14 7:18,0.341,0.013,0,0,0,0,p
2026-04-14 7:24,0.382,0.013,0,0,0,0,p
2026-04-14 7:30,0.427,0.014,0,0,0,0,p
2026-04-14 7:36,0.471,0.015,0,0,0,0,p
2026-04-14 7:42,0.517,0.014,0,0,0,0,p
2026-04-14 7:48,0.561,0.013,0,0,0,0,p
2026-04-14 7:54,0.603,0.013,0,0,0,0,p
2026-04-14 8:00,0.645,0.013,0,0,0,0,p
2026-04-14 8:06,0.686,0.012,0,0,0,0,p
2026-04-14 8:12,0.727,0.013,0,0,0,0,p
2026-04-14 8:18,0.766,0.012,0,0,0,0,p
2026-04-14 8:24,0.804,0.012,0,0,0,0,p
2026-04-14 8:30,0.841,0.011,0,0,0,0,p
2026-04-14 8:36,0.875,0.01,0,0,0,0,p
2026-04-14 8:42,0.906,0.01,0,0,0,0,p
2026-04-14 8:48,0.937,0.009,0,0,0,0,p
2026-04-14 8:54,0.967,0.009,0,0,0,0,p
2026-04-14 9:00,0.994,0.008,0,0,0,0,p
2026-04-14 9:06,1.021,0.008,0,0,0,0,p
2026-04-14 9:12,1.047,0.008,0,0,0,0,p
2026-04-14 9:18,1.073,0.008,0,0,0,0,p
2026-04-14 9:24,1.099,0.007,0,0,0,0,p
2026-04-14 9:30,1.122,0.007,0,0,0,0,p
2026-04-14 9:36,1.144,0.006,0,0,0,0,p
2026-04-14 9:42,1.165,0.006,0,0,0,0,p
2026-04-14 9:48,1.186,0.006,0,0,0,0,p
2026-04-14 9:54,1.206,0.006,0,0,0,0,p
2026-04-14 10:00,1.225,0.005,0,0,0,0,p
2026-04-14 10:06,1.242,0.005,0,0,0,0,p
2026-04-14 10:12,1.259,0.004,0,0,0,0,p
2026-04-14 10:18,1.274,0.005,0,0,0,0,p
2026-04-14 10:24,1.288,0.004,0,0,0,0,p
2026-04-14 10:30,1.3,0.004,0,0,0,0,p
2026-04-14 10:36,1.313,0.003,0,0,0,0,p
2026-04-14 10:42,1.323,0.003,0,0,0,0,p
2026-04-14 10:48,1.333,0.003,0,0,0,0,p
2026-04-14 10:54,1.342,0.003,0,0,0,0,p
2026-04-14 11:00,1.35,0.005,1,0,0,0,p
2026-04-14 11:06,1.358,0.005,1,0,0,0,p
2026-04-14 11:12,1.363,0.006,1,0,0,0,p
2026-04-14 11:18,1.37,0.004,1,0,0,0,p
2026-04-14 11:24,1.375,0.002,0,0,0,0,p
2026-04-14 11:30,1.378,0.003,1,0,0,0,p
2026-04-14 11:36,1.381,0.002,1,0,0,0,p
2026-04-14 11:42,1.381,0.001,1,0,0,0,p
2026-04-14 11:48,1.38,0.001,1,0,0,0,p
2026-04-14 11:54,1.378,0.001,0,0,0,0,p
2026-04-14 12:00,1.375,0.001,1,0,0,0,p
2026-04-14 12:06,1.371,0.001,0,0,0,0,p
2026-04-14 12:12,1.366,0.002,1,0,0,0,p
2026-04-14 12:18,1.358,0.003,1,0,0,0,p
2026-04-14 12:24,1.348,0.005,1,0,0,0,p
2026-04-14 12:30,1.335,0.004,0,0,0,0,p
2026-04-14 12:36,1.321,0.005,0,0,0,0,p
2026-04-14 12:42,1.306,0.005,0,0,0,0,p
2026-04-14 12:48,1.289,0.005,0,0,0,0,p
2026-04-14 12:54,1.268,0.008,0,0,0,0,p
2026-04-14 13:00,1.248,0.006,0,0,0,0,p
2026-04-14 13:06,1.228,0.006,0,0,0,0,p
2026-04-14 13:12,1.206,0.008,0,0,0,0,p
2026-04-14 13:18,1.181,0.007,0,0,0,0,p
2026-04-14 13:24,1.152,0.009,0,0,0,0,p
2026-04-14 13:30,1.126,0.008,0,0,0,0,p
2026-04-14 13:36,1.096,0.009,0,0,0,0,p
2026-04-14 13:42,1.068,0.011,1,0,0,0,p
2026-04-14 13:48,1.035,0.008,1,0,0,0,p
2026-04-14 13:54,1.005,0.009,0,0,0,0,p
2026-04-14 14:00,0.975,0.009,0,0,0,0,p
2026-04-14 14:06,0.944,0.009,0,0,0,0,p
2026-04-14 14:12,0.913,0.01,0,0,0,0,p
2026-04-14 14:18,0.88,0.011,0,0,0,0,p
2026-04-14 14:24,0.844,0.01,1,0,0,0,p
2026-04-14 14:30,0.813,0.012,1,0,0,0,p
2026-04-14 14:36,0.779,0.01,0,0,0,0,p
2026-04-14 14:42,0.75,0.008,0,0,0,0,p
2026-04-14 14:48,0.724,0.008,0,0,0,0,p
2026-04-14 14:54,0.697,0.008,0,0,0,0,p
2026-04-14 15:00,0.668,0.009,0,0,0,0,p
2026-04-14 15:06,0.639,0.008,1,0,0,0,p
2026-04-14 15:12,0.616,0.007,1,0,0,0,p
2026-04-14 15:18,0.592,0.008,0,0,0,0,p
2026-04-14 15:24,0.567,0.008,0,0,0,0,p
2026-04-14 15:30,0.546,0.006,0,0,0,0,p
2026-04-14 15:36,0.531,0.004,0,0,0,0,p
2026-04-14 15:42,0.509,0.01,0,0,0,0,p
2026-04-14 15:48,0.463,0.016,0,0,0,0,p
2026-04-14 15:54,0.442,0.003,0,0,0,0,p
2026-04-14 16:00,0.419,0.012,0,0,0,0,p
2026-04-14 16:06,0.393,0.004,0,0,0,0,p
2026-04-14 16:12,0.375,0.006,0,0,0,0,p
2026-04-14 16:18,0.354,0.007,0,0,0,0,p
2026-04-14 16:24,0.331,0.009,0,0,0,0,p
2026-04-14 16:30,0.303,0.006,0,0,0,0,p
2026-04-14 16:36,0.281,0.007,0,0,0,0,p
2026-04-14 16:42,0.261,0.007,0,0,0,0,p
2026-04-14 16:48,0.239,0.006,0,0,0,0,p
2026-04-14 16:54,0.219,0.006,0,0,0,0,p
2026-04-14 17:00,0.2,0.007,0,0,0,0,p
2026-04-14 17:06,0.179,0.005,0,0,0,0,p
2026-04-14 17:12,0.163,0.006,0,0,0,0,p
2026-04-14 17:18,0.145,0.006,0,0,0,0,p
2026-04-14 17:24,0.13,0.005,0,0,0,0,p
2026-04-14 17:30,0.112,0.007,0,0,0,0,p
2026-04-14 17:36,0.097,0.005,1,0,0,0,p
2026-04-14 17:42,0.08,0.006,0,0,0,0,p
2026-04-14 17:48,0.066,0.004,1,0,0,0,p
2026-04-14 17:54,0.054,0.005,0,0,0,0,p
2026-04-14 18:00,0.041,0.004,1,0,0,0,p
2026-04-14 18:06,0.033,0.004,0,0,0,0,p
2026-04-14 18:12,0.026,0.003,0,0,0,0,p
2026-04-14 18:18,0.019,0.002,0,0,0,0,p
2026-04-14 18:24,0.017,0.003,1,0,0,0,p
2026-04-14 18:30,0.017,0.002,1,0,0,0,p
2026-04-14 18:36,0.021,0.003,1,0,0,0,p
2026-04-14 18:42,0.026,0.003,0,0,0,0,p
2026-04-14 18:48,0.036,0.004,0,0,0,0,p
2026-04-14 18:54,0.051,0.005,0,0,0,0,p
2026-04-14 19:00,0.068,0.005,0,0,0,0,p
2026-04-14 19:06,0.09,0.009,0,0,0,0,p
2026-04-14 19:12,0.118,0.009,0,0,0,0,p
2026-04-14 19:18,0.15,0.012,1,0,0,0,p
2026-04-14 19:24,0.189,0.022,1,0,0,0,p
2026-04-14 19:30,0.228,0.013,0,0,0,0,p
2026-04-14 19:36,0.266,0.014,0,0,0,0,p
2026-04-14 19:42,0.309,0.015,0,0,0,0,p
2026-04-14 19:48,0.349,0.015,0,0,0,0,p
2026-04-14 19:54,0.393,0.016,0,0,0,0,p
2026-04-14 20:00,0.44,0.016,0,0,0,0,p
2026-04-14 20:06,0.488,0.016,0,0,0,0,p
2026-04-14 20:12,0.535,0.015,0,0,0,0,p
2026-04-14 20:18,0.584,0.016,0,0,0,0,p
2026-04-14 20:24,0.631,0.016,0,0,0,0,p
2026-04-14 20:30,0.678,0.015,0,0,0,0,p
2026-04-14 20:36,0.721,0.015,0,0,0,0,p
2026-04-14 20:42,0.767,0.014,0,0,0,0,p
2026-04-14 20:48,0.808,0.013,0,0,0,0,p
2026-04-14 20:54,0.848,0.012,0,0,0,0,p
2026-04-14 21:00,0.886,0.012,0,0,0,0,p
2026-04-14 21:06,0.92,0.012,0,0,0,0,p
2026-04-14 21:12,0.954,0.011,0,0,0,0,p
2026-04-14 21:18,0.987,0.01,0,0,0,0,p
2026-04-14 21:24,1.019,0.01,0,0,0,0,p
2026-04-14 21:30,1.049,0.01,0,0,0,0,p
2026-04-14 21:36,1.078,0.009,0,0,0,0,p
2026-04-14 21:42,1.105,0.008,0,0,0,0,p
2026-04-14 21:48,1.13,0.008,0,0,0,0,p
2026-04-14 21:54,1.155,0.009,0,0,0,0,p
2026-04-14 22:00,1.18,0.007,0,0,0,0,p
2026-04-14 22:06,1.203,0.007,0,0,0,0,p
2026-04-14 22:12,1.226,0.007,0,0,0,0,p
2026-04-14 22:18,1.247,0.007,0,0,0,0,p
2026-04-14 22:24,1.268,0.006,1,0,0,0,p
2026-04-14 22:30,1.287,0.005,0,0,0,0,p
2026-04-14 22:36,1.304,0.005,0,0,0,0,p
2026-04-14 22:42,1.32,0.005,0,0,0,0,p
2026-04-14 22:48,1.335,0.004,0,0,0,0,p
2026-04-14 22:54,1.347,0.004,0,0,0,0,p
2026-04-14 23:00,1.359,0.004,1,0,0,0,p
2026-04-14 23:06,1.371,0.004,1,0,0,0,p
2026-04-14 23:12,1.382,0.004,0,0,0,0,p
2026-04-14 23:18,1.394,0.004,0,0,0,0,p
2026-04-14 23:24,1.406,0.003,0,0,0,0,p
2026-04-14 23:30,1.417,0.003,0,0,0,0,p
2026-04-14 23:36,1.426,0.003,0,0,0,0,p
2026-04-14 23:42,1.433,0.003,1,0,0,0,p
2026-04-14 23:48,1.439,0.002,1,0,0,0,p
2026-04-14 23:54,1.443,0.002,1,0,0,0,p
2026-04-15 0:00,1.447,0.002,0,0,0,0,p
2026-04-15 0:06,1.45,0.004,1,0,0,0,p
2026-04-15 0:12,1.451,0.005,1,0,0,0,p
2026-04-15 0:18,1.453,0.003,1,0,0,0,p
2026-04-15 0:24,1.453,0.002,1,0,0,0,p
2026-04-15 0:30,1.453,0.002,0,0,0,0,p
2026-04-15 0:36,1.449,0.002,1,0,0,0,p
2026-04-15 0:42,1.444,0.002,1,0,0,0,p
2026-04-15 0:48,1.437,0.003,1,0,0,0,p
2026-04-15 0:54,1.429,0.003,1,0,0,0,p
2026-04-15 1:00,1.418,0.004,0,0,0,0,p
2026-04-15 1:06,1.404,0.004,0,0,0,0,p
2026-04-15 1:12,1.388,0.006,0,0,0,0,p
2026-04-15 1:18,1.37,0.006,0,0,0,0,p
2026-04-15 1:24,1.349,0.006,0,0,0,0,p
2026-04-15 1:30,1.327,0.007,0,0,0,0,p
2026-04-15 1:36,1.303,0.008,0,0,0,0,p
2026-04-15 1:42,1.277,0.008,0,0,0,0,p
2026-04-15 1:48,1.252,0.008,0,0,0,0,p
2026-04-15 1:54,1.224,0.009,0,0,0,0,p
2026-04-15 2:00,1.193,0.01,0,0,0,0,p
2026-04-15 2:06,1.161,0.01,0,0,0,0,p
2026-04-15 2:12,1.129,0.01,0,0,0,0,p
2026-04-15 2:18,1.098,0.01,0,0,0,0,p
2026-04-15 2:24,1.064,0.011,0,0,0,0,p
2026-04-15 2:30,1.031,0.01,0,0,0,0,p
2026-04-15 2:36,0.998,0.01,0,0,0,0,p
2026-04-15 2:42,0.967,0.01,0,0,0,0,p
2026-04-15 2:48,0.933,0.01,0,0,0,0,p
2026-04-15 2:54,0.901,0.01,0,0,0,0,p
2026-04-15 3:00,0.868,0.009,0,0,0,0,p
2026-04-15 3:06,0.835,0.01,0,0,0,0,p
2026-04-15 3:12,0.803,0.01,0,0,0,0,p
2026-04-15 3:18,0.771,0.01,0,0,0,0,p
2026-04-15 3:24,0.741,0.009,0,0,0,0,p
2026-04-15 3:30,0.715,0.007,0,0,0,0,p
2026-04-15 3:36,0.688,0.011,0,0,0,0,p
2026-04-15 3:42,0.662,0.008,1,0,0,0,p
2026-04-15 3:48,0.636,0.011,0,0,0,0,p
2026-04-15 3:54,0.61,0.004,0,0,0,0,p
2026-04-15 4:00,0.586,0.011,0,0,0,0,p
2026-04-15 4:06,0.561,0.006,0,0,0,0,p
2026-04-15 4:12,0.539,0.009,0,0,0,0,p
2026-04-15 4:18,0.512,0.006,0,0,0,0,p
2026-04-15 4:24,0.495,0.012,0,0,0,0,p
2026-04-15 4:30,0.472,0.006,0,0,0,0,p
2026-04-15 4:36,0.445,0.008,1,0,0,0,p
2026-04-15 4:42,0.421,0.01,0,0,0,0,p
2026-04-15 4:48,0.397,0.01,0,0,0,0,p
2026-04-15 4:54,0.374,0.004,0,0,0,0,p
2026-04-15 5:00,0.349,0.01,0,0,0,0,p
2026-04-15 5:06,0.325,0.01,0,0,0,0,p
2026-04-15 5:12,0.302,0.007,0,0,0,0,p
2026-04-15 5:18,0.284,0.008,0,0,0,0,p
2026-04-15 5:24,0.264,0.007,1,0,0,0,p
2026-04-15 5:30,0.244,0.007,0,0,0,0,p
2026-04-15 5:36,0.224,0.008,1,0,0,0,p
2026-04-15 5:42,0.202,0.008,1,0,0,0,p
2026-04-15 5:48,0.182,0.007,0,0,0,0,p
2026-04-15 5:54,0.167,0.005,1,0,0,0,p
2026-04-15 6:00,0.15,0.008,0,0,0,0,p
2026-04-15 6:06,0.133,0.006,0,0,0,0,p
2026-04-15 6:12,0.116,0.006,1,0,0,0,p
2026-04-15 6:18,0.103,0.006,1,0,0,0,p
2026-04-15 6:24,0.089,0.004,0,0,0,0,p
2026-04-15 6:30,0.078,0.004,1,0,0,0,p
2026-04-15 6:36,0.071,0.003,0,0,0,0,p
2026-04-15 6:42,0.063,0.003,0,0,0,0,p
2026-04-15 6:48,0.058,0.002,0,0,0,0,p
2026-04-15 6:54,0.056,0.002,1,0,0,0,p
2026-04-15 7:00,0.056,0.002,0,0,0,0,p
2026-04-15 7:06,0.059,0.002,1,0,0,0,p
2026-04-15 7:12,0.062,0.002,0,0,0,0,p
2026-04-15 7:18,0.07,0.004,0,0,0,0,p
2026-04-15 7:24,0.082,0.004,0,0,0,0,p
2026-04-15 7:30,0.097,0.005,0,0,0,0,p
2026-04-15 7:36,0.117,0.007,0,0,0,0,p
2026-04-15 7:42,0.142,0.007,0,0,0,0,p
2026-04-15 7:48,0.169,0.009,0,0,0,0,p
2026-04-15 7:54,0.199,0.009,0,0,0,0,p
2026-04-15 8:00,0.231,0.01,0,0,0,0,p
2026-04-15 8:06,0.266,0.011,0,0,0,0,p
2026-04-15 8:12,0.306,0.014,0,0,0,0,p
2026-04-15 8:18,0.368,0.023,0,0,0,0,p
2026-04-15 8:24,0.38,0.009,0,0,0,0,p
2026-04-15 8:30,0.415,0.013,0,0,0,0,p
2026-04-15 8:36,0.469,0.015,0,0,0,0,p
2026-04-15 8:42,0.518,0.02,0,0,0,0,p
2026-04-15 8:48,0.576,0.015,0,0,0,0,p
2026-04-15 8:54,0.611,0.01,0,0,0,0,p
2026-04-15 9:00,0.637,0.02,0,0,0,0,p
2026-04-15 9:06,0.685,0.008,0,0,0,0,p
2026-04-15 9:12,0.722,0.016,0,0,0,0,p
2026-04-15 9:18,0.775,0.011,0,0,0,0,p
2026-04-15 9:24,0.808,0.016,0,0,0,0,p
2026-04-15 9:30,0.842,0.004,1,0,0,0,p
2026-04-15 9:36,0.871,0.011,0,0,0,0,p
2026-04-15 9:42,0.903,0.008,0,0,0,0,p
2026-04-15 9:48,0.935,0.01,0,0,0,0,p
2026-04-15 9:54,0.962,0.007,0,0,0,0,p
2026-04-15 10:00,0.992,0.008,0,0,0,0,p
2026-04-15 10:06,1.018,0.009,0,0,0,0,p
2026-04-15 10:12,1.046,0.009,0,0,0,0,p
2026-04-15 10:18,1.073,0.008,0,0,0,0,p
2026-04-15 10:24,1.1,0.008,0,0,0,0,p
2026-04-15 10:30,1.125,0.007,0,0,0,0,p
2026-04-15 10:36,1.147,0.006,0,0,0,0,p
2026-04-15 10:42,1.169,0.006,0,0,0,0,p
2026-04-15 10:48,1.188,0.007,0,0,0,0,p
2026-04-15 10:54,1.208,0.005,0,0,0,0,p
2026-04-15 11:00,1.227,0.006,0,0,0,0,p
2026-04-15 11:06,1.247,0.005,0,0,0,0,p
2026-04-15 11:12,1.266,0.005,0,0,0,0,p
2026-04-15 11:18,1.28,0.005,0,0,0,0,p
2026-04-15 11:24,1.295,0.004,1,0,0,0,p
2026-04-15 11:30,1.309,0.005,0,0,0,0,p
2026-04-15 11:36,1.323,0.004,0,0,0,0,p
2026-04-15 11:42,1.335,0.004,0,0,0,0,p
2026-04-15 11:48,1.347,0.004,0,0,0,0,p
2026-04-15 11:54,1.359,0.003,0,0,0,0,p
2026-04-15 12:00,1.369,0.003,0,0,0,0,p
2026-04-15 12:06,1.377,0.002,1,0,0,0,p
2026-04-15 12:12,1.384,0.003,0,0,0,0,p
2026-04-15 12:18,1.391,0.002,0,0,0,0,p
2026-04-15 12:24,1.396,0.002,0,0,0,0,p
2026-04-15 12:30,1.401,0.001,0,0,0,0,p
2026-04-15 12:36,1.404,0.002,0,0,0,0,p
2026-04-15 12:42,1.406,0.001,1,0,0,0,p
2026-04-15 12:48,1.407,0.003,1,0,0,0,p
2026-04-15 12:54,1.405,0.006,1,0,0,0,p
2026-04-15 13:00,1.403,0.003,1,0,0,0,p
2026-04-15 13:06,1.4,0.002,1,0,0,0,p
2026-04-15 13:12,1.395,0.002,0,0,0,0,p
2026-04-15 13:18,1.388,0.003,0,0,0,0,p
2026-04-15 13:24,1.378,0.004,0,0,0,0,p
2026-04-15 13:30,1.365,0.005,0,0,0,0,p
2026-04-15 13:36,1.348,0.005,0,0,0,0,p
2026-04-15 13:42,1.33,0.006,0,0,0,0,p
2026-04-15 13:48,1.31,0.006,0,0,0,0,p
2026-04-15 13:54,1.289,0.006,0,0,0,0,p
2026-04-15 14:00,1.268,0.006,0,0,0,0,p
2026-04-15 14:06,1.244,0.008,0,0,0,0,p
2026-04-15 14:12,1.217,0.009,0,0,0,0,p
2026-04-15 14:18,1.186,0.01,0,0,0,0,p
2026-04-15 14:24,1.156,0.01,0,0,0,0,p
2026-04-15 14:30,1.125,0.009,0,0,0,0,p
2026-04-15 14:36,1.092,0.01,1,0,0,0,p
2026-04-15 14:42,1.058,0.011,1,0,0,0,p
2026-04-15 14:48,1.025,0.011,0,0,0,0,p
2026-04-15 14:54,0.991,0.01,0,0,0,0,p
2026-04-15 15:00,0.957,0.01,0,0,0,0,p
2026-04-15 15:06,0.924,0.01,0,0,0,0,p
2026-04-15 15:12,0.891,0.011,0,0,0,0,p
2026-04-15 15:18,0.854,0.011,0,0,0,0,p
2026-04-15 15:24,0.82,0.01,0,0,0,0,p
2026-04-15 15:30,0.788,0.01,0,0,0,0,p
2026-04-15 15:36,0.755,0.009,0,0,0,0,p
2026-04-15 15:42,0.727,0.01,0,0,0,0,p
2026-04-15 15:48,0.695,0.01,0,0,0,0,p
2026-04-15 15:54,0.668,0.011,0,0,0,0,p
2026-04-15 16:00,0.633,0.01,1,0,0,0,p
2026-04-15 16:06,0.612,0.012,0,0,0,0,p
2026-04-15 16:12,0.578,0.007,0,0,0,0,p
2026-04-15 16:18,0.559,0.007,0,0,0,0,p
2026-04-15 16:24,0.529,0.01,0,0,0,0,p
2026-04-15 16:30,0.508,0.008,0,0,0,0,p
2026-04-15 16:36,0.481,0.005,1,0,0,0,p
2026-04-15 16:42,0.46,0.011,0,0,0,0,p
2026-04-15 16:48,0.436,0.009,0,0,0,0,p
2026-04-15 16:54,0.408,0.008,0,0,0,0,p
2026-04-15 17:00,0.379,0.007,1,0,0,0,p
2026-04-15 17:06,0.355,0.012,0,0,0,0,p
2026-04-15 17:12,0.325,0.008,0,0,0,0,p
2026-04-15 17:18,0.303,0.008,1,0,0,0,p
2026-04-15 17:24,0.275,0.011,1,0,0,0,p
2026-04-15 17:30,0.256,0.007,1,0,0,0,p
2026-04-15 17:36,0.237,0.007,0,0,0,0,p
2026-04-15 17:42,0.215,0.01,0,0,0,0,p
2026-04-15 17:48,0.19,0.01,0,0,0,0,p
2026-04-15 17:54,0.171,0.007,0,0,0,0,p
2026-04-15 18:00,0.152,0.008,1,0,0,0,p
2026-04-15 18:06,0.133,0.009,0,0,0,0,p
2026-04-15 18:12,0.111,0.008,1,0,0,0,p
2026-04-15 18:18,0.096,0.008,1,0,0,0,p
2026-04-15 18:24,0.078,0.008,1,0,0,0,p
2026-04-15 18:30,0.059,0.008,1,0,0,0,p
2026-04-15 18:36,0.04,0.008,1,0,0,0,p
2026-04-15 18:42,0.028,0.006,1,0,0,0,p
2026-04-15 18:48,0.015,0.008,1,0,0,0,p
2026-04-15 18:54,0.005,0.007,1,0,0,0,p
2026-04-15 19:00,-0.003,0.007,1,0,0,0,p
2026-04-15 19:06,-0.008,0.007,1,0,0,0,p
2026-04-15 19:12,-0.008,0.006,0,0,0,0,p
2026-04-15 19:18,-0.009,0.008,0,0,0,0,p
2026-04-15 19:24,-0.007,0.007,1,0,0,0,p
2026-04-15 19:30,0,0.008,1,0,0,0,p
2026-04-15 19:36,0.011,0.008,0,0,0,0,p
2026-04-15 19:42,0.026,0.008,0,0,0,0,p
2026-04-15 19:48,0.048,0.009,0,0,0,0,p
2026-04-15 19:54,0.076,0.012,0,0,0,0,p
2026-04-15 20:00,0.111,0.012,0,0,0,0,p
2026-04-15 20:06,0.15,0.013,0,0,0,0,p
2026-04-15 20:12,0.191,0.014,0,0,0,0,p
2026-04-15 20:18,0.235,0.014,0,0,0,0,p
2026-04-15 20:24,0.279,0.015,0,0,0,0,p
2026-04-15 20:30,0.326,0.016,0,0,0,0,p
2026-04-15 20:36,0.376,0.016,0,0,0,0,p
2026-04-15 20:42,0.426,0.016,0,0,0,0,p
2026-04-15 20:48,0.478,0.016,0,0,0,0,p
2026-04-15 20:54,0.529,0.016,0,0,0,0,p
2026-04-15 21:00,0.581,0.016,0,0,0,0,p
2026-04-15 21:06,0.63,0.014,0,0,0,0,p
2026-04-15 21:12,0.679,0.015,0,0,0,0,p
2026-04-15 21:18,0.724,0.014,0,0,0,0,p
2026-04-15 21:24,0.769,0.014,0,0,0,0,p
2026-04-15 21:30,0.812,0.013,0,0,0,0,p
2026-04-15 21:36,0.856,0.013,0,0,0,0,p
2026-04-15 21:42,0.896,0.013,0,0,0,0,p
2026-04-15 21:48,0.934,0.011,0,0,0,0,p
2026-04-15 21:54,0.969,0.011,0,0,0,0,p
2026-04-15 22:00,1.002,0.009,0,0,0,0,p
2026-04-15 22:06,1.032,0.01,0,0,0,0,p
2026-04-15 22:12,1.062,0.009,0,0,0,0,p
2026-04-15 22:18,1.092,0.01,0,0,0,0,p
2026-04-15 22:24,1.121,0.009,0,0,0,0,p
2026-04-15 22:30,1.149,0.008,0,0,0,0,p
2026-04-15 22:36,1.175,0.008,0,0,0,0,p
2026-04-15 22:42,1.199,0.007,0,0,0,0,p
2026-04-15 22:48,1.224,0.008,0,0,0,0,p
2026-04-15 22:54,1.248,0.007,0,0,0,0,p
2026-04-15 23:00,1.269,0.007,0,0,0,0,p
2026-04-15 23:06,1.29,0.006,0,0,0,0,p
2026-04-15 23:12,1.308,0.005,0,0,0,0,p
2026-04-15 23:18,1.325,0.005,1,0,0,0,p
2026-04-15 23:24,1.341,0.005,0,0,0,0,p
2026-04-15 23:30,1.358,0.005,0,0,0,0,p
2026-04-15 23:36,1.373,0.005,0,0,0,0,p
2026-04-15 23:42,1.387,0.005,0,0,0,0,p
2026-04-15 23:48,1.401,0.004,0,0,0,0,p
2026-04-15 23:54,1.416,0.005,0,0,0,0,p
2026-04-16 0:00,1.43,0.004,0,0,0,0,p
2026-04-16 0:06,1.444,0.004,0,0,0,0,p
2026-04-16 0:12,1.456,0.003,1,0,0,0,p
2026-04-16 0:18,1.465,0.003,1,0,0,0,p
2026-04-16 0:24,1.473,0.003,0,0,0,0,p
2026-04-16 0:30,1.481,0.003,1,0,0,0,p
2026-04-16 0:36,1.487,0.002,1,0,0,0,p
2026-04-16 0:42,1.493,0.002,0,0,0,0,p
2026-04-16 0:48,1.499,0.002,1,0,0,0,p
2026-04-16 0:54,1.502,0.002,0,0,0,0,p
2026-04-16 1:00,1.505,0.002,0,0,0,0,p
2026-04-16 1:06,1.507,0.001,1,0,0,0,p
2026-04-16 1:12,1.508,0.001,0,0,0,0,p
2026-04-16 1:18,1.506,0.001,0,0,0,0,p
2026-04-16 1:24,1.503,0.002,1,0,0,0,p
2026-04-16 1:30,1.497,0.002,1,0,0,0,p
2026-04-16 1:36,1.489,0.003,1,0,0,0,p
2026-04-16 1:42,1.479,0.004,1,0,0,0,p
2026-04-16 1:48,1.467,0.005,0,0,0,0,p
2026-04-16 1:54,1.453,0.005,0,0,0,0,p
2026-04-16 2:00,1.436,0.005,0,0,0,0,p
2026-04-16 2:06,1.417,0.006,0,0,0,0,p
2026-04-16 2:12,1.396,0.007,0,0,0,0,p
2026-04-16 2:18,1.372,0.008,0,0,0,0,p
2026-04-16 2:24,1.346,0.008,0,0,0,0,p
2026-04-16 2:30,1.317,0.008,0,0,0,0,p
2026-04-16 2:36,1.289,0.008,0,0,0,0,p
2026-04-16 2:42,1.261,0.008,0,0,0,0,p
2026-04-16 2:48,1.23,0.01,0,0,0,0,p
2026-04-16 2:54,1.197,0.01,0,0,0,0,p
2026-04-16 3:00,1.164,0.011,0,0,0,0,p
2026-04-16 3:06,1.129,0.011,0,0,0,0,p
2026-04-16 3:12,1.096,0.01,0,0,0,0,p
2026-04-16 3:18,1.063,0.01,0,0,0,0,p
2026-04-16 3:24,1.03,0.01,0,0,0,0,p
2026-04-16 3:30,0.996,0.011,0,0,0,0,p
2026-04-16 3:36,0.961,0.011,0,0,0,0,p
2026-04-16 3:42,0.928,0.01,0,0,0,0,p
2026-04-16 3:48,0.894,0.01,0,0,0,0,p
2026-04-16 3:54,0.86,0.011,0,0,0,0,p
2026-04-16 4:00,0.826,0.01,0,0,0,0,p
2026-04-16 4:06,0.795,0.009,0,0,0,0,p
2026-04-16 4:12,0.765,0.009,0,0,0,0,p
2026-04-16 4:18,0.734,0.01,0,0,0,0,p
2026-04-16 4:24,0.704,0.009,0,0,0,0,p
2026-04-16 4:30,0.675,0.01,0,0,0,0,p
2026-04-16 4:36,0.647,0.009,0,0,0,0,p
2026-04-16 4:42,0.619,0.009,0,0,0,0,p
2026-04-16 4:48,0.593,0.009,0,0,0,0,p
2026-04-16 4:54,0.567,0.007,0,0,0,0,p
2026-04-16 5:00,0.543,0.008,0,0,0,0,p
2026-04-16 5:06,0.518,0.007,0,0,0,0,p
2026-04-16 5:12,0.494,0.007,0,0,0,0,p
2026-04-16 5:18,0.469,0.009,0,0,0,0,p
2026-04-16 5:24,0.444,0.007,0,0,0,0,p
2026-04-16 5:30,0.418,0.008,0,0,0,0,p
2026-04-16 5:36,0.391,0.008,0,0,0,0,p
2026-04-16 5:42,0.367,0.008,0,0,0,0,p
2026-04-16 5:48,0.345,0.006,0,0,0,0,p
2026-04-16 5:54,0.321,0.009,0,0,0,0,p
2026-04-16 6:00,0.295,0.008,0,0,0,0,p
2026-04-16 6:06,0.27,0.008,0,0,0,0,p
2026-04-16 6:12,0.247,0.008,0,0,0,0,p
2026-04-16 6:18,0.222,0.006,0,0,0,0,p
2026-04-16 6:24,0.201,0.007,0,0,0,0,p
2026-04-16 6:30,0.18,0.006,0,0,0,0,p
2026-04-16 6:36,0.158,0.008,0,0,0,0,p
2026-04-16 6:42,0.136,0.004,0,0,0,0,p
2026-04-16 6:48,0.119,0.006,0,0,0,0,p
2026-04-16 6:54,0.094,0.009,0,0,0,0,p
2026-04-16 7:00,0.069,0.008,0,0,0,0,p
2026-04-16 7:06,0.049,0.005,0,0,0,0,p
2026-04-16 7:12,0.031,0.005,0,0,0,0,p
2026-04-16 7:18,0.014,0.005,0,0,0,0,p
2026-04-16 7:24,-0.001,0.005,0,0,0,0,p
2026-04-16 7:30,-0.015,0.004,0,0,0,0,p
2026-04-16 7:36,-0.029,0.003,0,0,0,0,p
2026-04-16 7:42,-0.038,0.003,0,0,0,0,p
2026-04-16 7:48,-0.044,0.002,1,0,0,0,p
2026-04-16 7:54,-0.048,0.002,0,0,0,0,p
2026-04-16 8:00,-0.05,0.002,1,0,0,0,p
2026-04-16 8:06,-0.051,0.002,0,0,0,0,p
2026-04-16 8:12,-0.048,0.002,0,0,0,0,p
2026-04-16 8:18,-0.04,0.003,1,0,0,0,p
2026-04-16 8:24,-0.029,0.005,0,0,0,0,p
2026-04-16 8:30,-0.012,0.006,0,0,0,0,p
2026-04-16 8:36,0.012,0.008,0,0,0,0,p
2026-04-16 8:42,0.042,0.01,0,0,0,0,p
2026-04-16 8:48,0.078,0.012,0,0,0,0,p
2026-04-16 8:54,0.118,0.013,0,0,0,0,p
2026-04-16 9:00,0.16,0.013,0,0,0,0,p
2026-04-16 9:06,0.207,0.016,0,0,0,0,p
2026-04-16 9:12,0.279,0.024,0,0,0,0,p
2026-04-16 9:18,0.289,0.02,0,0,0,0,p
2026-04-16 9:24,0.336,0.016,0,0,0,0,p
2026-04-16 9:30,0.398,0.015,0,0,0,0,p
2026-04-16 9:36,0.459,0.018,0,0,0,0,p
2026-04-16 9:42,0.511,0.015,0,0,0,0,p
2026-04-16 9:48,0.565,0.022,0,0,0,0,p
2026-04-16 9:54,0.61,0.014,0,0,0,0,p
2026-04-16 10:00,0.656,0.012,0,0,0,0,p
2026-04-16 10:06,0.698,0.013,0,0,0,0,p
2026-04-16 10:12,0.747,0.015,0,0,0,0,p
2026-04-16 10:18,0.788,0.013,0,0,0,0,p
2026-04-16 10:24,0.831,0.011,0,0,0,0,p
2026-04-16 10:30,0.871,0.014,0,0,0,0,p
2026-04-16 10:36,0.91,0.011,0,0,0,0,p
2026-04-16 10:42,0.948,0.011,0,0,0,0,p
2026-04-16 10:48,0.981,0.008,0,0,0,0,p
2026-04-16 10:54,1.012,0.01,0,0,0,0,p
2026-04-16 11:00,1.043,0.008,0,0,0,0,p
2026-04-16 11:06,1.07,0.009,0,0,0,0,p
2026-04-16 11:12,1.099,0.008,0,0,0,0,p
2026-04-16 11:18,1.126,0.008,0,0,0,0,p
2026-04-16 11:24,1.153,0.008,0,0,0,0,p
2026-04-16 11:30,1.178,0.008,0,0,0,0,p
2026-04-16 11:36,1.203,0.007,0,0,0,0,p
2026-04-16 11:42,1.224,0.006,0,0,0,0,p
2026-04-16 11:48,1.246,0.007,0,0,0,0,p
2026-04-16 11:54,1.267,0.006,0,0,0,0,p
2026-04-16 12:00,1.286,0.005,0,0,0,0,p
2026-04-16 12:06,1.304,0.005,0,0,0,0,p
2026-04-16 12:12,1.321,0.005,1,0,0,0,p
2026-04-16 12:18,1.336,0.006,1,0,0,0,p
2026-04-16 12:24,1.349,0.004,0,0,0,0,p
2026-04-16 12:30,1.361,0.006,1,0,0,0,p
2026-04-16 12:36,1.374,0.006,1,0,0,0,p
2026-04-16 12:42,1.386,0.004,0,0,0,0,p
2026-04-16 12:48,1.396,0.004,0,0,0,0,p
2026-04-16 12:54,1.406,0.003,1,0,0,0,p
2026-04-16 13:00,1.415,0.003,1,0,0,0,p
2026-04-16 13:06,1.423,0.002,1,0,0,0,p
2026-04-16 13:12,1.427,0.002,1,0,0,0,p
2026-04-16 13:18,1.432,0.001,1,0,0,0,p
2026-04-16 13:24,1.436,0.002,1,0,0,0,p
2026-04-16 13:30,1.446,0.005,0,0,0,0,p
2026-04-16 13:36,1.443,0.015,0,0,0,0,p
2026-04-16 13:42,1.418,0.015,0,0,0,0,p
2026-04-16 13:48,1.432,0.011,0,0,0,0,p
2026-04-16 13:54,1.427,0.009,0,0,0,0,p
2026-04-16 14:00,1.426,0.009,0,0,0,0,p
2026-04-16 14:06,1.42,0.004,1,0,0,0,p
2026-04-16 14:12,1.398,0.007,1,0,0,0,p
2026-04-16 14:18,1.382,0.006,0,0,0,0,p
2026-04-16 14:24,1.362,0.006,0,0,0,0,p
2026-04-16 14:30,1.342,0.007,0,0,0,0,p
2026-04-16 14:36,1.32,0.007,0,0,0,0,p
2026-04-16 14:42,1.294,0.009,0,0,0,0,p
2026-04-16 14:48,1.264,0.008,0,0,0,0,p
2026-04-16 14:54,1.235,0.01,0,0,0,0,p
2026-04-16 15:00,1.204,0.01,0,0,0,0,p
2026-04-16 15:06,1.172,0.01,0,0,0,0,p
2026-04-16 15:12,1.138,0.011,0,0,0,0,p
2026-04-16 15:18,1.101,0.013,0,0,0,0,p
2026-04-16 15:24,1.065,0.011,0,0,0,0,p
2026-04-16 15:30,1.033,0.01,0,0,0,0,p
2026-04-16 15:36,0.997,0.012,0,0,0,0,p
2026-04-16 15:42,0.961,0.012,0,0,0,0,p
2026-04-16 15:48,0.926,0.012,0,0,0,0,p
2026-04-16 15:54,0.89,0.012,0,0,0,0,p
2026-04-16 16:00,0.854,0.011,0,0,0,0,p
2026-04-16 16:06,0.819,0.011,0,0,0,0,p
2026-04-16 16:12,0.785,0.011,1,0,0,0,p
2026-04-16 16:18,0.753,0.012,1,0,0,0,p
2026-04-16 16:24,0.72,0.011,0,0,0,0,p
2026-04-16 16:30,0.689,0.011,0,0,0,0,p
2026-04-16 16:36,0.657,0.009,0,0,0,0,p
2026-04-16 16:42,0.629,0.009,0,0,0,0,p
2026-04-16 16:48,0.602,0.01,0,0,0,0,p
2026-04-16 16:54,0.573,0.01,0,0,0,0,p
2026-04-16 17:00,0.546,0.008,0,0,0,0,p
2026-04-16 17:06,0.521,0.01,0,0,0,0,p
2026-04-16 17:12,0.495,0.01,0,0,0,0,p
2026-04-16 17:18,0.47,0.008,0,0,0,0,p
2026-04-16 17:24,0.446,0.008,0,0,0,0,p
2026-04-16 17:30,0.422,0.009,0,0,0,0,p
2026-04-16 17:36,0.397,0.009,1,0,0,0,p
2026-04-16 17:42,0.37,0.009,1,0,0,0,p
2026-04-16 17:48,0.345,0.01,0,0,0,0,p
2026-04-16 17:54,0.319,0.009,0,0,0,0,p
2026-04-16 18:00,0.292,0.009,0,0,0,0,p
2026-04-16 18:06,0.268,0.008,1,0,0,0,p
2026-04-16 18:12,0.244,0.007,0,0,0,0,p
2026-04-16 18:18,0.22,0.009,0,0,0,0,p
2026-04-16 18:24,0.197,0.008,0,0,0,0,p
2026-04-16 18:30,0.175,0.009,1,0,0,0,p
2026-04-16 18:36,0.153,0.009,0,0,0,0,p
2026-04-16 18:42,0.13,0.007,0,0,0,0,p
2026-04-16 18:48,0.109,0.007,0,0,0,0,p
2026-04-16 18:54,0.088,0.007,0,0,0,0,p
2026-04-16 19:00,0.069,0.007,1,0,0,0,p
2026-04-16 19:06,0.05,0.005,1,0,0,0,p
2026-04-16 19:12,0.032,0.005,0,0,0,0,p
2026-04-16 19:18,0.015,0.006,0,0,0,0,p
2026-04-16 19:24,-0.002,0.004,0,0,0,0,p
2026-04-16 19:30,-0.014,0.005,1,0,0,0,p
2026-04-16 19:36,-0.026,0.005,1,0,0,0,p
2026-04-16 19:42,-0.037,0.005,0,0,0,0,p
2026-04-16 19:48,-0.044,0.003,1,0,0,0,p
2026-04-16 19:54,-0.048,0.003,1,0,0,0,p
2026-04-16 20:00,-0.048,0.003,0,0,0,0,p
2026-04-16 20:06,-0.045,0.003,1,0,0,0,p
2026-04-16 20:12,-0.037,0.007,1,0,0,0,p
2026-04-16 20:18,-0.025,0.014,1,0,0,0,p
2026-04-16 20:24,-0.001,0.011,1,0,0,0,p
2026-04-16 20:30,0.023,0.01,0,0,0,0,p
2026-04-16 20:36,0.047,0.009,0,0,0,0,p
2026-04-16 20:42,0.086,0.018,0,0,0,0,p
2026-04-16 20:48,0.117,0.014,0,0,0,0,p
2026-04-16 20:54,0.176,0.012,0,0,0,0,p
2026-04-16 21:00,0.207,0.024,0,0,0,0,p
2026-04-16 21:06,0.269,0.012,0,0,0,0,p
2026-04-16 21:12,0.314,0.019,0,0,0,0,p
2026-04-16 21:18,0.379,0.017,0,0,0,0,p
2026-04-16 21:24,0.428,0.018,0,0,0,0,p
2026-04-16 21:30,0.488,0.012,0,0,0,0,p
2026-04-16 21:36,0.545,0.022,0,0,0,0,p
2026-04-16 21:42,0.594,0.014,0,0,0,0,p
2026-04-16 21:48,0.645,0.016,0,0,0,0,p
2026-04-16 21:54,0.692,0.014,0,0,0,0,p
2026-04-16 22:00,0.742,0.015,0,0,0,0,p
2026-04-16 22:06,0.793,0.013,0,0,0,0,p
2026-04-16 22:12,0.835,0.014,0,0,0,0,p
2026-04-16 22:18,0.878,0.012,0,0,0,0,p
2026-04-16 22:24,0.916,0.012,0,0,0,0,p
2026-04-16 22:30,0.956,0.012,0,0,0,0,p
2026-04-16 22:36,0.998,0.012,0,0,0,0,p
2026-04-16 22:42,1.033,0.012,0,0,0,0,p
2026-04-16 22:48,1.068,0.009,0,0,0,0,p
2026-04-16 22:54,1.099,0.011,0,0,0,0,p
2026-04-16 23:00,1.133,0.01,0,0,0,0,p
2026-04-16 23:06,1.165,0.01,0,0,0,0,p
2026-04-16 23:12,1.196,0.011,0,0,0,0,p
2026-04-16 23:18,1.224,0.008,0,0,0,0,p
2026-04-16 23:24,1.249,0.008,0,0,0,0,p
2026-04-16 23:30,1.273,0.007,0,0,0,0,p
2026-04-16 23:36,1.299,0.008,0,0,0,0,p
2026-04-16 23:42,1.323,0.007,0,0,0,0,p
2026-04-16 23:48,1.345,0.007,0,0,0,0,p
2026-04-16 23:54,1.366,0.006,0,0,0,0,p
2026-04-17 0:00,1.385,0.006,0,0,0,0,p
2026-04-17 0:06,1.403,0.006,0,0,0,0,p
2026-04-17 0:12,1.421,0.006,0,0,0,0,p
2026-04-17 0:18,1.44,0.006,0,0,0,0,p
2026-04-17 0:24,1.458,0.005,0,0,0,0,p
2026-04-17 0:30,1.475,0.005,0,0,0,0,p
2026-04-17 0:36,1.491,0.005,0,0,0,0,p
2026-04-17 0:42,1.507,0.004,0,0,0,0,p
2026-04-17 0:48,1.52,0.004,0,0,0,0,p
2026-04-17 0:54,1.533,0.004,0,0,0,0,p
2026-04-17 1:00,1.547,0.004,0,0,0,0,p
2026-04-17 1:06,1.558,0.004,0,0,0,0,p
2026-04-17 1:12,1.568,0.003,0,0,0,0,p
2026-04-17 1:18,1.576,0.003,0,0,0,0,p
2026-04-17 1:24,1.584,0.003,0,0,0,0,p
2026-04-17 1:30,1.591,0.003,0,0,0,0,p
2026-04-17 1:36,1.596,0.002,1,0,0,0,p
2026-04-17 1:42,1.6,0.002,1,0,0,0,p
2026-04-17 1:48,1.603,0.002,1,0,0,0,p
2026-04-17 1:54,1.606,0.002,1,0,0,0,p
2026-04-17 2:00,1.608,0.002,1,0,0,0,p
2026-04-17 2:06,1.608,0.002,1,0,0,0,p
2026-04-17 2:12,1.606,0.002,1,0,0,0,p
2026-04-17 2:18,1.601,0.002,1,0,0,0,p
2026-04-17 2:24,1.595,0.003,1,0,0,0,p
2026-04-17 2:30,1.585,0.003,0,0,0,0,p
2026-04-17 2:36,1.573,0.004,0,0,0,0,p
2026-04-17 2:42,1.559,0.006,0,0,0,0,p
2026-04-17 2:48,1.541,0.007,0,0,0,0,p
2026-04-17 2:54,1.52,0.006,0,0,0,0,p
2026-04-17 3:00,1.499,0.007,0,0,0,0,p
2026-04-17 3:06,1.477,0.007,0,0,0,0,p
2026-04-17 3:12,1.453,0.008,0,0,0,0,p
2026-04-17 3:18,1.427,0.008,0,0,0,0,p
2026-04-17 3:24,1.4,0.008,0,0,0,0,p
2026-04-17 3:30,1.372,0.009,0,0,0,0,p
2026-04-17 3:36,1.342,0.01,0,0,0,0,p
2026-04-17 3:42,1.309,0.01,0,0,0,0,p
2026-04-17 3:48,1.275,0.011,0,0,0,0,p
2026-04-17 3:54,1.239,0.011,0,0,0,0,p
2026-04-17 4:00,1.205,0.011,0,0,0,0,p
2026-04-17 4:06,1.171,0.011,0,0,0,0,p
2026-04-17 4:12,1.137,0.01,0,0,0,0,p
2026-04-17 4:18,1.101,0.011,0,0,0,0,p
2026-04-17 4:24,1.066,0.011,0,0,0,0,p
2026-04-17 4:30,1.032,0.01,0,0,0,0,p
2026-04-17 4:36,0.998,0.011,0,0,0,0,p
2026-04-17 4:42,0.964,0.009,0,0,0,0,p
2026-04-17 4:48,0.933,0.01,0,0,0,0,p
2026-04-17 4:54,0.902,0.01,0,0,0,0,p
2026-04-17 5:00,0.869,0.01,0,0,0,0,p
2026-04-17 5:06,0.836,0.011,0,0,0,0,p
2026-04-17 5:12,0.806,0.009,0,0,0,0,p
2026-04-17 5:18,0.775,0.011,0,0,0,0,p
2026-04-17 5:24,0.746,0.009,0,0,0,0,p
2026-04-17 5:30,0.715,0.01,0,0,0,0,p
2026-04-17 5:36,0.686,0.009,0,0,0,0,p
2026-04-17 5:42,0.658,0.009,0,0,0,0,p
2026-04-17 5:48,0.631,0.009,0,0,0,0,p
2026-04-17 5:54,0.604,0.009,0,0,0,0,p
2026-04-17 6:00,0.577,0.009,0,0,0,0,p
2026-04-17 6:06,0.55,0.009,0,0,0,0,p
2026-04-17 6:12,0.525,0.008,0,0,0,0,p
2026-04-17 6:18,0.497,0.01,0,0,0,0,p
2026-04-17 6:24,0.47,0.008,0,0,0,0,p
2026-04-17 6:30,0.446,0.008,0,0,0,0,p
2026-04-17 6:36,0.42,0.008,0,0,0,0,p
2026-04-17 6:42,0.394,0.009,0,0,0,0,p
2026-04-17 6:48,0.369,0.009,0,0,0,0,p
2026-04-17 6:54,0.344,0.009,0,0,0,0,p
2026-04-17 7:00,0.317,0.009,0,0,0,0,p
2026-04-17 7:06,0.293,0.008,0,0,0,0,p
2026-04-17 7:12,0.268,0.009,0,0,0,0,p
2026-04-17 7:18,0.244,0.008,0,0,0,0,p
2026-04-17 7:24,0.218,0.009,0,0,0,0,p
2026-04-17 7:30,0.195,0.006,0,0,0,0,p
2026-04-17 7:36,0.171,0.008,0,0,0,0,p
2026-04-17 7:42,0.151,0.007,0,0,0,0,p
2026-04-17 7:48,0.129,0.007,0,0,0,0,p
2026-04-17 7:54,0.11,0.006,0,0,0,0,p
2026-04-17 8:00,0.09,0.006,0,0,0,0,p
2026-04-17 8:06,0.072,0.006,1,0,0,0,p
2026-04-17 8:12,0.056,0.005,0,0,0,0,p
2026-04-17 8:18,0.04,0.005,0,0,0,0,p
2026-04-17 8:24,0.025,0.005,0,0,0,0,p
2026-04-17 8:30,0.009,0.005,0,0,0,0,p
2026-04-17 8:36,-0.004,0.004,0,0,0,0,p
2026-04-17 8:42,-0.014,0.003,0,0,0,0,p
2026-04-17 8:48,-0.021,0.003,0,0,0,0,p
2026-04-17 8:54,-0.026,0.002,1,0,0,0,p
2026-04-17 9:00,-0.026,0.002,1,0,0,0,p
2026-04-17 9:06,-0.024,0.003,1,0,0,0,p
2026-04-17 9:12,-0.014,0.004,1,0,0,0,p
2026-04-17 9:18,0.001,0.006,0,0,0,0,p
2026-04-17 9:24,0.033,0.015,0,0,0,0,p
2026-04-17 9:30,0.087,0.015,0,0,0,0,p
2026-04-17 9:36,0.075,0.009,0,0,0,0,p
2026-04-17 9:42,0.093,0.02,0,0,0,0,p
2026-04-17 9:48,0.145,0.02,0,0,0,0,p
2026-04-17 9:54,0.191,0.019,0,0,0,0,p
2026-04-17 10:00,0.255,0.02,0,0,0,0,p
2026-04-17 10:06,0.312,0.022,0,0,0,0,p
2026-04-17 10:12,0.371,0.013,0,0,0,0,p
2026-04-17 10:18,0.412,0.018,0,0,0,0,p
2026-04-17 10:24,0.465,0.014,0,0,0,0,p
2026-04-17 10:30,0.525,0.023,0,0,0,0,p
2026-04-17 10:36,0.583,0.014,0,0,0,0,p
2026-04-17 10:42,0.633,0.017,0,0,0,0,p
2026-04-17 10:48,0.682,0.014,0,0,0,0,p
2026-04-17 10:54,0.732,0.017,0,0,0,0,p
2026-04-17 11:00,0.776,0.013,0,0,0,0,p
2026-04-17 11:06,0.819,0.013,0,0,0,0,p
2026-04-17 11:12,0.858,0.012,0,0,0,0,p
2026-04-17 11:18,0.899,0.013,0,0,0,0,p
2026-04-17 11:24,0.936,0.01,0,0,0,0,p
2026-04-17 11:30,0.973,0.011,0,0,0,0,p
2026-04-17 11:36,1.01,0.011,0,0,0,0,p
2026-04-17 11:42,1.045,0.01,0,0,0,0,p
2026-04-17 11:48,1.078,0.01,0,0,0,0,p
2026-04-17 11:54,1.109,0.009,0,0,0,0,p
2026-04-17 12:00,1.136,0.008,0,0,0,0,p
2026-04-17 12:06,1.161,0.007,0,0,0,0,p
2026-04-17 12:12,1.185,0.009,1,0,0,0,p
2026-04-17 12:18,1.208,0.007,0,0,0,0,p
2026-04-17 12:24,1.231,0.008,1,0,0,0,p
2026-04-17 12:30,1.253,0.007,1,0,0,0,p
2026-04-17 12:36,1.275,0.007,0,0,0,0,p
2026-04-17 12:42,1.294,0.005,0,0,0,0,p
2026-04-17 12:48,1.312,0.005,0,0,0,0,p
2026-04-17 12:54,1.328,0.005,0,0,0,0,p
2026-04-17 13:00,1.344,0.004,0,0,0,0,p
2026-04-17 13:06,1.358,0.004,0,0,0,0,p
2026-04-17 13:12,1.372,0.004,0,0,0,0,p
2026-04-17 13:18,1.384,0.004,1,0,0,0,p
2026-04-17 13:24,1.396,0.004,0,0,0,0,p
2026-04-17 13:30,1.406,0.003,0,0,0,0,p
2026-04-17 13:36,1.415,0.003,1,0,0,0,p
2026-04-17 13:42,1.423,0.003,1,0,0,0,p
2026-04-17 13:48,1.426,0.003,1,0,0,0,p
2026-04-17 13:54,1.433,0.002,1,0,0,0,p
2026-04-17 14:00,1.439,0.002,1,0,0,0,p
2026-04-17 14:06,1.443,0.002,1,0,0,0,p
2026-04-17 14:12,1.445,0.002,1,0,0,0,p
2026-04-17 14:18,1.447,0.001,1,0,0,0,p
2026-04-17 14:24,1.446,0.001,1,0,0,0,p
2026-04-17 14:30,1.444,0.002,1,0,0,0,p
2026-04-17 14:36,1.438,0.003,0,0,0,0,p
2026-04-17 14:42,1.431,0.003,0,0,0,0,p
2026-04-17 14:48,1.42,0.005,0,0,0,0,p
2026-04-17 14:54,1.406,0.004,0,0,0,0,p
2026-04-17 15:00,1.39,0.008,0,0,0,0,p
2026-04-17 15:06,1.372,0.007,0,0,0,0,p
2026-04-17 15:12,1.35,0.006,0,0,0,0,p
2026-04-17 15:18,1.327,0.011,0,0,0,0,p
2026-04-17 15:24,1.301,0.008,0,0,0,0,p
2026-04-17 15:30,1.271,0.008,0,0,0,0,p
2026-04-17 15:36,1.243,0.008,0,0,0,0,p
2026-04-17 15:42,1.212,0.01,0,0,0,0,p
2026-04-17 15:48,1.178,0.011,0,0,0,0,p
2026-04-17 15:54,1.142,0.011,0,0,0,0,p
2026-04-17 16:00,1.107,0.011,0,0,0,0,p
2026-04-17 16:06,1.068,0.011,0,0,0,0,p
2026-04-17 16:12,1.03,0.011,0,0,0,0,p
2026-04-17 16:18,0.994,0.013,0,0,0,0,p
2026-04-17 16:24,0.957,0.011,0,0,0,0,p
2026-04-17 16:30,0.926,0.01,0,0,0,0,p
2026-04-17 16:36,0.892,0.011,0,0,0,0,p
2026-04-17 16:42,0.856,0.01,0,0,0,0,p
2026-04-17 16:48,0.823,0.01,0,0,0,0,p
2026-04-17 16:54,0.79,0.01,0,0,0,0,p
2026-04-17 17:00,0.757,0.01,0,0,0,0,p
2026-04-17 17:06,0.725,0.01,0,0,0,0,p
2026-04-17 17:12,0.692,0.01,0,0,0,0,p
2026-04-17 17:18,0.661,0.009,0,0,0,0,p
2026-04-17 17:24,0.631,0.009,0,0,0,0,p
2026-04-17 17:30,0.603,0.009,0,0,0,0,p
2026-04-17 17:36,0.576,0.008,0,0,0,0,p
2026-04-17 17:42,0.549,0.008,0,0,0,0,p
2026-04-17 17:48,0.521,0.009,0,0,0,0,p
2026-04-17 17:54,0.494,0.009,0,0,0,0,p
2026-04-17 18:00,0.464,0.01,0,0,0,0,p
2026-04-17 18:06,0.436,0.009,0,0,0,0,p
2026-04-17 18:12,0.41,0.009,0,0,0,0,p
2026-04-17 18:18,0.382,0.009,0,0,0,0,p
2026-04-17 18:24,0.354,0.009,0,0,0,0,p
2026-04-17 18:30,0.324,0.009,0,0,0,0,p
2026-04-17 18:36,0.296,0.008,0,0,0,0,p
2026-04-17 18:42,0.27,0.008,0,0,0,0,p
2026-04-17 18:48,0.246,0.008,0,0,0,0,p
2026-04-17 18:54,0.219,0.009,0,0,0,0,p
2026-04-17 19:00,0.192,0.007,0,0,0,0,p
2026-04-17 19:06,0.169,0.008,0,0,0,0,p
2026-04-17 19:12,0.146,0.007,0,0,0,0,p
2026-04-17 19:18,0.125,0.008,0,0,0,0,p
2026-04-17 19:24,0.102,0.006,1,0,0,0,p
2026-04-17 19:30,0.08,0.008,0,0,0,0,p
2026-04-17 19:36,0.058,0.006,1,0,0,0,p
2026-04-17 19:42,0.036,0.007,0,0,0,0,p
2026-04-17 19:48,0.014,0.007,0,0,0,0,p
2026-04-17 19:54,-0.008,0.007,0,0,0,0,p
2026-04-17 20:00,-0.027,0.006,0,0,0,0,p
2026-04-17 20:06,-0.046,0.006,0,0,0,0,p
2026-04-17 20:12,-0.064,0.005,1,0,0,0,p
2026-04-17 20:18,-0.081,0.004,0,0,0,0,p
2026-04-17 20:24,-0.093,0.003,1,0,0,0,p
2026-04-17 20:30,-0.084,0.009,0,0,0,0,p
2026-04-17 20:36,-0.109,0.031,0,0,0,0,p
2026-04-17 20:42,-0.133,0.019,0,0,0,0,p
2026-04-17 20:48,-0.136,0.007,0,0,0,0,p
2026-04-17 20:54,-0.133,0.004,0,0,0,0,p
2026-04-17 21:00,-0.131,0.005,1,0,0,0,p
2026-04-17 21:06,-0.114,0.009,0,0,0,0,p
2026-04-17 21:12,-0.1,0.011,0,0,0,0,p
2026-04-17 21:18,-0.073,0.008,0,0,0,0,p
2026-04-17 21:24,-0.049,0.01,0,0,0,0,p
2026-04-17 21:30,-0.004,0.014,0,0,0,0,p
2026-04-17 21:36,0.041,0.016,0,0,0,0,p
2026-04-17 21:42,0.093,0.015,0,0,0,0,p
2026-04-17 21:48,0.146,0.019,0,0,0,0,p
2026-04-17 21:54,0.202,0.017,0,0,0,0,p
2026-04-17 22:00,0.261,0.02,0,0,0,0,p
2026-04-17 22:06,0.324,0.019,0,0,0,0,p
2026-04-17 22:12,0.388,0.019,0,0,0,0,p
2026-04-17 22:18,0.451,0.02,0,0,0,0,p
2026-04-17 22:24,0.512,0.018,0,0,0,0,p
2026-04-17 22:30,0.571,0.018,0,0,0,0,p
2026-04-17 22:36,0.627,0.017,0,0,0,0,p
2026-04-17 22:42,0.681,0.017,0,0,0,0,p
2026-04-17 22:48,0.735,0.016,0,0,0,0,p
2026-04-17 22:54,0.785,0.015,0,0,0,0,p
2026-04-17 23:00,0.833,0.014,0,0,0,0,p
2026-04-17 23:06,0.877,0.013,0,0,0,0,p
2026-04-17 23:12,0.92,0.013,0,0,0,0,p
2026-04-17 23:18,0.961,0.013,0,0,0,0,p
2026-04-17 23:24,1.002,0.012,0,0,0,0,p
2026-04-17 23:30,1.04,0.011,0,0,0,0,p
2026-04-17 23:36,1.077,0.011,0,0,0,0,p
2026-04-17 23:42,1.113,0.011,0,0,0,0,p
2026-04-17 23:48,1.148,0.011,0,0,0,0,p
2026-04-17 23:54,1.181,0.009,0,0,0,0,p
2026-04-18 0:00,1.214,0.01,0,0,0,0,p
2026-04-18 0:06,1.247,0.01,0,0,0,0,p
2026-04-18 0:12,1.277,0.008,0,0,0,0,p
2026-04-18 0:18,1.302,0.007,0,0,0,0,p
2026-04-18 0:24,1.326,0.007,0,0,0,0,p
2026-04-18 0:30,1.35,0.007,0,0,0,0,p
2026-04-18 0:36,1.373,0.007,0,0,0,0,p
2026-04-18 0:42,1.396,0.007,0,0,0,0,p
2026-04-18 0:48,1.419,0.007,0,0,0,0,p
2026-04-18 0:54,1.44,0.006,0,0,0,0,p
2026-04-18 1:00,1.461,0.006,0,0,0,0,p
2026-04-18 1:06,1.483,0.006,0,0,0,0,p
2026-04-18 1:12,1.504,0.006,0,0,0,0,p
2026-04-18 1:18,1.522,0.005,0,0,0,0,p
2026-04-18 1:24,1.54,0.005,0,0,0,0,p
2026-04-18 1:30,1.557,0.005,0,0,0,0,p
2026-04-18 1:36,1.573,0.004,0,0,0,0,p
2026-04-18 1:42,1.588,0.005,0,0,0,0,p
2026-04-18 1:48,1.602,0.004,0,0,0,0,p
2026-04-18 1:54,1.615,0.004,0,0,0,0,p
2026-04-18 2:00,1.626,0.003,0,0,0,0,p
2026-04-18 2:06,1.636,0.003,0,0,0,0,p
2026-04-18 2:12,1.645,0.003,0,0,0,0,p
2026-04-18 2:18,1.654,0.002,0,0,0,0,p
2026-04-18 2:24,1.661,0.002,0,0,0,0,p
2026-04-18 2:30,1.667,0.002,1,0,0,0,p
2026-04-18 2:36,1.673,0.002,1,0,0,0,p
2026-04-18 2:42,1.676,0.001,0,0,0,0,p
2026-04-18 2:48,1.678,0.001,1,0,0,0,p
2026-04-18 2:54,1.679,0.001,0,0,0,0,p
2026-04-18 3:00,1.676,0.001,1,0,0,0,p
2026-04-18 3:06,1.672,0.002,0,0,0,0,p
2026-04-18 3:12,1.665,0.002,0,0,0,0,p
2026-04-18 3:18,1.656,0.002,0,0,0,0,p
2026-04-18 3:24,1.646,0.004,0,0,0,0,p
2026-04-18 3:30,1.63,0.005,0,0,0,0,p
2026-04-18 3:36,1.613,0.006,0,0,0,0,p
2026-04-18 3:42,1.592,0.007,0,0,0,0,p
2026-04-18 3:48,1.569,0.007,0,0,0,0,p
2026-04-18 3:54,1.546,0.007,0,0,0,0,p
2026-04-18 4:00,1.522,0.008,0,0,0,0,p
2026-04-18 4:06,1.494,0.008,0,0,0,0,p
2026-04-18 4:12,1.466,0.009,0,0,0,0,p
2026-04-18 4:18,1.436,0.009,0,0,0,0,p
2026-04-18 4:24,1.406,0.009,0,0,0,0,p
2026-04-18 4:30,1.373,0.011,0,0,0,0,p
2026-04-18 4:36,1.338,0.011,0,0,0,0,p
2026-04-18 4:42,1.303,0.011,0,0,0,0,p
2026-04-18 4:48,1.269,0.01,0,0,0,0,p
2026-04-18 4:54,1.236,0.014,0,0,0,0,p
2026-04-18 5:00,1.2,0.011,0,0,0,0,p
2026-04-18 5:06,1.165,0.015,0,0,0,0,p
2026-04-18 5:12,1.125,0.005,0,0,0,0,p
2026-04-18 5:18,1.096,0.017,0,0,0,0,p
2026-04-18 5:24,1.06,0.006,0,0,0,0,p
2026-04-18 5:30,1.031,0.017,0,0,0,0,p
2026-04-18 5:36,0.994,0.003,1,0,0,0,p
2026-04-18 5:42,0.961,0.015,0,0,0,0,p
2026-04-18 5:48,0.93,0.014,0,0,0,0,p
2026-04-18 5:54,0.897,0.008,0,0,0,0,p
2026-04-18 6:00,0.868,0.011,0,0,0,0,p
2026-04-18 6:06,0.83,0.007,0,0,0,0,p
2026-04-18 6:12,0.801,0.014,0,0,0,0,p
2026-04-18 6:18,0.771,0.009,0,0,0,0,p
2026-04-18 6:24,0.735,0.008,0,0,0,0,p
2026-04-18 6:30,0.713,0.005,0,0,0,0,p
2026-04-18 6:36,0.682,0.011,0,0,0,0,p
2026-04-18 6:42,0.652,0.008,0,0,0,0,p
2026-04-18 6:48,0.624,0.006,0,0,0,0,p
2026-04-18 6:54,0.594,0.01,0,0,0,0,p
2026-04-18 7:00,0.569,0.007,0,0,0,0,p
2026-04-18 7:06,0.544,0.008,0,0,0,0,p
2026-04-18 7:12,0.517,0.007,0,0,0,0,p
2026-04-18 7:18,0.492,0.009,0,0,0,0,p
2026-04-18 7:24,0.465,0.007,0,0,0,0,p
2026-04-18 7:30,0.439,0.009,0,0,0,0,p
2026-04-18 7:36,0.411,0.008,0,0,0,0,p
2026-04-18 7:42,0.387,0.007,0,0,0,0,p
2026-04-18 7:48,0.36,0.007,0,0,0,0,p
2026-04-18 7:54,0.335,0.008,0,0,0,0,p
2026-04-18 8:00,0.311,0.006,0,0,0,0,p
2026-04-18 8:06,0.286,0.007,0,0,0,0,p
2026-04-18 8:12,0.262,0.008,0,0,0,0,p
2026-04-18 8:18,0.236,0.008,0,0,0,0,p
2026-04-18 8:24,0.212,0.006,0,0,0,0,p
2026-04-18 8:30,0.192,0.006,0,0,0,0,p
2026-04-18 8:36,0.171,0.005,0,0,0,0,p
2026-04-18 8:42,0.15,0.007,0,0,0,0,p
2026-04-18 8:48,0.131,0.006,0,0,0,0,p
2026-04-18 8:54,0.113,0.005,0,0,0,0,p
2026-04-18 9:00,0.096,0.005,0,0,0,0,p
2026-04-18 9:06,0.079,0.005,0,0,0,0,p
2026-04-18 9:12,0.062,0.005,0,0,0,0,p
2026-04-18 9:18,0.047,0.004,0,0,0,0,p
2026-04-18 9:24,0.037,0.003,0,0,0,0,p
2026-04-18 9:30,0.033,0.003,1,0,0,0,p
2026-04-18 9:36,0.039,0.009,1,0,0,0,p
2026-04-18 9:42,0.031,0.003,0,0,0,0,p
2026-04-18 9:48,0.015,0.007,0,0,0,0,p
2026-04-18 9:54,0.031,0.004,0,0,0,0,p
2026-04-18 10:00,0.034,0.007,0,0,0,0,p
2026-04-18 10:06,0.057,0.008,0,0,0,0,p
2026-04-18 10:12,0.078,0.008,0,0,0,0,p
2026-04-18 10:18,0.119,0.014,0,0,0,0,p
2026-04-18 10:24,0.152,0.011,0,0,0,0,p
2026-04-18 10:30,0.196,0.012,0,0,0,0,p
2026-04-18 10:36,0.24,0.016,0,0,0,0,p
2026-04-18 10:42,0.294,0.016,0,0,0,0,p
2026-04-18 10:48,0.346,0.017,0,0,0,0,p
2026-04-18 10:54,0.403,0.018,0,0,0,0,p
2026-04-18 11:00,0.46,0.018,0,0,0,0,p
2026-04-18 11:06,0.52,0.018,0,0,0,0,p
2026-04-18 11:12,0.578,0.018,0,0,0,0,p
2026-04-18 11:18,0.635,0.017,0,0,0,0,p
2026-04-18 11:24,0.69,0.016,0,0,0,0,p
2026-04-18 11:30,0.742,0.015,0,0,0,0,p
2026-04-18 11:36,0.79,0.015,0,0,0,0,p
2026-04-18 11:42,0.835,0.013,0,0,0,0,p
2026-04-18 11:48,0.879,0.013,0,0,0,0,p
2026-04-18 11:54,0.922,0.013,0,0,0,0,p
2026-04-18 12:00,0.964,0.012,0,0,0,0,p
2026-04-18 12:06,1.004,0.012,0,0,0,0,p
2026-04-18 12:12,1.042,0.011,0,0,0,0,p
2026-04-18 12:18,1.078,0.01,0,0,0,0,p
2026-04-18 12:24,1.112,0.01,0,0,0,0,p
2026-04-18 12:30,1.145,0.009,0,0,0,0,p
2026-04-18 12:36,1.174,0.008,0,0,0,0,p
2026-04-18 12:42,1.199,0.007,0,0,0,0,p
2026-04-18 12:48,1.221,0.007,0,0,0,0,p
2026-04-18 12:54,1.243,0.007,0,0,0,0,p
2026-04-18 13:00,1.266,0.006,0,0,0,0,p
2026-04-18 13:06,1.287,0.006,0,0,0,0,p
2026-04-18 13:12,1.308,0.006,0,0,0,0,p
2026-04-18 13:18,1.327,0.006,1,0,0,0,p
2026-04-18 13:24,1.345,0.006,0,0,0,0,p
2026-04-18 13:30,1.363,0.006,0,0,0,0,p
2026-04-18 13:36,1.38,0.005,0,0,0,0,p
2026-04-18 13:42,1.397,0.005,0,0,0,0,p
2026-04-18 13:48,1.411,0.004,1,0,0,0,p
2026-04-18 13:54,1.425,0.004,1,0,0,0,p
2026-04-18 14:00,1.438,0.004,0,0,0,0,p
2026-04-18 14:06,1.45,0.004,1,0,0,0,p
2026-04-18 14:12,1.462,0.003,0,0,0,0,p
2026-04-18 14:18,1.473,0.003,0,0,0,0,p
2026-04-18 14:24,1.481,0.003,1,0,0,0,p
2026-04-18 14:30,1.487,0.002,1,0,0,0,p
2026-04-18 14:36,1.492,0.002,1,0,0,0,p
2026-04-18 14:42,1.497,0.002,1,0,0,0,p
2026-04-18 14:48,1.5,0.003,1,0,0,0,p
2026-04-18 14:54,1.503,0.002,1,0,0,0,p
2026-04-18 15:00,1.503,0.001,1,0,0,0,p
2026-04-18 15:06,1.503,0.002,1,0,0,0,p
2026-04-18 15:12,1.5,0.003,0,0,0,0,p
2026-04-18 15:18,1.494,0.002,0,0,0,0,p
2026-04-18 15:24,1.488,0.003,0,0,0,0,p
2026-04-18 15:30,1.479,0.003,0,0,0,0,p
2026-04-18 15:36,1.465,0.005,0,0,0,0,p
2026-04-18 15:42,1.45,0.005,0,0,0,0,p
2026-04-18 15:48,1.432,0.006,1,0,0,0,p
2026-04-18 15:54,1.413,0.007,0,0,0,0,p
2026-04-18 16:00,1.393,0.008,1,0,0,0,p
2026-04-18 16:06,1.369,0.009,1,0,0,0,p
2026-04-18 16:12,1.346,0.008,1,0,0,0,p
2026-04-18 16:18,1.318,0.008,1,0,0,0,p
2026-04-18 16:24,1.292,0.008,0,0,0,0,p
2026-04-18 16:30,1.262,0.01,0,0,0,0,p
2026-04-18 16:36,1.231,0.011,0,0,0,0,p
2026-04-18 16:42,1.198,0.011,0,0,0,0,p
2026-04-18 16:48,1.165,0.011,0,0,0,0,p
2026-04-18 16:54,1.132,0.011,0,0,0,0,p
2026-04-18 17:00,1.097,0.012,0,0,0,0,p
2026-04-18 17:06,1.061,0.012,0,0,0,0,p
2026-04-18 17:12,1.028,0.011,0,0,0,0,p
2026-04-18 17:18,0.989,0.012,0,0,0,0,p
2026-04-18 17:24,0.955,0.01,0,0,0,0,p
2026-04-18 17:30,0.921,0.012,0,0,0,0,p
2026-04-18 17:36,0.887,0.011,0,0,0,0,p
2026-04-18 17:42,0.852,0.012,0,0,0,0,p
2026-04-18 17:48,0.818,0.011,0,0,0,0,p
2026-04-18 17:54,0.786,0.011,0,0,0,0,p
2026-04-18 18:00,0.755,0.011,0,0,0,0,p
2026-04-18 18:06,0.725,0.01,0,0,0,0,p
2026-04-18 18:12,0.694,0.009,0,0,0,0,p
2026-04-18 18:18,0.667,0.013,0,0,0,0,p
2026-04-18 18:24,0.636,0.012,0,0,0,0,p
2026-04-18 18:30,0.61,0.012,0,0,0,0,p
2026-04-18 18:36,0.579,0.009,0,0,0,0,p
2026-04-18 18:42,0.557,0.012,0,0,0,0,p
2026-04-18 18:48,0.529,0.007,0,0,0,0,p
2026-04-18 18:54,0.504,0.011,1,0,0,0,p
2026-04-18 19:00,0.472,0.013,0,0,0,0,p
2026-04-18 19:06,0.454,0.009,0,0,0,0,p
2026-04-18 19:12,0.426,0.007,0,0,0,0,p
2026-04-18 19:18,0.4,0.011,0,0,0,0,p
2026-04-18 19:24,0.377,0.009,0,0,0,0,p
2026-04-18 19:30,0.352,0.008,1,0,0,0,p
2026-04-18 19:36,0.324,0.01,1,0,0,0,p
2026-04-18 19:42,0.297,0.011,0,0,0,0,p
2026-04-18 19:48,0.271,0.011,1,0,0,0,p
2026-04-18 19:54,0.252,0.009,1,0,0,0,p
2026-04-18 20:00,0.23,0.009,1,0,0,0,p
2026-04-18 20:06,0.209,0.01,0,0,0,0,p
2026-04-18 20:12,0.185,0.009,0,0,0,0,p
2026-04-18 20:18,0.163,0.009,0,0,0,0,p
2026-04-18 20:24,0.136,0.012,0,0,0,0,p
2026-04-18 20:30,0.116,0.012,0,0,0,0,p
2026-04-18 20:36,0.098,0.009,1,0,0,0,p
2026-04-18 20:42,0.081,0.009,1,0,0,0,p
2026-04-18 20:48,0.063,0.009,0,0,0,0,p
2026-04-18 20:54,0.047,0.008,1,0,0,0,p
2026-04-18 21:00,0.031,0.008,1,0,0,0,p
2026-04-18 21:06,0.016,0.007,1,0,0,0,p
2026-04-18 21:12,0.005,0.007,1,0,0,0,p
2026-04-18 21:18,-0.003,0.007,1,0,0,0,p
2026-04-18 21:24,-0.01,0.007,1,0,0,0,p
2026-04-18 21:30,-0.014,0.007,1,0,0,0,p
2026-04-18 21:36,-0.012,0.006,0,0,0,0,p
2026-04-18 21:42,-0.007,0.005,1,0,0,0,p
2026-04-18 21:48,0.002,0.007,0,0,0,0,p
2026-04-18 21:54,0.017,0.006,0,0,0,0,p
2026-04-18 22:00,0.036,0.008,0,0,0,0,p
2026-04-18 22:06,0.062,0.011,0,0,0,0,p
2026-04-18 22:12,0.093,0.011,0,0,0,0,p
2026-04-18 22:18,0.132,0.014,0,0,0,0,p
2026-04-18 22:24,0.172,0.014,0,0,0,0,p
2026-04-18 22:30,0.22,0.016,0,0,0,0,p
2026-04-18 22:36,0.271,0.018,0,0,0,0,p
2026-04-18 22:42,0.328,0.018,0,0,0,0,p
2026-04-18 22:48,0.387,0.02,0,0,0,0,p
2026-04-18 22:54,0.449,0.02,0,0,0,0,p
2026-04-18 23:00,0.512,0.02,0,0,0,0,p
2026-04-18 23:06,0.573,0.018,0,0,0,0,p
2026-04-18 23:12,0.632,0.019,0,0,0,0,p
2026-04-18 23:18,0.69,0.018,0,0,0,0,p
2026-04-18 23:24,0.746,0.017,0,0,0,0,p
2026-04-18 23:30,0.802,0.017,0,0,0,0,p
2026-04-18 23:36,0.854,0.016,0,0,0,0,p
2026-04-18 23:42,0.904,0.015,0,0,0,0,p
2026-04-18 23:48,0.952,0.014,0,0,0,0,p
2026-04-18 23:54,0.997,0.014,0,0,0,0,p
2026-04-19 0:00,1.041,0.013,0,0,0,0,p
2026-04-19 0:06,1.082,0.012,0,0,0,0,p
2026-04-19 0:12,1.12,0.012,0,0,0,0,p
2026-04-19 0:18,1.157,0.011,0,0,0,0,p
2026-04-19 0:24,1.193,0.01,0,0,0,0,p
2026-04-19 0:30,1.226,0.01,0,0,0,0,p
2026-04-19 0:36,1.258,0.009,0,0,0,0,p
2026-04-19 0:42,1.288,0.009,0,0,0,0,p
2026-04-19 0:48,1.318,0.008,0,0,0,0,p
2026-04-19 0:54,1.344,0.009,0,0,0,0,p
2026-04-19 1:00,1.372,0.008,0,0,0,0,p
2026-04-19 1:06,1.397,0.007,0,0,0,0,p
2026-04-19 1:12,1.421,0.007,0,0,0,0,p
2026-04-19 1:18,1.446,0.007,0,0,0,0,p
2026-04-19 1:24,1.47,0.007,0,0,0,0,p
2026-04-19 1:30,1.494,0.007,0,0,0,0,p
2026-04-19 1:36,1.517,0.007,0,0,0,0,p
2026-04-19 1:42,1.539,0.006,0,0,0,0,p
2026-04-19 1:48,1.56,0.006,0,0,0,0,p
2026-04-19 1:54,1.582,0.007,0,0,0,0,p
2026-04-19 2:00,1.604,0.007,0,0,0,0,p
2026-04-19 2:06,1.624,0.006,0,0,0,0,p
2026-04-19 2:12,1.643,0.005,0,0,0,0,p
2026-04-19 2:18,1.661,0.005,0,0,0,0,p
2026-04-19 2:24,1.679,0.005,0,0,0,0,p
2026-04-19 2:30,1.697,0.005,0,0,0,0,p
2026-04-19 2:36,1.713,0.005,0,0,0,0,p
2026-04-19 2:42,1.728,0.004,0,0,0,0,p
2026-04-19 2:48,1.739,0.003,0,0,0,0,p
2026-04-19 2:54,1.75,0.003,0,0,0,0,p
2026-04-19 3:00,1.762,0.003,0,0,0,0,p
2026-04-19 3:06,1.773,0.003,0,0,0,0,p
2026-04-19 3:12,1.782,0.003,0,0,0,0,p
2026-04-19 3:18,1.789,0.002,1,0,0,0,p
2026-04-19 3:24,1.795,0.001,1,0,0,0,p
2026-04-19 3:30,1.799,0.001,0,0,0,0,p
2026-04-19 3:36,1.801,0.002,0,0,0,0,p
2026-04-19 3:42,1.804,0.001,1,0,0,0,p
2026-04-19 3:48,1.803,0.001,1,0,0,0,p
2026-04-19 3:54,1.8,0.002,0,0,0,0,p
2026-04-19 4:00,1.794,0.003,1,0,0,0,p
2026-04-19 4:06,1.784,0.003,0,0,0,0,p
2026-04-19 4:12,1.772,0.004,0,0,0,0,p
2026-04-19 4:18,1.758,0.005,0,0,0,0,p
2026-04-19 4:24,1.739,0.006,0,0,0,0,p
2026-04-19 4:30,1.717,0.007,0,0,0,0,p
2026-04-19 4:36,1.693,0.008,0,0,0,0,p
2026-04-19 4:42,1.667,0.008,0,0,0,0,p
2026-04-19 4:48,1.642,0.008,0,0,0,0,p
2026-04-19 4:54,1.614,0.009,0,0,0,0,p
2026-04-19 5:00,1.585,0.009,0,0,0,0,p
2026-04-19 5:06,1.555,0.009,0,0,0,0,p
2026-04-19 5:12,1.524,0.009,0,0,0,0,p
2026-04-19 5:18,1.493,0.011,0,0,0,0,p
2026-04-19 5:24,1.459,0.011,0,0,0,0,p
2026-04-19 5:30,1.424,0.01,0,0,0,0,p
2026-04-19 5:36,1.389,0.011,0,0,0,0,p
2026-04-19 5:42,1.354,0.011,0,0,0,0,p
2026-04-19 5:48,1.318,0.011,0,0,0,0,p
2026-04-19 5:54,1.285,0.01,0,0,0,0,p
2026-04-19 6:00,1.253,0.01,0,0,0,0,p
2026-04-19 6:06,1.221,0.01,0,0,0,0,p
2026-04-19 6:12,1.187,0.011,0,0,0,0,p
2026-04-19 6:18,1.153,0.011,0,0,0,0,p
2026-04-19 6:24,1.12,0.009,0,0,0,0,p
2026-04-19 6:30,1.087,0.01,0,0,0,0,p
2026-04-19 6:36,1.054,0.01,0,0,0,0,p
2026-04-19 6:42,1.024,0.009,0,0,0,0,p
2026-04-19 6:48,0.993,0.01,0,0,0,0,p
2026-04-19 6:54,0.964,0.01,0,0,0,0,p
2026-04-19 7:00,0.932,0.011,0,0,0,0,p
2026-04-19 7:06,0.899,0.01,0,0,0,0,p
2026-04-19 7:12,0.869,0.01,0,0,0,0,p
2026-04-19 7:18,0.837,0.01,0,0,0,0,p
2026-04-19 7:24,0.803,0.011,0,0,0,0,p
2026-04-19 7:30,0.773,0.009,0,0,0,0,p
2026-04-19 7:36,0.745,0.008,1,0,0,0,p
2026-04-19 7:42,0.717,0.009,0,0,0,0,p
2026-04-19 7:48,0.688,0.009,0,0,0,0,p
2026-04-19 7:54,0.66,0.01,0,0,0,0,p
2026-04-19 8:00,0.631,0.009,0,0,0,0,p
2026-04-19 8:06,0.605,0.009,0,0,0,0,p
2026-04-19 8:12,0.579,0.009,0,0,0,0,p
2026-04-19 8:18,0.551,0.011,1,0,0,0,p
2026-04-19 8:24,0.522,0.009,1,0,0,0,p
2026-04-19 8:30,0.498,0.009,1,0,0,0,p
2026-04-19 8:36,0.473,0.009,1,0,0,0,p
2026-04-19 8:42,0.445,0.009,0,0,0,0,p
2026-04-19 8:48,0.42,0.008,0,0,0,0,p
2026-04-19 8:54,0.396,0.009,0,0,0,0,p
2026-04-19 9:00,0.373,0.008,1,0,0,0,p
2026-04-19 9:06,0.348,0.009,0,0,0,0,p
2026-04-19 9:12,0.327,0.007,0,0,0,0,p
2026-04-19 9:18,0.304,0.008,0,0,0,0,p
2026-04-19 9:24,0.282,0.008,0,0,0,0,p
2026-04-19 9:30,0.261,0.009,0,0,0,0,p
2026-04-19 9:36,0.239,0.009,0,0,0,0,p
2026-04-19 9:42,0.221,0.008,1,0,0,0,p
2026-04-19 9:48,0.205,0.007,1,0,0,0,p
2026-04-19 9:54,0.188,0.008,1,0,0,0,p
2026-04-19 10:00,0.17,0.008,0,0,0,0,p
2026-04-19 10:06,0.154,0.006,0,0,0,0,p
2026-04-19 10:12,0.145,0.006,1,0,0,0,p
2026-04-19 10:18,0.137,0.007,1,0,0,0,p
2026-04-19 10:24,0.131,0.006,1,0,0,0,p
2026-04-19 10:30,0.129,0.007,1,0,0,0,p
2026-04-19 10:36,0.13,0.006,0,0,0,0,p
2026-04-19 10:42,0.135,0.008,1,0,0,0,p
2026-04-19 10:48,0.146,0.008,1,0,0,0,p
2026-04-19 10:54,0.161,0.01,0,0,0,0,p
2026-04-19 11:00,0.182,0.011,0,0,0,0,p
2026-04-19 11:06,0.209,0.013,0,0,0,0,p
2026-04-19 11:12,0.243,0.013,1,0,0,0,p
2026-04-19 11:18,0.283,0.016,1,0,0,0,p
2026-04-19 11:24,0.325,0.015,0,0,0,0,p
2026-04-19 11:30,0.372,0.016,0,0,0,0,p
2026-04-19 11:36,0.421,0.016,0,0,0,0,p
2026-04-19 11:42,0.474,0.017,0,0,0,0,p
2026-04-19 11:48,0.528,0.018,0,0,0,0,p
2026-04-19 11:54,0.586,0.018,0,0,0,0,p
2026-04-19 12:00,0.643,0.018,0,0,0,0,p
2026-04-19 12:06,0.697,0.017,0,0,0,0,p
2026-04-19 12:12,0.749,0.016,0,0,0,0,p
2026-04-19 12:18,0.8,0.015,0,0,0,0,p
2026-04-19 12:24,0.847,0.014,0,0,0,0,p
2026-04-19 12:30,0.892,0.013,0,0,0,0,p
2026-04-19 12:36,0.935,0.013,0,0,0,0,p
2026-04-19 12:42,0.975,0.012,0,0,0,0,p
2026-04-19 12:48,1.012,0.011,0,0,0,0,p
2026-04-19 12:54,1.046,0.01,0,0,0,0,p
2026-04-19 13:00,1.078,0.01,0,0,0,0,p
2026-04-19 13:06,1.109,0.009,0,0,0,0,p
2026-04-19 13:12,1.139,0.009,0,0,0,0,p
2026-04-19 13:18,1.168,0.009,0,0,0,0,p
2026-04-19 13:24,1.196,0.009,0,0,0,0,p
2026-04-19 13:30,1.221,0.007,0,0,0,0,p
2026-04-19 13:36,1.243,0.007,0,0,0,0,p
2026-04-19 13:42,1.264,0.006,0,0,0,0,p
2026-04-19 13:48,1.284,0.006,0,0,0,0,p
2026-04-19 13:54,1.302,0.006,0,0,0,0,p
2026-04-19 14:00,1.319,0.004,0,0,0,0,p
2026-04-19 14:06,1.335,0.005,0,0,0,0,p
2026-04-19 14:12,1.35,0.005,0,0,0,0,p
2026-04-19 14:18,1.365,0.005,0,0,0,0,p
2026-04-19 14:24,1.38,0.005,0,0,0,0,p
2026-04-19 14:30,1.395,0.005,1,0,0,0,p
2026-04-19 14:36,1.409,0.004,0,0,0,0,p
2026-04-19 14:42,1.421,0.003,0,0,0,0,p
2026-04-19 14:48,1.43,0.002,0,0,0,0,p
2026-04-19 14:54,1.437,0.003,0,0,0,0,p
2026-04-19 15:00,1.445,0.002,0,0,0,0,p
2026-04-19 15:06,1.452,0.003,0,0,0,0,p
2026-04-19 15:12,1.459,0.002,1,0,0,0,p
2026-04-19 15:18,1.464,0.002,1,0,0,0,p
2026-04-19 15:24,1.468,0.002,1,0,0,0,p
2026-04-19 15:30,1.471,0.001,1,0,0,0,p
2026-04-19 15:36,1.472,0.007,1,0,0,0,p
2026-04-19 15:42,1.473,0.003,1,0,0,0,p
2026-04-19 15:48,1.474,0.002,1,0,0,0,p
2026-04-19 15:54,1.472,0.004,1,0,0,0,p
2026-04-19 16:00,1.468,0.004,1,0,0,0,p
2026-04-19 16:06,1.462,0.004,1,0,0,0,p
2026-04-19 16:12,1.453,0.004,1,0,0,0,p
2026-04-19 16:18,1.442,0.005,0,0,0,0,p
2026-04-19 16:24,1.43,0.004,1,0,0,0,p
2026-04-19 16:30,1.414,0.007,0,0,0,0,p
2026-04-19 16:36,1.397,0.005,1,0,0,0,p
2026-04-19 16:42,1.378,0.008,0,0,0,0,p
2026-04-19 16:48,1.356,0.01,0,0,0,0,p
2026-04-19 16:54,1.33,0.008,0,0,0,0,p
2026-04-19 17:00,1.308,0.008,1,0,0,0,p
2026-04-19 17:06,1.282,0.01,0,0,0,0,p
2026-04-19 17:12,1.249,0.012,0,0,0,0,p
2026-04-19 17:18,1.217,0.011,1,0,0,0,p
2026-04-19 17:24,1.188,0.012,1,0,0,0,p
2026-04-19 17:30,1.154,0.013,0,0,0,0,p
2026-04-19 17:36,1.112,0.015,0,0,0,0,p
2026-04-19 17:42,1.076,0.011,0,0,0,0,p
2026-04-19 17:48,1.041,0.014,0,0,0,0,p
2026-04-19 17:54,1.004,0.013,0,0,0,0,p
2026-04-19 18:00,0.969,0.012,0,0,0,0,p
2026-04-19 18:06,0.93,0.015,0,0,0,0,p
2026-04-19 18:12,0.887,0.015,0,0,0,0,p
2026-04-19 18:18,0.848,0.011,0,0,0,0,p
2026-04-19 18:24,0.817,0.012,1,0,0,0,p
2026-04-19 18:30,0.78,0.014,1,0,0,0,p
2026-04-19 18:36,0.747,0.014,0,0,0,0,p
2026-04-19 18:42,0.709,0.013,0,0,0,0,p
2026-04-19 18:48,0.67,0.013,0,0,0,0,p
2026-04-19 18:54,0.641,0.011,0,0,0,0,p
2026-04-19 19:00,0.608,0.01,1,0,0,0,p
2026-04-19 19:06,0.579,0.012,0,0,0,0,p
2026-04-19 19:12,0.545,0.012,0,0,0,0,p
2026-04-19 19:18,0.516,0.012,1,0,0,0,p
2026-04-19 19:24,0.485,0.013,1,0,0,0,p
2026-04-19 19:30,0.454,0.012,0,0,0,0,p
2026-04-19 19:36,0.423,0.011,0,0,0,0,p
2026-04-19 19:42,0.396,0.011,1,0,0,0,p
2026-04-19 19:48,0.365,0.014,0,0,0,0,p
2026-04-19 19:54,0.332,0.011,1,0,0,0,p
2026-04-19 20:00,0.307,0.011,0,0,0,0,p
2026-04-19 20:06,0.276,0.012,0,0,0,0,p
2026-04-19 20:12,0.25,0.011,1,0,0,0,p
2026-04-19 20:18,0.221,0.011,1,0,0,0,p
2026-04-19 20:24,0.192,0.013,0,0,0,0,p
2026-04-19 20:30,0.164,0.011,1,0,0,0,p
2026-04-19 20:36,0.138,0.011,0,0,0,0,p
2026-04-19 20:42,0.108,0.012,1,0,0,0,p
2026-04-19 20:48,0.079,0.012,1,0,0,0,p
2026-04-19 20:54,0.053,0.012,1,0,0,0,p
2026-04-19 21:00,0.024,0.011,0,0,0,0,p
2026-04-19 21:06,0,0.009,0,0,0,0,p
2026-04-19 21:12,-0.023,0.009,1,0,0,0,p
2026-04-19 21:18,-0.048,0.01,1,0,0,0,p
2026-04-19 21:24,-0.072,0.009,1,0,0,0,p
2026-04-19 21:30,-0.094,0.008,1,0,0,0,p
2026-04-19 21:36,-0.119,0.011,0,0,0,0,p
2026-04-19 21:42,-0.145,0.012,1,0,0,0,p
2026-04-19 21:48,-0.168,0.009,1,0,0,0,p
2026-04-19 21:54,-0.188,0.01,0,0,0,0,p
2026-04-19 22:00,-0.211,0.01,0,0,0,0,p
2026-04-19 22:06,-0.229,0.007,1,0,0,0,p
2026-04-19 22:12,-0.243,0.008,1,0,0,0,p
2026-04-19 22:18,-0.259,0.008,0,0,0,0,p
2026-04-19 22:24,-0.27,0.006,1,0,0,0,p
2026-04-19 22:30,-0.277,0.005,1,0,0,0,p
2026-04-19 22:36,-0.28,0.005,1,0,0,0,p
2026-04-19 22:42,-0.273,0.003,1,0,0,0,p
2026-04-19 22:48,-0.274,0.002,1,0,0,0,p
2026-04-19 22:54,-0.269,0.008,1,0,0,0,p
2026-04-19 23:00,-0.268,0.017,0,0,0,0,p
2026-04-19 23:06,-0.271,0.007,1,0,0,0,p
2026-04-19 23:12,-0.256,0.012,0,0,0,0,p
2026-04-19 23:18,-0.215,0.011,0,0,0,0,p
2026-04-19 23:24,-0.178,0.016,0,0,0,0,p
2026-04-19 23:30,-0.123,0.018,0,0,0,0,p
2026-04-19 23:36,-0.061,0.017,0,0,0,0,p
2026-04-19 23:42,0.009,0.022,0,0,0,0,p
2026-04-19 23:48,0.073,0.023,0,0,0,0,p
2026-04-19 23:54,0.149,0.022,0,0,0,0,p
2026-04-20 0:00,0.217,0.023,0,0,0,0,p
2026-04-20 0:06,0.287,0.022,0,0,0,0,p
2026-04-20 0:12,0.359,0.022,0,0,0,0,p
2026-04-20 0:18,0.432,0.023,0,0,0,0,p
2026-04-20 0:24,0.506,0.022,0,0,0,0,p
2026-04-20 0:30,0.575,0.02,0,0,0,0,p
2026-04-20 0:36,0.635,0.017,0,0,0,0,p
2026-04-20 0:42,0.69,0.016,0,0,0,0,p
2026-04-20 0:48,0.742,0.015,0,0,0,0,p
2026-04-20 0:54,0.794,0.016,0,0,0,0,p
2026-04-20 1:00,0.846,0.016,0,0,0,0,p
2026-04-20 1:06,0.897,0.015,0,0,0,0,p
2026-04-20 1:12,0.947,0.015,0,0,0,0,p
2026-04-20 1:18,0.994,0.014,0,0,0,0,p
2026-04-20 1:24,1.041,0.014,0,0,0,0,p
2026-04-20 1:30,1.087,0.014,0,0,0,0,p
2026-04-20 1:36,1.132,0.013,0,0,0,0,p
2026-04-20 1:42,1.174,0.013,0,0,0,0,p
2026-04-20 1:48,1.212,0.01,0,0,0,0,p
2026-04-20 1:54,1.247,0.011,0,0,0,0,p
2026-04-20 2:00,1.281,0.011,0,0,0,0,p
2026-04-20 2:06,1.318,0.012,0,0,0,0,p
2026-04-20 2:12,1.35,0.009,0,0,0,0,p
2026-04-20 2:18,1.378,0.011,0,0,0,0,p
2026-04-20 2:24,1.404,0.005,0,0,0,0,p
2026-04-20 2:30,1.437,0.011,0,0,0,0,p
2026-04-20 2:36,1.457,0.01,0,0,0,0,p
2026-04-20 2:42,1.493,0.005,1,0,0,0,p
2026-04-20 2:48,1.51,0.011,0,0,0,0,p
2026-04-20 2:54,1.536,0.005,0,0,0,0,p
2026-04-20 3:00,1.555,0.006,0,0,0,0,p
2026-04-20 3:06,1.579,0.006,0,0,0,0,p
2026-04-20 3:12,1.596,0.004,0,0,0,0,p
2026-04-20 3:18,1.617,0.006,0,0,0,0,p
2026-04-20 3:24,1.636,0.006,0,0,0,0,p
2026-04-20 3:30,1.653,0.004,0,0,0,0,p
2026-04-20 3:36,1.668,0.005,0,0,0,0,p
2026-04-20 3:42,1.682,0.003,0,0,0,0,p
2026-04-20 3:48,1.697,0.005,0,0,0,0,p
2026-04-20 3:54,1.708,0.002,0,0,0,0,p
2026-04-20 4:00,1.719,0.004,0,0,0,0,p
2026-04-20 4:06,1.728,0.002,0,0,0,0,p
2026-04-20 4:12,1.733,0.001,0,0,0,0,p
2026-04-20 4:18,1.737,0.001,1,0,0,0,p
2026-04-20 4:24,1.738,0.001,1,0,0,0,p
2026-04-20 4:30,1.738,0.001,1,0,0,0,p
2026-04-20 4:36,1.738,0.001,1,0,0,0,p
2026-04-20 4:42,1.735,0.001,1,0,0,0,p
2026-04-20 4:48,1.727,0.003,0,0,0,0,p
2026-04-20 4:54,1.715,0.004,0,0,0,0,p
2026-04-20 5:00,1.699,0.006,0,0,0,0,p
2026-04-20 5:06,1.681,0.006,0,0,0,0,p
2026-04-20 5:12,1.659,0.007,1,0,0,0,p
2026-04-20 5:18,1.634,0.008,1,0,0,0,p
2026-04-20 5:24,1.608,0.008,1,0,0,0,p
2026-04-20 5:30,1.582,0.008,0,0,0,0,p
2026-04-20 5:36,1.559,0.009,0,0,0,0,p
2026-04-20 5:42,1.531,0.008,0,0,0,0,p
2026-04-20 5:48,1.501,0.01,0,0,0,0,p
2026-04-20 5:54,1.47,0.01,0,0,0,0,p
2026-04-20 6:00,1.442,0.009,0,0,0,0,p
2026-04-20 6:06,1.41,0.01,0,0,0,0,p
2026-04-20 6:12,1.377,0.009,0,0,0,0,p
2026-04-20 6:18,1.344,0.011,0,0,0,0,p
2026-04-20 6:24,1.31,0.01,0,0,0,0,p
2026-04-20 6:30,1.275,0.011,0,0,0,0,p
2026-04-20 6:36,1.239,0.01,0,0,0,0,p
2026-04-20 6:42,1.205,0.01,0,0,0,0,p
2026-04-20 6:48,1.171,0.01,0,0,0,0,p
2026-04-20 6:54,1.14,0.01,0,0,0,0,p
2026-04-20 7:00,1.106,0.01,0,0,0,0,p
2026-04-20 7:06,1.072,0.01,0,0,0,0,p
2026-04-20 7:12,1.039,0.009,0,0,0,0,p
2026-04-20 7:18,1.01,0.009,0,0,0,0,p
2026-04-20 7:24,0.979,0.009,0,0,0,0,p
2026-04-20 7:30,0.948,0.01,0,0,0,0,p
2026-04-20 7:36,0.917,0.008,0,0,0,0,p
2026-04-20 7:42,0.889,0.009,0,0,0,0,p
2026-04-20 7:48,0.86,0.008,0,0,0,0,p
2026-04-20 7:54,0.831,0.009,0,0,0,0,p
2026-04-20 8:00,0.802,0.008,0,0,0,0,p
2026-04-20 8:06,0.773,0.009,0,0,0,0,p
2026-04-20 8:12,0.745,0.008,0,0,0,0,p
2026-04-20 8:18,0.719,0.007,0,0,0,0,p
2026-04-20 8:24,0.693,0.008,0,0,0,0,p
2026-04-20 8:30,0.665,0.009,0,0,0,0,p
2026-04-20 8:36,0.638,0.008,0,0,0,0,p
2026-04-20 8:42,0.614,0.006,0,0,0,0,p
2026-04-20 8:48,0.59,0.007,0,0,0,0,p
2026-04-20 8:54,0.565,0.007,0,0,0,0,p
2026-04-20 9:00,0.541,0.007,0,0,0,0,p
2026-04-20 9:06,0.515,0.008,0,0,0,0,p
2026-04-20 9:12,0.49,0.007,0,0,0,0,p
2026-04-20 9:18,0.467,0.006,0,0,0,0,p
2026-04-20 9:24,0.443,0.007,0,0,0,0,p
2026-04-20 9:30,0.42,0.006,0,0,0,0,p
2026-04-20 9:36,0.397,0.008,0,0,0,0,p
2026-04-20 9:42,0.373,0.007,0,0,0,0,p
2026-04-20 9:48,0.349,0.007,0,0,0,0,p
2026-04-20 9:54,0.326,0.006,0,0,0,0,p
2026-04-20 10:00,0.304,0.006,0,0,0,0,p
2026-04-20 10:06,0.283,0.006,0,0,0,0,p
2026-04-20 10:12,0.263,0.006,0,0,0,0,p
2026-04-20 10:18,0.243,0.005,0,0,0,0,p
2026-04-20 10:24,0.226,0.005,0,0,0,0,p
2026-04-20 10:30,0.211,0.004,0,0,0,0,p
2026-04-20 10:36,0.198,0.004,0,0,0,0,p
2026-04-20 10:42,0.185,0.004,0,0,0,0,p
2026-04-20 10:48,0.174,0.003,0,0,0,0,p
2026-04-20 10:54,0.165,0.002,1,0,0,0,p
2026-04-20 11:00,0.158,0.002,0,0,0,0,p
2026-04-20 11:06,0.154,0.001,1,0,0,0,p
2026-04-20 11:12,0.152,0.001,1,0,0,0,p
2026-04-20 11:18,0.152,0.001,1,0,0,0,p
2026-04-20 11:24,0.155,0.002,0,0,0,0,p
2026-04-20 11:30,0.163,0.003,0,0,0,0,p
2026-04-20 11:36,0.175,0.005,0,0,0,0,p
2026-04-20 11:42,0.191,0.005,0,0,0,0,p
2026-04-20 11:48,0.212,0.007,0,0,0,0,p
2026-04-20 11:54,0.238,0.008,0,0,0,0,p
2026-04-20 12:00,0.266,0.009,0,0,0,0,p
2026-04-20 12:06,0.298,0.011,0,0,0,0,p
2026-04-20 12:12,0.333,0.01,0,0,0,0,p
2026-04-20 12:18,0.369,0.011,0,0,0,0,p
2026-04-20 12:24,0.407,0.012,0,0,0,0,p
2026-04-20 12:30,0.448,0.012,0,0,0,0,p
2026-04-20 12:36,0.49,0.013,0,0,0,0,p
2026-04-20 12:42,0.534,0.013,0,0,0,0,p
2026-04-20 12:48,0.577,0.013,0,0,0,0,p
2026-04-20 12:54,0.621,0.014,0,0,0,0,p
2026-04-20 13:00,0.667,0.013,0,0,0,0,p
2026-04-20 13:06,0.71,0.012,0,0,0,0,p
2026-04-20 13:12,0.753,0.013,0,0,0,0,p
2026-04-20 13:18,0.796,0.014,0,0,0,0,p
2026-04-20 13:24,0.839,0.015,0,0,0,0,p
2026-04-20 13:30,0.882,0.012,0,0,0,0,p
2026-04-20 13:36,0.921,0.012,0,0,0,0,p
2026-04-20 13:42,0.958,0.012,0,0,0,0,p
2026-04-20 13:48,0.994,0.011,0,0,0,0,p
2026-04-20 13:54,1.028,0.012,0,0,0,0,p
2026-04-20 14:00,1.06,0.01,0,0,0,0,p
2026-04-20 14:06,1.09,0.009,0,0,0,0,p
2026-04-20 14:12,1.119,0.009,0,0,0,0,p
2026-04-20 14:18,1.148,0.009,0,0,0,0,p
2026-04-20 14:24,1.178,0.009,0,0,0,0,p
2026-04-20 14:30,1.207,0.009,0,0,0,0,p
2026-04-20 14:36,1.235,0.008,0,0,0,0,p
2026-04-20 14:42,1.26,0.008,0,0,0,0,p
2026-04-20 14:48,1.283,0.008,1,0,0,0,p
2026-04-20 14:54,1.306,0.007,0,0,0,0,p
2026-04-20 15:00,1.327,0.007,1,0,0,0,p
2026-04-20 15:06,1.347,0.006,0,0,0,0,p
2026-04-20 15:12,1.366,0.006,0,0,0,0,p
2026-04-20 15:18,1.384,0.006,0,0,0,0,p
2026-04-20 15:24,1.401,0.005,0,0,0,0,p
2026-04-20 15:30,1.417,0.005,0,0,0,0,p
2026-04-20 15:36,1.432,0.004,0,0,0,0,p
2026-04-20 15:42,1.447,0.005,0,0,0,0,p
2026-04-20 15:48,1.461,0.005,0,0,0,0,p
2026-04-20 15:54,1.476,0.004,0,0,0,0,p
2026-04-20 16:00,1.488,0.003,1,0,0,0,p
2026-04-20 16:06,1.497,0.004,1,0,0,0,p
2026-04-20 16:12,1.507,0.003,0,0,0,0,p
2026-04-20 16:18,1.513,0.003,1,0,0,0,p
2026-04-20 16:24,1.522,0.003,0,0,0,0,p
2026-04-20 16:30,1.528,0.002,0,0,0,0,p
2026-04-20 16:36,1.533,0.002,1,0,0,0,p
2026-04-20 16:42,1.535,0.001,1,0,0,0,p
2026-04-20 16:48,1.538,0.004,1,0,0,0,p
2026-04-20 16:54,1.541,0.006,1,0,0,0,p
2026-04-20 17:00,1.542,0.005,1,0,0,0,p
2026-04-20 17:06,1.538,0.005,1,0,0,0,p
2026-04-20 17:12,1.536,0.004,1,0,0,0,p
2026-04-20 17:18,1.528,0.003,1,0,0,0,p
2026-04-20 17:24,1.519,0.004,0,0,0,0,p
2026-04-20 17:30,1.505,0.008,0,0,0,0,p
2026-04-20 17:36,1.488,0.007,1,0,0,0,p
2026-04-20 17:42,1.472,0.005,0,0,0,0,p
2026-04-20 17:48,1.455,0.01,1,0,0,0,p
2026-04-20 17:54,1.43,0.008,0,0,0,0,p
2026-04-20 18:00,1.405,0.008,0,0,0,0,p
2026-04-20 18:06,1.379,0.008,0,0,0,0,p
2026-04-20 18:12,1.352,0.008,0,0,0,0,p
2026-04-20 18:18,1.326,0.008,0,0,0,0,p
2026-04-20 18:24,1.294,0.01,1,0,0,0,p
2026-04-20 18:30,1.267,0.008,1,0,0,0,p
2026-04-20 18:36,1.24,0.01,0,0,0,0,p
2026-04-20 18:42,1.206,0.011,0,0,0,0,p
2026-04-20 18:48,1.164,0.014,0,0,0,0,p
2026-04-20 18:54,1.128,0.011,0,0,0,0,p
2026-04-20 19:00,1.094,0.01,0,0,0,0,p
2026-04-20 19:06,1.057,0.012,0,0,0,0,p
2026-04-20 19:12,1.021,0.009,0,0,0,0,p
